ym,District,gutCo,trnfCo,trnfPcnt
202101,강남구,2223,1120,1134
202101,강동구,1542,863,872
202101,강북구,1555,915,925
202101,강서구,1812,1017,1035
202101,관악구,1792,1021,1039
202101,광진구,1098,585,598
202101,구로구,2776,1513,1518
202101,노원구,1738,1031,1045
202101,도봉구,1173,719,722
202101,동대문구,1512,790,793
202101,동작구,999,596,606
202101,마포구,1732,944,951
202101,서대문구,1366,835,853
202101,서초구,1706,904,916
202101,성동구,1110,594,603
202101,성북구,1447,774,782
202101,송파구,1960,1030,1047
202101,양천구,1601,915,921
202101,영등포구,1850,849,857
202101,용산구,984,482,490
202101,은평구,1568,906,915
202101,종로구,1089,513,535
202101,중구,1089,539,547
202101,중랑구,1452,843,847
