no,title,link
1, 인천공항 앞에 '9.81파크' 뜬다…영종도 5성급 리조트와 체류형 관광 시동 ,http://v.daum.net/v/20260805145737004
2," 정전 겪은 영종도 주민들, 한전 배상 방안에 반발…한전 “약관대로 정한 것” ",http://v.daum.net/v/20260806180048155
3, '마약 투약 혐의' 신남성연대 대표 영종도 아파트서 숨진 채 발견 ,http://v.daum.net/v/20260805141512782
4, 인천 영종도∼장봉도 여객선 8월부터 신도 경유 없이 직항 ,http://v.daum.net/v/20260727142438543
5," iH, 인천 영종도 바이오 특화단지 개발계획 변경 착수 ",http://v.daum.net/v/20260731143453207
6," 디에스엠, 영종도 인프라 연계 관광 콘텐츠 확대 추진 ",http://v.daum.net/v/20260805140100244
7, 영종도 해수욕장서 드론 날리면?…'벌금 500만원' ,http://v.daum.net/v/20260802104828472
8, '인천 영종도 정전' 방지할 전력안전망 구축 본격화 ,http://v.daum.net/v/20260807103816059
9, “영종도 곳곳 쓰레기부터 정리… 부족한 종합병원 지을 것” ,http://v.daum.net/v/20260731004611316
10," 신남성연대 배인규 대표, 영종도 자택서 숨진 채 발견 ",http://v.daum.net/v/20260805171802086
11," 배인규 신남성연대 대표, 영종도 자택에서 사망 ",http://v.daum.net/v/20260805152253393
12," 인천공항 품은 영종도, 구청으로 새출발 … 해양레저 도시 대변신 ",http://v.daum.net/v/20260720160307812
13, 인천 영종도 2000호 대규모 정전 ,http://v.daum.net/v/20260713213500515
14, [포토 르포] 신도평화대교 교통체증 해소? 개통 두 번째 주말 영종도 차량 흐름 원활 ,http://v.daum.net/v/20260726110504639
15, ‘폭염 영종도’ 6시간 정전… 89분만에 영종구 안내문자 ,http://v.daum.net/v/20260714170746466
16, 폭염 속 인천 영종도 일대 대규모 정전…승강기 갇힘 사고도 ,http://v.daum.net/v/20260714065609647
17, 영종도 야산서 대마초 20여그루 재배해 흡입한 50대 구속 ,http://v.daum.net/v/20260731134653494
18, 승강기 갇히고 신호등 먹통…찜통 더위 속 영종도 2만5000세대 정전 ,http://v.daum.net/v/20260714091500931
19, 인천 영종도~신도 잇는 신도평화대교... 극심한 정체로 한때 통제 ,http://v.daum.net/v/20260717143209778
20," 인천 영종도 전력 공급 정상화…한전 ""정전 경위 파악 중"" ",http://v.daum.net/v/20260716135251916
