,순위,곡명,곡정보,가수명,가수정보
0,1,LOVE ATTACK,https://www.melon.com/song/detail.htm?songId=37928381,RESCENE (리센느),https://www.melon.com/artist/detail.htm?artistId=3709231
1,2,갑자기,https://www.melon.com/song/detail.htm?songId=602024048,아이오아이 (I.O.I),https://www.melon.com/artist/detail.htm?artistId=960251
2,3,REDRED,https://www.melon.com/song/detail.htm?songId=601807965,CORTIS (코르티스),https://www.melon.com/artist/detail.htm?artistId=4491260
3,4,LEMONADE,https://www.melon.com/song/detail.htm?songId=602115220,aespa,https://www.melon.com/artist/detail.htm?artistId=2899555
4,5,Pretty Girl,https://www.melon.com/song/detail.htm?songId=602450078,RESCENE (리센느),https://www.melon.com/artist/detail.htm?artistId=3709231
5,6,It′s Me,https://www.melon.com/song/detail.htm?songId=601899271,아일릿(ILLIT),https://www.melon.com/artist/detail.htm?artistId=3743525
6,7,Deja Vu,https://www.melon.com/song/detail.htm?songId=39231685,RESCENE (리센느),https://www.melon.com/artist/detail.htm?artistId=3709231
7,8,만찬가,https://www.melon.com/song/detail.htm?songId=602377105,태연 (TAEYEON),https://www.melon.com/artist/detail.htm?artistId=236797
8,9,BAD,https://www.melon.com/song/detail.htm?songId=602322595,ATEEZ(에이티즈),https://www.melon.com/artist/detail.htm?artistId=2398260
9,10,캐치 캐치,https://www.melon.com/song/detail.htm?songId=601479669,YENA (최예나),https://www.melon.com/artist/detail.htm?artistId=2399724
10,11,여름아 부탁해,https://www.melon.com/song/detail.htm?songId=602552833,볼빨간사춘기,https://www.melon.com/artist/detail.htm?artistId=792022
11,12,Drowning,https://www.melon.com/song/detail.htm?songId=36397952,WOODZ,https://www.melon.com/artist/detail.htm?artistId=2086047
12,13,사랑하게 될 거야,https://www.melon.com/song/detail.htm?songId=36730261,한로로,https://www.melon.com/artist/detail.htm?artistId=3080810
13,14,RUDE!,https://www.melon.com/song/detail.htm?songId=601332163,Hearts2Hearts (하츠투하츠),https://www.melon.com/artist/detail.htm?artistId=4096106
14,15,소문의 낙원,https://www.melon.com/song/detail.htm?songId=601719413,AKMU (악뮤),https://www.melon.com/artist/detail.htm?artistId=712452
15,16,Lemon Tang,https://www.melon.com/song/detail.htm?songId=602313594,Hearts2Hearts (하츠투하츠),https://www.melon.com/artist/detail.htm?artistId=4096106
16,17,Good Goodbye,https://www.melon.com/song/detail.htm?songId=600287375,화사 (HWASA),https://www.melon.com/artist/detail.htm?artistId=756531
17,18,0+0,https://www.melon.com/song/detail.htm?songId=39504779,한로로,https://www.melon.com/artist/detail.htm?artistId=3080810
18,19,"기쁨, 슬픔, 아름다운 마음",https://www.melon.com/song/detail.htm?songId=601719416,AKMU (악뮤),https://www.melon.com/artist/detail.htm?artistId=712452
19,20,타임캡슐,https://www.melon.com/song/detail.htm?songId=600299706,다비치,https://www.melon.com/artist/detail.htm?artistId=236815
20,21,생각을 멈추다 보면,https://www.melon.com/song/detail.htm?songId=36985781,최유리,https://www.melon.com/artist/detail.htm?artistId=2645970
21,22,한 페이지가 될 수 있게,https://www.melon.com/song/detail.htm?songId=31927275,DAY6 (데이식스),https://www.melon.com/artist/detail.htm?artistId=894864
22,23,404 (New Era),https://www.melon.com/song/detail.htm?songId=601013499,KiiiKiii (키키),https://www.melon.com/artist/detail.htm?artistId=4099078
23,24,Heavy Serenade,https://www.melon.com/song/detail.htm?songId=601879407,NMIXX,https://www.melon.com/artist/detail.htm?artistId=3070786
24,25,Popcorn,https://www.melon.com/song/detail.htm?songId=37473973,도경수(D.O.),https://www.melon.com/artist/detail.htm?artistId=672853
25,26,BANG BANG,https://www.melon.com/song/detail.htm?songId=601237102,IVE (아이브),https://www.melon.com/artist/detail.htm?artistId=3055146
26,27,"어떻게 이별까지 사랑하겠어, 널 사랑하는 거지",https://www.melon.com/song/detail.htm?songId=32061975,AKMU (악뮤),https://www.melon.com/artist/detail.htm?artistId=712452
27,28,Surfin' Boy,https://www.melon.com/song/detail.htm?songId=602683997,Red Velvet (레드벨벳),https://www.melon.com/artist/detail.htm?artistId=780066
28,29,HAPPY,https://www.melon.com/song/detail.htm?songId=37323944,DAY6 (데이식스),https://www.melon.com/artist/detail.htm?artistId=894864
29,30,어제보다 슬픈 오늘,https://www.melon.com/song/detail.htm?songId=38733032,우디 (Woody),https://www.melon.com/artist/detail.htm?artistId=673033
30,31,Blue Valentine,https://www.melon.com/song/detail.htm?songId=600243411,NMIXX,https://www.melon.com/artist/detail.htm?artistId=3070786
31,32,너의 모든 순간,https://www.melon.com/song/detail.htm?songId=4446485,성시경,https://www.melon.com/artist/detail.htm?artistId=3305
32,33,너에게 닿기를,https://www.melon.com/song/detail.htm?songId=38626852,10CM,https://www.melon.com/artist/detail.htm?artistId=468244
33,34,Less than a Lover,https://www.melon.com/song/detail.htm?songId=602584682,제니 (JENNIE),https://www.melon.com/artist/detail.htm?artistId=995173
34,35,뛰어(JUMP),https://www.melon.com/song/detail.htm?songId=39298775,BLACKPINK,https://www.melon.com/artist/detail.htm?artistId=995169
35,36,SWIM,https://www.melon.com/song/detail.htm?songId=601555642,방탄소년단,https://www.melon.com/artist/detail.htm?artistId=672375
36,37,모르시나요(PROD.로코베리),https://www.melon.com/song/detail.htm?songId=38429074,조째즈,https://www.melon.com/artist/detail.htm?artistId=3186091
37,38,멸종위기사랑,https://www.melon.com/song/detail.htm?songId=39307948,이찬혁,https://www.melon.com/artist/detail.htm?artistId=712453
38,39,소나기,https://www.melon.com/song/detail.htm?songId=37390939,이클립스 (ECLIPSE),https://www.melon.com/artist/detail.htm?artistId=3752136
39,40,Golden,https://www.melon.com/song/detail.htm?songId=39166708,"HUNTR/X, EJAE, AUDREY NUNA, REI AMI, KPop Demon Hunters Cast","https://www.melon.com/artist/detail.htm?artistId=4348386, https://www.melon.com/artist/detail.htm?artistId=1458723, https://www.melon.com/artist/detail.htm?artistId=2736606, https://www.melon.com/artist/detail.htm?artistId=2742895, https://www.melon.com/artist/detail.htm?artistId=4348387"
40,41,내게 사랑이 뭐냐고 물어본다면,https://www.melon.com/song/detail.htm?songId=38104031,로이킴,https://www.melon.com/artist/detail.htm?artistId=699632
41,42,Whiplash,https://www.melon.com/song/detail.htm?songId=38123332,aespa,https://www.melon.com/artist/detail.htm?artistId=2899555
42,43,사랑은 늘 도망가,https://www.melon.com/song/detail.htm?songId=34061322,임영웅,https://www.melon.com/artist/detail.htm?artistId=994944
43,44,toxic till the end,https://www.melon.com/song/detail.htm?songId=38300904,로제 (ROSÉ),https://www.melon.com/artist/detail.htm?artistId=995171
44,45,천상연,https://www.melon.com/song/detail.htm?songId=37228861,이창섭,https://www.melon.com/artist/detail.htm?artistId=672288
45,46,"HOME SWEET HOME (feat. 태양, 대성)",https://www.melon.com/song/detail.htm?songId=38242510,G-DRAGON,https://www.melon.com/artist/detail.htm?artistId=6984
46,47,Seven (feat. Latto) - Clean Ver.,https://www.melon.com/song/detail.htm?songId=36617841,정국,https://www.melon.com/artist/detail.htm?artistId=725987
47,48,청춘만화,https://www.melon.com/song/detail.htm?songId=38071559,이무진,https://www.melon.com/artist/detail.htm?artistId=2138620
48,49,그대만 있다면 (여름날 우리 X 너드커넥션 (Nerd Connection)),https://www.melon.com/song/detail.htm?songId=36699489,너드커넥션 (Nerd Connection),https://www.melon.com/artist/detail.htm?artistId=2243398
49,50,Vitamin ME,https://www.melon.com/song/detail.htm?songId=602540014,프로미스나인,https://www.melon.com/artist/detail.htm?artistId=2019210
50,51,Pop Off Pop Off,https://www.melon.com/song/detail.htm?songId=602732384,KiiiKiii (키키),https://www.melon.com/artist/detail.htm?artistId=4099078
51,52,Dynamite,https://www.melon.com/song/detail.htm?songId=32872978,방탄소년단,https://www.melon.com/artist/detail.htm?artistId=672375
52,53,봄 내음보다 너를,https://www.melon.com/song/detail.htm?songId=33411344,김나영,https://www.melon.com/artist/detail.htm?artistId=735094
53,54,"모든 날, 모든 순간 (Every day, Every Moment)",https://www.melon.com/song/detail.htm?songId=30962526,폴킴,https://www.melon.com/artist/detail.htm?artistId=752425
54,55,첫 만남은 계획대로 되지 않아,https://www.melon.com/song/detail.htm?songId=37140709,TWS (투어스),https://www.melon.com/artist/detail.htm?artistId=3679688
55,56,like JENNIE,https://www.melon.com/song/detail.htm?songId=38629386,제니 (JENNIE),https://www.melon.com/artist/detail.htm?artistId=995173
56,57,그대 작은 나의 세상이 되어,https://www.melon.com/song/detail.htm?songId=33241003,카더가든,https://www.melon.com/artist/detail.htm?artistId=735506
57,58,Runaway,https://www.melon.com/song/detail.htm?songId=601719493,RESCENE (리센느),https://www.melon.com/artist/detail.htm?artistId=3709231
58,59,Hype Boy,https://www.melon.com/song/detail.htm?songId=35454426,NewJeans,https://www.melon.com/artist/detail.htm?artistId=3114174
59,60,주저하는 연인들을 위해,https://www.melon.com/song/detail.htm?songId=31666417,잔나비,https://www.melon.com/artist/detail.htm?artistId=772253
60,61,WDA (Whole Different Animal) (Feat. G-DRAGON),https://www.melon.com/song/detail.htm?songId=601968268,aespa,https://www.melon.com/artist/detail.htm?artistId=2899555
61,62,나는 반딧불,https://www.melon.com/song/detail.htm?songId=38123338,황가람,https://www.melon.com/artist/detail.htm?artistId=716631
62,63,APT.,https://www.melon.com/song/detail.htm?songId=38120327,"로제 (ROSÉ), Bruno Mars","https://www.melon.com/artist/detail.htm?artistId=995171, https://www.melon.com/artist/detail.htm?artistId=495811"
63,64,STYLE,https://www.melon.com/song/detail.htm?songId=39161085,Hearts2Hearts (하츠투하츠),https://www.melon.com/artist/detail.htm?artistId=4096106
64,65,봄날,https://www.melon.com/song/detail.htm?songId=30244931,방탄소년단,https://www.melon.com/artist/detail.htm?artistId=672375
65,66,예뻤어,https://www.melon.com/song/detail.htm?songId=30232719,DAY6 (데이식스),https://www.melon.com/artist/detail.htm?artistId=894864
66,67,입춘,https://www.melon.com/song/detail.htm?songId=34753369,한로로,https://www.melon.com/artist/detail.htm?artistId=3080810
67,68,청혼하지 않을 이유를 못 찾았어,https://www.melon.com/song/detail.htm?songId=37375706,이무진,https://www.melon.com/artist/detail.htm?artistId=2138620
68,69,REBEL HEART,https://www.melon.com/song/detail.htm?songId=38444825,IVE (아이브),https://www.melon.com/artist/detail.htm?artistId=3055146
69,70,Body to Body,https://www.melon.com/song/detail.htm?songId=601555636,방탄소년단,https://www.melon.com/artist/detail.htm?artistId=672375
70,71,사랑인가 봐,https://www.melon.com/song/detail.htm?songId=34657844,멜로망스,https://www.melon.com/artist/detail.htm?artistId=839732
71,72,순간을 영원처럼,https://www.melon.com/song/detail.htm?songId=39765727,임영웅,https://www.melon.com/artist/detail.htm?artistId=994944
72,73,Magnetic,https://www.melon.com/song/detail.htm?songId=37347911,아일릿(ILLIT),https://www.melon.com/artist/detail.htm?artistId=3743525
73,74,Die With A Smile,https://www.melon.com/song/detail.htm?songId=37901626,"Lady Gaga, Bruno Mars","https://www.melon.com/artist/detail.htm?artistId=253688, https://www.melon.com/artist/detail.htm?artistId=495811"
74,75,오늘만 I LOVE YOU,https://www.melon.com/song/detail.htm?songId=38426197,BOYNEXTDOOR,https://www.melon.com/artist/detail.htm?artistId=3458776
75,76,FAMOUS,https://www.melon.com/song/detail.htm?songId=39156202,ALLDAY PROJECT,https://www.melon.com/artist/detail.htm?artistId=4346804
76,77,Welcome to the Show,https://www.melon.com/song/detail.htm?songId=37323943,DAY6 (데이식스),https://www.melon.com/artist/detail.htm?artistId=894864
77,78,Shut The Door,https://www.melon.com/song/detail.htm?songId=602606494,Young K (DAY6),https://www.melon.com/artist/detail.htm?artistId=895389
78,79,Love Love Love (Feat. Yoong Jin Of Casker),https://www.melon.com/song/detail.htm?songId=1556553,에픽하이 (EPIK HIGH),https://www.melon.com/artist/detail.htm?artistId=108356
79,80,우리들의 블루스,https://www.melon.com/song/detail.htm?songId=34908740,임영웅,https://www.melon.com/artist/detail.htm?artistId=994944
80,81,다정히 내 이름을 부르면,https://www.melon.com/song/detail.htm?songId=33496587,"경서예지, 전건호","https://www.melon.com/artist/detail.htm?artistId=2863470, https://www.melon.com/artist/detail.htm?artistId=2739011"
81,82,사랑은 봄비처럼...이별은 겨울비처럼...,https://www.melon.com/song/detail.htm?songId=1121123,임현정,https://www.melon.com/artist/detail.htm?artistId=2010
82,83,헤어지자 말해요,https://www.melon.com/song/detail.htm?songId=36382580,박재정,https://www.melon.com/artist/detail.htm?artistId=738480
83,84,시작의 아이 ❍,https://www.melon.com/song/detail.htm?songId=39566906,"박다혜, 마크툽 (MAKTUB)","https://www.melon.com/artist/detail.htm?artistId=870166, https://www.melon.com/artist/detail.htm?artistId=566431"
84,85,이 밤을 빌려 말해요,https://www.melon.com/song/detail.htm?songId=600791038,PLAVE,https://www.melon.com/artist/detail.htm?artistId=3207401
85,86,BOOMPALA,https://www.melon.com/song/detail.htm?songId=602066108,LE SSERAFIM (르세라핌),https://www.melon.com/artist/detail.htm?artistId=3092950
86,87,Love wins all,https://www.melon.com/song/detail.htm?songId=37145732,아이유,https://www.melon.com/artist/detail.htm?artistId=261143
87,88,Flower,https://www.melon.com/song/detail.htm?songId=38635449,오반(OVAN),https://www.melon.com/artist/detail.htm?artistId=925515
88,89,에피소드,https://www.melon.com/song/detail.htm?songId=37053556,이무진,https://www.melon.com/artist/detail.htm?artistId=2138620
89,90,SPAGHETTI (feat. j-hope of BTS),https://www.melon.com/song/detail.htm?songId=600354699,"LE SSERAFIM (르세라핌), j-hope","https://www.melon.com/artist/detail.htm?artistId=3092950, https://www.melon.com/artist/detail.htm?artistId=725984"
90,91,달리 표현할 수 없어요,https://www.melon.com/song/detail.htm?songId=600359330,로이킴,https://www.melon.com/artist/detail.htm?artistId=699632
91,92,눈을 감아도(2026),https://www.melon.com/song/detail.htm?songId=601379618,순순희(지환),https://www.melon.com/artist/detail.htm?artistId=2136902
92,93,Hooligan,https://www.melon.com/song/detail.htm?songId=601555637,방탄소년단,https://www.melon.com/artist/detail.htm?artistId=672375
93,94,ONE MORE TIME,https://www.melon.com/song/detail.htm?songId=600513208,ALLDAY PROJECT,https://www.melon.com/artist/detail.htm?artistId=4346804
94,95,I AM,https://www.melon.com/song/detail.htm?songId=36356993,IVE (아이브),https://www.melon.com/artist/detail.htm?artistId=3055146
95,96,BLACKHOLE,https://www.melon.com/song/detail.htm?songId=601356371,IVE (아이브),https://www.melon.com/artist/detail.htm?artistId=3055146
96,97,FOCUS,https://www.melon.com/song/detail.htm?songId=600320356,Hearts2Hearts (하츠투하츠),https://www.melon.com/artist/detail.htm?artistId=4096106
97,98,Soda Pop,https://www.melon.com/song/detail.htm?songId=39166705,"KPop Demon Hunters Cast, Danny Chung, Saja Boys, Andrew Choi, Neckwav, Kevin Woo, samUIL Lee","https://www.melon.com/artist/detail.htm?artistId=4348387, https://www.melon.com/artist/detail.htm?artistId=924443, https://www.melon.com/artist/detail.htm?artistId=4348388, https://www.melon.com/artist/detail.htm?artistId=684312, https://www.melon.com/artist/detail.htm?artistId=2740538, https://www.melon.com/artist/detail.htm?artistId=669893, https://www.melon.com/artist/detail.htm?artistId=4348389"
98,99,OVERDRIVE,https://www.melon.com/song/detail.htm?songId=600280518,TWS (투어스),https://www.melon.com/artist/detail.htm?artistId=3679688
99,100,2.0,https://www.melon.com/song/detail.htm?songId=601555640,방탄소년단,https://www.melon.com/artist/detail.htm?artistId=672375
