title,link,thumbnail,sizeheight,sizewidth
네이버 인플루언서 [네이버 인플루언서] 경주 천년숲정원 사계절 여행,https://dthumb-phinf.pstatic.net/?src=%22https://mblogthumb-phinf.pstatic.net/MjAyMzA1MjVfMjc4/MDAxNjg0OTkwNjYxNTk1.e_jOP4ULY1fkXlqJe7rcTbKMS-O35WsNDKwGHY9xpsIg.sYR2nb06AK7wps7QGYsnZL02pHkcFElFgjAhtTmFvTAg.JPEG.eunam0617/20230426%25A3%25DF100816.jpg?type=w800%22&opts=2&twidth=700&theight=700,https://search.pstatic.net/sunny/?type=b150&src=https%3A%2F%2Fdthumb-phinf.pstatic.net%2F%3Fsrc%3D%2522https%3A%2F%2Fmblogthumb-phinf.pstatic.net%2FMjAyMzA1MjVfMjc4%2FMDAxNjg0OTkwNjYxNTk1.e_jOP4ULY1fkXlqJe7rcTbKMS-O35WsNDKwGHY9xpsIg.sYR2nb06AK7wps7QGYsnZL02pHkcFElFgjAhtTmFvTAg.JPEG.eunam0617%2F20230426%2525A3%2525DF100816.jpg%3Ftype%3Dw800%2522%26opts%3D2%26twidth%3D700%26theight%3D700,525,700
"경주 남산 ‘경북천년숲정원', 경북도 지방정원 1호 등록",http://imgnews.naver.net/image/421/2023/04/18/0006754286_001_20230418122701404.jpg,https://search.pstatic.net/common/?type=b150&src=http%3A%2F%2Fimgnews.naver.net%2Fimage%2F421%2F2023%2F04%2F18%2F0006754286_001_20230418122701404.jpg,780,1400
"네이버 인플루언서 [네이버 인플루언서] 숲이 들려주는 이야기, 경주 천년숲정원 & 포항 경상북도수목원",https://dthumb-phinf.pstatic.net/?src=%22https://mblogthumb-phinf.pstatic.net/MjAyNTAzMTlfMjY2/MDAxNzQyMzE1Mzk5MDc3.LATc5OkMUul4ynkULB1uRyb5Ul1t3bkDT9LN4Dwwwbsg.YGUnnBkC_-jumnq-y-bXPGyBuyjLch2KuxCIhRIitm8g.JPEG/image.JPEG?type=w800%22&opts=2&twidth=700&theight=700,https://search.pstatic.net/sunny/?type=b150&src=https%3A%2F%2Fdthumb-phinf.pstatic.net%2F%3Fsrc%3D%2522https%3A%2F%2Fmblogthumb-phinf.pstatic.net%2FMjAyNTAzMTlfMjY2%2FMDAxNzQyMzE1Mzk5MDc3.LATc5OkMUul4ynkULB1uRyb5Ul1t3bkDT9LN4Dwwwbsg.YGUnnBkC_-jumnq-y-bXPGyBuyjLch2KuxCIhRIitm8g.JPEG%2Fimage.JPEG%3Ftype%3Dw800%2522%26opts%3D2%26twidth%3D700%26theight%3D700,467,700
#봄나들이 #오늘클립챌린지 #경주천년숲정원,https://pup-post-phinf.pstatic.net/MjAyNjA0MTVfMjcz/MDAxNzc2MjMzMjk0ODAx.qSUmKwkrdE6s6QTOYxykK8GZoX9p0S0FxQ8iT6qLb_wg.asE2rCycbI3CGrySr-RNKQ3gyjtn1lUKkj5bjxSmI9Qg.JPEG/POST_IMAGE_ENCODING_20260415_150814_449.jpg,https://search.pstatic.net/common/?type=b150&src=https%3A%2F%2Fpup-post-phinf.pstatic.net%2FMjAyNjA0MTVfMjcz%2FMDAxNzc2MjMzMjk0ODAx.qSUmKwkrdE6s6QTOYxykK8GZoX9p0S0FxQ8iT6qLb_wg.asE2rCycbI3CGrySr-RNKQ3gyjtn1lUKkj5bjxSmI9Qg.JPEG%2FPOST_IMAGE_ENCODING_20260415_150814_449.jpg,1920,1440
"지금 가면 단풍 가득한 떠오르는 경주 명소🍁🌿  가을경주여행으로 다녀오기 좋은 경주단풍명소, 경북천년숲정원이에요 ​ 10월 마지막... ",https://pup-post-phinf.pstatic.net/MjAyNTExMDdfMTIz/MDAxNzYyNDQ0MDg5MjI3.xEdxeFas1iVM92_LLhSRR3aSeHOYVU4BHmTSy3oLYOcg.TU1uAoSPW9QSEHpkMKX5tN_wzp3ETHTx2IO9aXgeQA8g.JPEG/25CEED69-3A12-4039-906A-6A0800692893.jpg,https://search.pstatic.net/common/?type=b150&src=https%3A%2F%2Fpup-post-phinf.pstatic.net%2FMjAyNTExMDdfMTIz%2FMDAxNzYyNDQ0MDg5MjI3.xEdxeFas1iVM92_LLhSRR3aSeHOYVU4BHmTSy3oLYOcg.TU1uAoSPW9QSEHpkMKX5tN_wzp3ETHTx2IO9aXgeQA8g.JPEG%2F25CEED69-3A12-4039-906A-6A0800692893.jpg,1440,1080
경주 천년의 숲에서 본 작은 호수 경관 : 작가냥이 - 네이버 OGQ마켓,https://storep-phinf.pstatic.net/ogq-626c92dfc9ddf/img/k26bdlnr.jpg?type=o720_mask,https://search.pstatic.net/sunny/?type=b150&src=https%3A%2F%2Fstorep-phinf.pstatic.net%2Fogq-626c92dfc9ddf%2Fimg%2Fk26bdlnr.jpg%3Ftype%3Do720_mask,540,720
경주 경상북도 천년의 숲 정원 나들이 - 개인자료 - 경주꽃화원 소진플라워 경주 경상북도 천년의 숲 정원 나들이,https://t1.daumcdn.net/cafeattach/199PP/944507279e0b526ef9d123f112ec376d9403ecac,https://search.pstatic.net/sunny/?type=b150&src=https%3A%2F%2Ft1.daumcdn.net%2Fcafeattach%2F199PP%2F944507279e0b526ef9d123f112ec376d9403ecac,1652,2338
경주 천년숲!!!  #오늘여기클립,https://pup-post-phinf.pstatic.net/MjAyNTExMjNfMiAg/MDAxNzYzODcwMDY0MDQy.O4Bw6qsdGXcSuF5dUEy51IrIsOl3SajgtyohzPL7Dz0g.4k7Ur_FQ6KTlc9cHH3RlBiIsN6GKh-iWcPwWPKJYETog.JPEG/POST_IMAGE_ENCODING_20251123_125419_339.jpg,https://search.pstatic.net/common/?type=b150&src=https%3A%2F%2Fpup-post-phinf.pstatic.net%2FMjAyNTExMjNfMiAg%2FMDAxNzYzODcwMDY0MDQy.O4Bw6qsdGXcSuF5dUEy51IrIsOl3SajgtyohzPL7Dz0g.4k7Ur_FQ6KTlc9cHH3RlBiIsN6GKh-iWcPwWPKJYETog.JPEG%2FPOST_IMAGE_ENCODING_20251123_125419_339.jpg,1440,1080
경주 천년숲 정원 - Samsung Members 경주 천년숲 정원,https://r1.community.samsung.com/t5/image/serverpage/image-id/7442294iF7444E6E78529114?v=v2,https://search.pstatic.net/sunny/?type=b150&src=https%3A%2F%2Fr1.community.samsung.com%2Ft5%2Fimage%2Fserverpage%2Fimage-id%2F7442294iF7444E6E78529114%3Fv%3Dv2,2016,1134
천년 고도 경주의 새 핫플 예약 ‘경북천년숲정원’,http://imgnews.naver.net/image/082/2023/05/11/0001211711_001_20230511141601198.jpg,https://search.pstatic.net/common/?type=b150&src=http%3A%2F%2Fimgnews.naver.net%2Fimage%2F082%2F2023%2F05%2F11%2F0001211711_001_20230511141601198.jpg,360,640
#오늘여기클립 #경북천년숲정원#경주놀곳,https://pup-post-phinf.pstatic.net/MjAyNTA5MzBfMjM2/MDAxNzU5MjM1MjI0MjYz.boN5UaZ14MyJle-YB0PlFG7mvTxBUowWs1uHcTn1444g.0s6SSOPe4r-6S3gjr6KaPZc-7md5EOBrmYfpI4xBC-Ug.JPEG/4158EA6D-77B1-4C69-ACD0-5789643F51BA.jpg,https://search.pstatic.net/common/?type=b150&src=https%3A%2F%2Fpup-post-phinf.pstatic.net%2FMjAyNTA5MzBfMjM2%2FMDAxNzU5MjM1MjI0MjYz.boN5UaZ14MyJle-YB0PlFG7mvTxBUowWs1uHcTn1444g.0s6SSOPe4r-6S3gjr6KaPZc-7md5EOBrmYfpI4xBC-Ug.JPEG%2F4158EA6D-77B1-4C69-ACD0-5789643F51BA.jpg,1440,1080
경북 경주에 지방정원 1호 '경북천년숲정원' 개원,http://imgnews.naver.net/image/5358/2023/04/24/0000496015_001_20230424110602462.jpg,https://search.pstatic.net/common/?type=b150&src=http%3A%2F%2Fimgnews.naver.net%2Fimage%2F5358%2F2023%2F04%2F24%2F0000496015_001_20230424110602462.jpg,450,600
#오늘여기클립 #경북천년숲정원 #경주 #경주여행 #경주가볼만한곳 #경주가을,https://pup-post-phinf.pstatic.net/MjAyNTExMjFfMTQ2/MDAxNzYzNjk1NjE5MjQ0.LlvJMkYj2kWY_L3eDEFN7l1C4yfyI5q3pKKjV29yQfQg.0E262gKk-KvSrU7dRl3XhHAgzqu0yDtC675S0LFICLog.JPEG/15925BC4-2519-4107-8BE6-056A30AA8011.jpg,https://search.pstatic.net/common/?type=b150&src=https%3A%2F%2Fpup-post-phinf.pstatic.net%2FMjAyNTExMjFfMTQ2%2FMDAxNzYzNjk1NjE5MjQ0.LlvJMkYj2kWY_L3eDEFN7l1C4yfyI5q3pKKjV29yQfQg.0E262gKk-KvSrU7dRl3XhHAgzqu0yDtC675S0LFICLog.JPEG%2F15925BC4-2519-4107-8BE6-056A30AA8011.jpg,1440,1080
동남산 구석구석 | 자박자박 경주걷기 | 여행코스추천 | 경주 여행 | 경주문화관광 경주문화관광,https://www.gyeongju.go.kr/design/tour2019/img/sub/dongCourse17.jpg,https://search.pstatic.net/sunny/?type=b150&src=https%3A%2F%2Fwww.gyeongju.go.kr%2Fdesign%2Ftour2019%2Fimg%2Fsub%2FdongCourse17.jpg,600,1380
#경북천년숲정원 사계절 다른 매력을 품은 경북천년숲정원 걷는 내내 숲 향기와 아름다운 풍경이 마을을 편안하게 해주는 곳이에요. 경주... ,https://pup-post-phinf.pstatic.net/MjAyNTA5MjVfMTAg/MDAxNzU4NzM3MzMyNDgw.6A5WgOb2l6t2AFWErOtQWC63qC6DuJQOlNmQU_J2nXIg.xwDexY_yAL2pY3I26Makbb_VremJlEFb9LlJe9sXmTQg.JPEG/POST_IMAGE_ENCODING_20250925_030850_907.jpg,https://search.pstatic.net/common/?type=b150&src=https%3A%2F%2Fpup-post-phinf.pstatic.net%2FMjAyNTA5MjVfMTAg%2FMDAxNzU4NzM3MzMyNDgw.6A5WgOb2l6t2AFWErOtQWC63qC6DuJQOlNmQU_J2nXIg.xwDexY_yAL2pY3I26Makbb_VremJlEFb9LlJe9sXmTQg.JPEG%2FPOST_IMAGE_ENCODING_20250925_030850_907.jpg,887,665
뉴스｜검색결과｜동아일보,https://dimg.donga.com/wps/NEWS/IMAGE/2023/08/16/120731030.1.jpg,https://search.pstatic.net/sunny/?type=b150&src=https%3A%2F%2Fdimg.donga.com%2Fwps%2FNEWS%2FIMAGE%2F2023%2F08%2F16%2F120731030.1.jpg,1737,1200
#오늘여기클립 경주 천년숲 정원,https://pup-post-phinf.pstatic.net/MjAyNTExMjNfNjAg/MDAxNzYzODY3MzM4MTA3.J4I-udLfJKj_qPzCPpSSJ2bSEeiM7mVG3QJDMv0fuE4g.M3bx4Ra4Fjt_vbPxk6YNxO6SCzlwPxHl3ILV3TJkClEg.JPEG/POST_IMAGE_ENCODING_20251123_120857_669.jpg,https://search.pstatic.net/common/?type=b150&src=https%3A%2F%2Fpup-post-phinf.pstatic.net%2FMjAyNTExMjNfNjAg%2FMDAxNzYzODY3MzM4MTA3.J4I-udLfJKj_qPzCPpSSJ2bSEeiM7mVG3QJDMv0fuE4g.M3bx4Ra4Fjt_vbPxk6YNxO6SCzlwPxHl3ILV3TJkClEg.JPEG%2FPOST_IMAGE_ENCODING_20251123_120857_669.jpg,1440,1080
📍실시간 경주  💡 최고의 포토스팟 경주 천년숲! 다들 다녀와보셨나요??  #오늘의클립 #클립크리에이터 #경주 #여행 #실시간경주 #국내여행 #천년... ,https://pup-post-phinf.pstatic.net/MjAyNTEwMjZfMjEx/MDAxNzYxNDQ4MjI0NjY4.N0B-FKaoBmOTEMEet9HSLgrly-pFTNuMbY-wbfRMnXkg.6sAa1l-XaUwgg8_M2oWcgS9eiYX7wy6SZSWapcTvyjog.JPEG/POST_IMAGE_ENCODING_20251026_121023_331.jpg,https://search.pstatic.net/common/?type=b150&src=https%3A%2F%2Fpup-post-phinf.pstatic.net%2FMjAyNTEwMjZfMjEx%2FMDAxNzYxNDQ4MjI0NjY4.N0B-FKaoBmOTEMEet9HSLgrly-pFTNuMbY-wbfRMnXkg.6sAa1l-XaUwgg8_M2oWcgS9eiYX7wy6SZSWapcTvyjog.JPEG%2FPOST_IMAGE_ENCODING_20251026_121023_331.jpg,1706,1280
네이버 인플루언서 [네이버 인플루언서] 행복사진사의 경주산림환경연구원,https://dthumb-phinf.pstatic.net/?src=%22https://mblogthumb-phinf.pstatic.net/MjAyMzA1MDFfMTAx/MDAxNjgyOTQ5ODk0NjU1.L-6rL5c51KZtt0-oyUk8sH85qxRUt9XNOaQOPXKuHWYg.nCO5Z1lApAdpT_SvnE1bBaa617CQJT0EYpZuF4_05fMg.JPEG.iggiis/13.jpg?type=w800%22&opts=2&twidth=700&theight=700,https://search.pstatic.net/sunny/?type=b150&src=https%3A%2F%2Fdthumb-phinf.pstatic.net%2F%3Fsrc%3D%2522https%3A%2F%2Fmblogthumb-phinf.pstatic.net%2FMjAyMzA1MDFfMTAx%2FMDAxNjgyOTQ5ODk0NjU1.L-6rL5c51KZtt0-oyUk8sH85qxRUt9XNOaQOPXKuHWYg.nCO5Z1lApAdpT_SvnE1bBaa617CQJT0EYpZuF4_05fMg.JPEG.iggiis%2F13.jpg%3Ftype%3Dw800%2522%26opts%3D2%26twidth%3D700%26theight%3D700,942,700
"경주 가볼 만한 곳, 사계절 푸른 식물원과 고요한 산사의 조화",http://imgnews.naver.net/image/5785/2026/04/08/0000121336_001_20260408033011662.jpg,https://search.pstatic.net/common/?type=b150&src=http%3A%2F%2Fimgnews.naver.net%2Fimage%2F5785%2F2026%2F04%2F08%2F0000121336_001_20260408033011662.jpg,853,1280
"네이버 인플루언서 [네이버 인플루언서] 경주 가을여행 통일전 은행나무길, 경북천년숲정원 정보",https://influencer-phinf.pstatic.net/MjAyNjAyMDhfMTM2/MDAxNzcwNTA2MTU5OTk5.TfGxrHd7Sm3MCwbBoe2csJQwMoLE0Pni8Rkm0cUc24Yg.WUUZUhSIlJQCqB_0AwwGtYfge-4LUtymORDCuT1fEDwg.PNG/2d94.png?type=w700,https://search.pstatic.net/sunny/?type=b150&src=https%3A%2F%2Finfluencer-phinf.pstatic.net%2FMjAyNjAyMDhfMTM2%2FMDAxNzcwNTA2MTU5OTk5.TfGxrHd7Sm3MCwbBoe2csJQwMoLE0Pni8Rkm0cUc24Yg.WUUZUhSIlJQCqB_0AwwGtYfge-4LUtymORDCuT1fEDwg.PNG%2F2d94.png%3Ftype%3Dw700,466,466
#가정의달 #오늘클립챌린지 #경북경주천년숲정윈 #메타세과이어와다리,https://pup-post-phinf.pstatic.net/MjAyNjA1MDFfMjkx/MDAxNzc3NTk4NTY1NDQ0.Et_Ig1X2NMcZrGEXK9ycb5R9GgrmQswUDxd26FIAVWcg.2U46Fou3Ns1imSd0XMorPYT-nKUh7OQTyeVB6TcgMU4g.JPEG/POST_IMAGE_ENCODING_20260501_102245_060.jpg,https://search.pstatic.net/common/?type=b150&src=https%3A%2F%2Fpup-post-phinf.pstatic.net%2FMjAyNjA1MDFfMjkx%2FMDAxNzc3NTk4NTY1NDQ0.Et_Ig1X2NMcZrGEXK9ycb5R9GgrmQswUDxd26FIAVWcg.2U46Fou3Ns1imSd0XMorPYT-nKUh7OQTyeVB6TcgMU4g.JPEG%2FPOST_IMAGE_ENCODING_20260501_102245_060.jpg,1440,1920
베스트갤러리 - 천년숲정원,http://www.dicalove.com/files/attach/images/154/578/764/025/1bc982b06f6a80fe482eefe85af631a8.jpg,https://search.pstatic.net/sunny/?type=b150&src=http%3A%2F%2Fwww.dicalove.com%2Ffiles%2Fattach%2Fimages%2F154%2F578%2F764%2F025%2F1bc982b06f6a80fe482eefe85af631a8.jpg,933,1400
천년 고도 경주의 새 핫플 예약 ‘경북천년숲정원’,http://imgnews.naver.net/image/082/2023/05/11/0001211711_003_20230511141601386.jpg,https://search.pstatic.net/common/?type=b150&src=http%3A%2F%2Fimgnews.naver.net%2Fimage%2F082%2F2023%2F05%2F11%2F0001211711_003_20230511141601386.jpg,289,640
화랑교육원 - 주변 여행 및 근처 관광 명소 - 국내 여행 정보와 관광 명소 정보,http://tong.visitkorea.or.kr/cms/resource/88/3032488_image2_1.jpg,https://search.pstatic.net/sunny/?type=b150&src=http%3A%2F%2Ftong.visitkorea.or.kr%2Fcms%2Fresource%2F88%2F3032488_image2_1.jpg,627,940
경주 천년숲 정원 - Samsung Members 경주 천년숲 정원,https://r1.community.samsung.com/t5/image/serverpage/image-id/7961984i83C5D326DE5C5F4B?v=v2,https://search.pstatic.net/sunny/?type=b150&src=https%3A%2F%2Fr1.community.samsung.com%2Ft5%2Fimage%2Fserverpage%2Fimage-id%2F7961984i83C5D326DE5C5F4B%3Fv%3Dv2,1333,1000
올 가을 꼭 가봐야 할 경주 여행 명소는 어디?,http://imgnews.naver.net/image/5291/2022/11/05/0001663157_004_20221105004602045.jpg,https://search.pstatic.net/common/?type=b150&src=http%3A%2F%2Fimgnews.naver.net%2Fimage%2F5291%2F2022%2F11%2F05%2F0001663157_004_20221105004602045.jpg,853,1280
#설연휴가볼만한곳 #클립챌린저 #경북천년숲정원 #경주여행 #경주데이트,https://pup-post-phinf.pstatic.net/MjAyNjAyMDdfMjgy/MDAxNzcwNDMwNzYzODUz.44tqbBSsQO5shlffogMhZAiUQlCrCEDQ8VuQvDAsNGAg.PGVhx5I_fGspAL17zinEYTVnXlg-M7VmVaZFjy6f95Ag.JPEG/CFA1FED7-D3D6-4E65-9D94-D18A8B08B200.jpg,https://search.pstatic.net/common/?type=b150&src=https%3A%2F%2Fpup-post-phinf.pstatic.net%2FMjAyNjAyMDdfMjgy%2FMDAxNzcwNDMwNzYzODUz.44tqbBSsQO5shlffogMhZAiUQlCrCEDQ8VuQvDAsNGAg.PGVhx5I_fGspAL17zinEYTVnXlg-M7VmVaZFjy6f95Ag.JPEG%2FCFA1FED7-D3D6-4E65-9D94-D18A8B08B200.jpg,1440,1080
"다시, 시작",https://img1.daumcdn.net/thumb/R1280x0.fjpg/?fname=http://t1.daumcdn.net/brunch/service/user/8LbH/image/ptFTlvrHKAUOukhvvU7OQBqpJvs.jpg,https://search.pstatic.net/sunny/?type=b150&src=https%3A%2F%2Fimg1.daumcdn.net%2Fthumb%2FR1280x0.fjpg%2F%3Ffname%3Dhttp%3A%2F%2Ft1.daumcdn.net%2Fbrunch%2Fservice%2Fuser%2F8LbH%2Fimage%2FptFTlvrHKAUOukhvvU7OQBqpJvs.jpg,853,1280
경주 천년숲정원 - Samsung Members 경주 천년숲정원,https://r1.community.samsung.com/t5/image/serverpage/image-id/9279398i6BE20CB4523842CC/image-size/large?v=v2&px=999,https://search.pstatic.net/sunny/?type=b150&src=https%3A%2F%2Fr1.community.samsung.com%2Ft5%2Fimage%2Fserverpage%2Fimage-id%2F9279398i6BE20CB4523842CC%2Fimage-size%2Flarge%3Fv%3Dv2%26px%3D999,998,749
慶北千年の森庭園（경북천년숲정원） - 観光 - 韓国旅行・観光情報,http://tong.visitkorea.or.kr/cms/resource/94/3032494_image2_1.jpg,https://search.pstatic.net/sunny/?type=b150&src=http%3A%2F%2Ftong.visitkorea.or.kr%2Fcms%2Fresource%2F94%2F3032494_image2_1.jpg,627,940
부산 영도서 상수도관 파열로 2천300가구 단수,http://imgnews.naver.net/image/001/2019/06/27/AKR20190627112500051_01_i_20190627142122570.jpg,https://search.pstatic.net/common/?type=b150&src=http%3A%2F%2Fimgnews.naver.net%2Fimage%2F001%2F2019%2F06%2F27%2FAKR20190627112500051_01_i_20190627142122570.jpg,308,500
#경주여행지 #경주청년숲정원 #경주가볼만한곳 #경북천년숲정원 #경북천년숲정원외나무다리 #경주외나무다리포토존 #오늘클립챌린지,https://pup-post-phinf.pstatic.net/MjAyNjA0MDlfMjcg/MDAxNzc1NzEzMjA5MjU1.OSha0IxgRsndrLPx0TbUfyI69W_rzHlvoRgHGZomu4wg.1A_F7eaXsv5aGorvU1maDK0XQ4j_KenFzMJPiWynCcQg.JPEG/POST_IMAGE_ENCODING_20260409_144005_077.jpg,https://search.pstatic.net/common/?type=b150&src=https%3A%2F%2Fpup-post-phinf.pstatic.net%2FMjAyNjA0MDlfMjcg%2FMDAxNzc1NzEzMjA5MjU1.OSha0IxgRsndrLPx0TbUfyI69W_rzHlvoRgHGZomu4wg.1A_F7eaXsv5aGorvU1maDK0XQ4j_KenFzMJPiWynCcQg.JPEG%2FPOST_IMAGE_ENCODING_20260409_144005_077.jpg,1440,1440
경북도 지방정원 1호 ‘경북천년숲정원’ 문 활짝,http://imgnews.naver.net/image/5321/2023/04/24/0000306908_002_20230424220420136.jpg,https://search.pstatic.net/common/?type=b150&src=http%3A%2F%2Fimgnews.naver.net%2Fimage%2F5321%2F2023%2F04%2F24%2F0000306908_002_20230424220420136.jpg,435,580
추천드려요☘️  #경주 #경주여행 #천년숲정원 #경주천년숲정원 #국내여행 #경주여행코스 #가을여행 #가을 #사진스팟 #사진찍기좋은곳 #가족여행... ,https://pup-post-phinf.pstatic.net/MjAyNTEwMjNfMTQ5/MDAxNzYxMTk0NTk4NTkz.q3vAqNrQZbFXbAYeiyOj5UhiiohbBcJJVa8xh3ZhDpwg.fDu504JVxeQSSTqkVasmQJ7_KvQoJkdDZyEDZLNLdcsg.JPEG/DE580078-572C-489A-A01F-E05E25D7FE02.jpg,https://search.pstatic.net/common/?type=b150&src=https%3A%2F%2Fpup-post-phinf.pstatic.net%2FMjAyNTEwMjNfMTQ5%2FMDAxNzYxMTk0NTk4NTkz.q3vAqNrQZbFXbAYeiyOj5UhiiohbBcJJVa8xh3ZhDpwg.fDu504JVxeQSSTqkVasmQJ7_KvQoJkdDZyEDZLNLdcsg.JPEG%2FDE580078-572C-489A-A01F-E05E25D7FE02.jpg,1440,1080
싱그러운 봄 느낌 가득! 3월에 가기 좋은 국내 여행지 싱그러운 봄 느낌 가득! 3월에 가기 좋은 국내 여행지,"https://media.triple.guide/triple-cms/c_limit,f_auto,h_1024,w_1024/829febdd-ae29-4a16-8eaa-e102a008245c.jpeg",https://search.pstatic.net/sunny/?type=b150&src=https%3A%2F%2Fmedia.triple.guide%2Ftriple-cms%2Fc_limit%2Cf_auto%2Ch_1024%2Cw_1024%2F829febdd-ae29-4a16-8eaa-e102a008245c.jpeg,627,940
경주 천년의숲 늦가을의 일부 풍경,https://pup-post-phinf.pstatic.net/MjAyNjAxMDFfMzUg/MDAxNzY3MjUwNjMwMzY3.Zf2wEIoQYBcpd4Tlis9z9F95XbSumZt1PQpsKeUBqxYg.gcgjFOCVYueTJfsZqBtVw_FIymG9kQyeLzKejOvdRwwg.JPEG/POST_IMAGE_ENCODING_20260101_155709_939.jpg,https://search.pstatic.net/common/?type=b150&src=https%3A%2F%2Fpup-post-phinf.pstatic.net%2FMjAyNjAxMDFfMzUg%2FMDAxNzY3MjUwNjMwMzY3.Zf2wEIoQYBcpd4Tlis9z9F95XbSumZt1PQpsKeUBqxYg.gcgjFOCVYueTJfsZqBtVw_FIymG9kQyeLzKejOvdRwwg.JPEG%2FPOST_IMAGE_ENCODING_20260101_155709_939.jpg,1440,1080
#오늘여기클립 경북천년숲정원 산책길좋아요.,https://pup-post-phinf.pstatic.net/MjAyNTEyMDFfMTE3/MDAxNzY0NTk2ODE2Mzc5.M_67Oh96tjxoilaeilppBJA71CW_YwljxG8JT3m2VPQg.oJgRcmJafQ4wVKCHE44Oxtrl0I6_vK1QfOO4SYoGemkg.JPEG/POST_IMAGE_ENCODING_20251201_224651_705.jpg,https://search.pstatic.net/common/?type=b150&src=https%3A%2F%2Fpup-post-phinf.pstatic.net%2FMjAyNTEyMDFfMTE3%2FMDAxNzY0NTk2ODE2Mzc5.M_67Oh96tjxoilaeilppBJA71CW_YwljxG8JT3m2VPQg.oJgRcmJafQ4wVKCHE44Oxtrl0I6_vK1QfOO4SYoGemkg.JPEG%2FPOST_IMAGE_ENCODING_20251201_224651_705.jpg,1440,1080
네이버 인플루언서 [네이버 인플루언서] 최강 여행자의 경주산림환경연구원,https://dthumb-phinf.pstatic.net/?src=%22https://mblogthumb-phinf.pstatic.net/MjAyMjExMTBfMjkx/MDAxNjY4MDg1Njc3NjI2.C4XUJ8v8n_z2COIcV2HZdn17x1tH08hiu8ucK9gm2R8g.IrTvddVUVnOAfKPPM1Rbwow-jum85FoaQi8TGV5af3cg.JPEG.lillijy00/IMG_2735.jpg?type=w800%22&opts=2&twidth=700&theight=700,https://search.pstatic.net/sunny/?type=b150&src=https%3A%2F%2Fdthumb-phinf.pstatic.net%2F%3Fsrc%3D%2522https%3A%2F%2Fmblogthumb-phinf.pstatic.net%2FMjAyMjExMTBfMjkx%2FMDAxNjY4MDg1Njc3NjI2.C4XUJ8v8n_z2COIcV2HZdn17x1tH08hiu8ucK9gm2R8g.IrTvddVUVnOAfKPPM1Rbwow-jum85FoaQi8TGV5af3cg.JPEG.lillijy00%2FIMG_2735.jpg%3Ftype%3Dw800%2522%26opts%3D2%26twidth%3D700%26theight%3D700,526,700
네이버 인플루언서 [네이버 인플루언서] 경북 경주 데이트 장소로 추천하는 힐링정원,https://dthumb-phinf.pstatic.net/?src=%22https://mblogthumb-phinf.pstatic.net/MjAyNDA1MDVfMzEg/MDAxNzE0ODM5OTQ3ODY3.PkEN8gA1VpzxNYaqLuiE8LsqvI3-UGaxPEzRzl2S4VMg.J-nVQw6v0HqqKhycrQPJYD7w3AQyasnZ5J7As-1cV3Mg.JPEG/01.jpg?type=w800%22&opts=2&twidth=700&theight=700,https://search.pstatic.net/sunny/?type=b150&src=https%3A%2F%2Fdthumb-phinf.pstatic.net%2F%3Fsrc%3D%2522https%3A%2F%2Fmblogthumb-phinf.pstatic.net%2FMjAyNDA1MDVfMzEg%2FMDAxNzE0ODM5OTQ3ODY3.PkEN8gA1VpzxNYaqLuiE8LsqvI3-UGaxPEzRzl2S4VMg.J-nVQw6v0HqqKhycrQPJYD7w3AQyasnZ5J7As-1cV3Mg.JPEG%2F01.jpg%3Ftype%3Dw800%2522%26opts%3D2%26twidth%3D700%26theight%3D700,600,600
"네이버 인플루언서 [네이버 인플루언서] 경주 여행 가볼만한 4곳, 국내여행",https://dthumb-phinf.pstatic.net/?src=%22https://mblogthumb-phinf.pstatic.net/MjAyMjExMjRfMjU4/MDAxNjY5MjY4NjQzOTk2.abSLbww3VplQvjOMkN3AKEKd_ILPCwnNi9KxjAjnxcEg.Es-yyvW-LICM-XJVwKi4-dpLHVyNHhE-cqAQ4OlfceUg.JPEG.anndam/01.jpg?type=w800%22&opts=2&twidth=700&theight=700,https://search.pstatic.net/sunny/?type=b150&src=https%3A%2F%2Fdthumb-phinf.pstatic.net%2F%3Fsrc%3D%2522https%3A%2F%2Fmblogthumb-phinf.pstatic.net%2FMjAyMjExMjRfMjU4%2FMDAxNjY5MjY4NjQzOTk2.abSLbww3VplQvjOMkN3AKEKd_ILPCwnNi9KxjAjnxcEg.Es-yyvW-LICM-XJVwKi4-dpLHVyNHhE-cqAQ4OlfceUg.JPEG.anndam%2F01.jpg%3Ftype%3Dw800%2522%26opts%3D2%26twidth%3D700%26theight%3D700,600,600
[포토에세이] 경주의 소나무,http://imgnews.naver.net/image/5172/2017/09/15/0000385160_001_20170915001301554.jpg,https://search.pstatic.net/common/?type=b150&src=http%3A%2F%2Fimgnews.naver.net%2Fimage%2F5172%2F2017%2F09%2F15%2F0000385160_001_20170915001301554.jpg,399,600
"🍁가을의 경주를 제대로 느낄 수 있는 곳, 바로 경주산림환경연구원 =경북천년숲정원🌳 입니다! 숲속 산책로와 주황빛 메타세쿼이아 숲, 그리고... ",https://pup-post-phinf.pstatic.net/MjAyNTExMDVfMjMx/MDAxNzYyMzE2NjIzNzY2.qTeJ4j9DyPZJAh_peHG-IDRcL5qFo1aWayL6tFPhzyAg.lPAAUwsgVATSeL4s1-n09jXDIM5lQYxdyG9g9Xv47bcg.JPEG/44463198-7ED2-4632-AB29-595E71CC11C8.jpg,https://search.pstatic.net/common/?type=b150&src=https%3A%2F%2Fpup-post-phinf.pstatic.net%2FMjAyNTExMDVfMjMx%2FMDAxNzYyMzE2NjIzNzY2.qTeJ4j9DyPZJAh_peHG-IDRcL5qFo1aWayL6tFPhzyAg.lPAAUwsgVATSeL4s1-n09jXDIM5lQYxdyG9g9Xv47bcg.JPEG%2F44463198-7ED2-4632-AB29-595E71CC11C8.jpg,1440,1080
경주 천년숲공원 - Samsung Members 경주 천년숲공원,https://r1.community.samsung.com/t5/image/serverpage/image-id/9231686i06575F3CC06F969C?v=v2,https://search.pstatic.net/sunny/?type=b150&src=https%3A%2F%2Fr1.community.samsung.com%2Ft5%2Fimage%2Fserverpage%2Fimage-id%2F9231686i06575F3CC06F969C%3Fv%3Dv2,1333,1000
#오늘여기클립#경주천년숲,https://pup-post-phinf.pstatic.net/MjAyNjAxMTVfNDkg/MDAxNzY4NDcyNDUwNzE4.khM3_2pVgzn4EQLX0VqpDCNnsFgZs2DYIItT8v0QlH0g.NfRBvYShubhNl6T3CRkilqSvHTXr88OHk8NWqSF4NaEg.JPEG/POST_IMAGE_ENCODING_20260115_192049_484.jpg,https://search.pstatic.net/common/?type=b150&src=https%3A%2F%2Fpup-post-phinf.pstatic.net%2FMjAyNjAxMTVfNDkg%2FMDAxNzY4NDcyNDUwNzE4.khM3_2pVgzn4EQLX0VqpDCNnsFgZs2DYIItT8v0QlH0g.NfRBvYShubhNl6T3CRkilqSvHTXr88OHk8NWqSF4NaEg.JPEG%2FPOST_IMAGE_ENCODING_20260115_192049_484.jpg,1920,1440
"도리마을, 경주 은행나무숲🍂 | 트립닷컴 경주 도리마을, 경주 은행나무숲🍂 | 트립닷컴 경주 ",https://ak-d.tripcdn.com/images/1mi5g2234cq22mkupA705_W_640_0_R5_Q80.jpg?proc=source/trip,https://search.pstatic.net/sunny/?type=b150&src=https%3A%2F%2Fak-d.tripcdn.com%2Fimages%2F1mi5g2234cq22mkupA705_W_640_0_R5_Q80.jpg%3Fproc%3Dsource%2Ftrip,640,640
"네이버 인플루언서 [네이버 인플루언서] 대구, 경주 주말 데이트 어디로 가볼까?",https://influencer-phinf.pstatic.net/MjAyNjAxMjNfMzEg/MDAxNzY5MTUxMTQ2NTUw.DZ7q9JuvSIJbKXVZPEpi-2T3yXyp9xIgyLPOkda-Cggg.vB8V40HaVJOcCmS4f7xWWC4QAaMtJe5075iVah_ZA60g.PNG/980b.png?type=w700,https://search.pstatic.net/sunny/?type=b150&src=https%3A%2F%2Finfluencer-phinf.pstatic.net%2FMjAyNjAxMjNfMzEg%2FMDAxNzY5MTUxMTQ2NTUw.DZ7q9JuvSIJbKXVZPEpi-2T3yXyp9xIgyLPOkda-Cggg.vB8V40HaVJOcCmS4f7xWWC4QAaMtJe5075iVah_ZA60g.PNG%2F980b.png%3Ftype%3Dw700,700,700
경북천년숲정원 관광 정보와 주변 관광 명소 및 근처 맛집 여행 정보,https://tong.visitkorea.or.kr/cms/resource/57/4062857_image2_1.jpg,https://search.pstatic.net/sunny/?type=b150&src=https%3A%2F%2Ftong.visitkorea.or.kr%2Fcms%2Fresource%2F57%2F4062857_image2_1.jpg,627,940
(인쇄용) 화려함에 여유로움을 더하다. 경주에서 즐기는 마지막 가을 | 대한민국 구석구석,https://cdn.visitkorea.or.kr/img/call?cmd=VIEW&id=f40829ce-95e5-4f1d-abe8-67b89279e87f,https://search.pstatic.net/sunny/?type=b150&src=https%3A%2F%2Fcdn.visitkorea.or.kr%2Fimg%2Fcall%3Fcmd%3DVIEW%26id%3Df40829ce-95e5-4f1d-abe8-67b89279e87f,467,700
#오늘여기클립 #경주천년숲정원,https://pup-post-phinf.pstatic.net/MjAyNjAxMDZfMTM4/MDAxNzY3NjM2NzUxMTY1.r4BOFoRSXtisJQQq0DY2PEM_4_OU6k-_PytXWbiVnk8g.ooj7Srg5P8HP8BP1J_gncqssPbwzLZPlrClEpdWz0zcg.JPEG/POST_IMAGE_ENCODING_20260106_031229_989.jpg,https://search.pstatic.net/common/?type=b150&src=https%3A%2F%2Fpup-post-phinf.pstatic.net%2FMjAyNjAxMDZfMTM4%2FMDAxNzY3NjM2NzUxMTY1.r4BOFoRSXtisJQQq0DY2PEM_4_OU6k-_PytXWbiVnk8g.ooj7Srg5P8HP8BP1J_gncqssPbwzLZPlrClEpdWz0zcg.JPEG%2FPOST_IMAGE_ENCODING_20260106_031229_989.jpg,1440,1080
"Florida에 관한 19개의 최상의 Pinterest 이미지 | 플로리다, Life magazine 및 Old florida Florida",https://i.pinimg.com/736x/23/a0/cf/23a0cf618166b7f168382bd29d15e5d0--cypress-trees-beautiful-places.jpg,https://search.pstatic.net/sunny/?type=b150&src=https%3A%2F%2Fi.pinimg.com%2F736x%2F23%2Fa0%2Fcf%2F23a0cf618166b7f168382bd29d15e5d0--cypress-trees-beautiful-places.jpg,736,736
여름의 환상적으로 아름다운 숲은 큰 나무와 스톡 사진 2038671287 | Shutterstock,https://www.shutterstock.com/shutterstock/photos/2038671287/display_1500/stock-photo-fantastically-beautiful-forest-in-summer-with-large-trees-and-autumn-leaves-in-the-light-of-the-sun-2038671287.jpg,https://search.pstatic.net/sunny/?type=b150&src=https%3A%2F%2Fwww.shutterstock.com%2Fshutterstock%2Fphotos%2F2038671287%2Fdisplay_1500%2Fstock-photo-fantastically-beautiful-forest-in-summer-with-large-trees-and-autumn-leaves-in-the-light-of-the-sun-2038671287.jpg,627,1500
경북천년숲정원 관광 정보와 주변 관광 명소 및 근처 맛집 여행 정보,http://tong.visitkorea.or.kr/cms/resource/57/3422557_image2_1.png,https://search.pstatic.net/sunny/?type=b150&src=http%3A%2F%2Ftong.visitkorea.or.kr%2Fcms%2Fresource%2F57%2F3422557_image2_1.png,627,940
[특별기획/치유농업] 케어 필요한 이들도 아닌 이들도…누구에게나 열려있는 '편안한 공간',http://imgnews.naver.net/image/5396/2024/08/02/0000067691_001_20240823131655868.jpg,https://search.pstatic.net/common/?type=b150&src=http%3A%2F%2Fimgnews.naver.net%2Fimage%2F5396%2F2024%2F08%2F02%2F0000067691_001_20240823131655868.jpg,2038,1280
가지가 많은 나무 사진 – Unsplash의 무료 다람쥐 이미지 Unsplash에 있는 Prasopchok의 사진,https://images.unsplash.com/photo-1697984956189-4063846d456c?fm=jpg&q=60&w=3000&ixlib=rb-4.1.0&ixid=M3wxMjA3fDB8MHxwaG90by1yZWxhdGVkfDIyfHx8ZW58MHx8fHx8,https://search.pstatic.net/sunny/?type=b150&src=https%3A%2F%2Fimages.unsplash.com%2Fphoto-1697984956189-4063846d456c%3Ffm%3Djpg%26q%3D60%26w%3D3000%26ixlib%3Drb-4.1.0%26ixid%3DM3wxMjA3fDB8MHxwaG90by1yZWxhdGVkfDIyfHx8ZW58MHx8fHx8,2001,3000
4년만에 다시 개방된 산림환경연구원🌳!!!경주 외나무다리 포토존 | 트립닷컴 경주 4년만에 다시 개방된 산림환경연구원🌳!!!경주 외나무다리... ,https://ak-d.tripcdn.com/images/1i60q2224syopt5uo8040_W_640_0_R5_Q80.jpg?proc=source/trip,https://search.pstatic.net/sunny/?type=b150&src=https%3A%2F%2Fak-d.tripcdn.com%2Fimages%2F1i60q2224syopt5uo8040_W_640_0_R5_Q80.jpg%3Fproc%3Dsource%2Ftrip,855,640
전북 진안고원 편백숲 산림욕장 7월초 개장,http://imgnews.naver.net/image/5012/2016/05/18/2016051800145608566_1_99_20160518164007.jpg,https://search.pstatic.net/common/?type=b150&src=http%3A%2F%2Fimgnews.naver.net%2Fimage%2F5012%2F2016%2F05%2F18%2F2016051800145608566_1_99_20160518164007.jpg,467,700
경북천년숲정원> 여행지 :대한민국 구석구석 경북천년숲정원> 여행지 :대한민국 구석구석 ,https://cdn.visitkorea.or.kr/img/call?cmd=VIEW&id=79363ac9-4b02-4590-b1a3-6659f8542a99,https://search.pstatic.net/sunny/?type=b150&src=https%3A%2F%2Fcdn.visitkorea.or.kr%2Fimg%2Fcall%3Fcmd%3DVIEW%26id%3D79363ac9-4b02-4590-b1a3-6659f8542a99,4000,3000
나무와 풀로 둘러싸인 비포장 도로 사진 – Unsplash의 무료 땅 이미지 Unsplash에 있는 Monika Thoms의 사진,https://images.unsplash.com/photo-1718009800196-f11c4f138222?fm=jpg&q=60&w=3000&ixlib=rb-4.1.0&ixid=M3wxMjA3fDB8MHxwaG90by1yZWxhdGVkfDd8fHxlbnwwfHx8fHw%3D,https://search.pstatic.net/sunny/?type=b150&src=https%3A%2F%2Fimages.unsplash.com%2Fphoto-1718009800196-f11c4f138222%3Ffm%3Djpg%26q%3D60%26w%3D3000%26ixlib%3Drb-4.1.0%26ixid%3DM3wxMjA3fDB8MHxwaG90by1yZWxhdGVkfDd8fHxlbnwwfHx8fHw%253D,4499,3000
"[걷고 싶은 길] 불국토(佛國土), 동남산 가는 길",http://imgnews.naver.net/image/001/2023/04/07/AKR20230304028700805_08_i_P4_20230407080129575.jpg,https://search.pstatic.net/common/?type=b150&src=http%3A%2F%2Fimgnews.naver.net%2Fimage%2F001%2F2023%2F04%2F07%2FAKR20230304028700805_08_i_P4_20230407080129575.jpg,682,1024
[국회보 2014년 3월호] 천년의 솔숲에서 신들과 노닐다 경주 삼릉숲,http://imgnews.naver.net/image/358/2014/03/04/231641553_03_123.jpg,https://search.pstatic.net/common/?type=b150&src=http%3A%2F%2Fimgnews.naver.net%2Fimage%2F358%2F2014%2F03%2F04%2F231641553_03_123.jpg,459,350
"“회복·위로·호젓함, 그에 맞는 나무가 있죠”…‘경주 나무’ 답사기",http://imgnews.naver.net/image/028/2022/11/30/0002617231_003_20221201004301219.jpg,https://search.pstatic.net/common/?type=b150&src=http%3A%2F%2Fimgnews.naver.net%2Fimage%2F028%2F2022%2F11%2F30%2F0002617231_003_20221201004301219.jpg,389,600
낮 동안 숲에 푸른 나무 사진 – Unsplash의 무료 숲 이미지 Unsplash에 있는 michael schaffler의 사진,https://images.unsplash.com/photo-1721815939387-8a175f6d3aa1?fm=jpg&q=60&w=3000&ixlib=rb-4.1.0&ixid=M3wxMjA3fDB8MHxwaG90by1yZWxhdGVkfDM5fHx8ZW58MHx8fHx8,https://search.pstatic.net/sunny/?type=b150&src=https%3A%2F%2Fimages.unsplash.com%2Fphoto-1721815939387-8a175f6d3aa1%3Ffm%3Djpg%26q%3D60%26w%3D3000%26ixlib%3Drb-4.1.0%26ixid%3DM3wxMjA3fDB8MHxwaG90by1yZWxhdGVkfDM5fHx8ZW58MHx8fHx8,2000,3000
#오늘여기클립 #경북천년숲정원#무료입장#산책하기좋은곳#경주여행추천코스#사진찍기좋은곳,https://pup-post-phinf.pstatic.net/MjAyNjAxMDNfMTcz/MDAxNzY3NDMxMTAyNjAy.ER2PA-THRCtYft8AHwfIx_5knB5NtvMCmSqQNverck4g.SBPmDv6xvVhYHBb2XKprk7ldnfz9syqJ-cWetVNFUjgg.JPEG/POST_IMAGE_ENCODING_20260103_180454_374.jpg,https://search.pstatic.net/common/?type=b150&src=https%3A%2F%2Fpup-post-phinf.pstatic.net%2FMjAyNjAxMDNfMTcz%2FMDAxNzY3NDMxMTAyNjAy.ER2PA-THRCtYft8AHwfIx_5knB5NtvMCmSqQNverck4g.SBPmDv6xvVhYHBb2XKprk7ldnfz9syqJ-cWetVNFUjgg.JPEG%2FPOST_IMAGE_ENCODING_20260103_180454_374.jpg,1440,1080
해운대안테나 - YouTube 해운대안테나,https://i.ytimg.com/vi_webp/0YJ0NTjAruo/oardefault.webp,https://search.pstatic.net/sunny/?type=b150&src=https%3A%2F%2Fi.ytimg.com%2Fvi_webp%2F0YJ0NTjAruo%2Foardefault.webp,720,720
&lt;경주&경산 반곡지&청도와인터널&gt; - 뽐뿌:등산포럼 <경주&경산 반곡지&청도와인터널>,https://cdn2.ppomppu.co.kr/zboard/data3/2017/1002/20171002000053_zophuvhs.jpg,https://search.pstatic.net/sunny/?type=b150&src=https%3A%2F%2Fcdn2.ppomppu.co.kr%2Fzboard%2Fdata3%2F2017%2F1002%2F20171002000053_zophuvhs.jpg,5637,3757
네이버 인플루언서 [네이버 인플루언서] 경주 단풍 명소 천년숲정원,https://influencer-phinf.pstatic.net/MjAyNDEwMTNfMTI0/MDAxNzI4NzgzNDMwNzY2.fLbKDZ7w5Kx6J-LWnAfRn4Hfxvx5NrpZq3_4E7P1Odog.L_bwKTnMtcBtAWr-k7waSxN0A_XgS1anhRCuc5nvcDQg.PNG/188e.png?type=w700,https://search.pstatic.net/sunny/?type=b150&src=https%3A%2F%2Finfluencer-phinf.pstatic.net%2FMjAyNDEwMTNfMTI0%2FMDAxNzI4NzgzNDMwNzY2.fLbKDZ7w5Kx6J-LWnAfRn4Hfxvx5NrpZq3_4E7P1Odog.L_bwKTnMtcBtAWr-k7waSxN0A_XgS1anhRCuc5nvcDQg.PNG%2F188e.png%3Ftype%3Dw700,466,466
네이버 인플루언서 [네이버 인플루언서] SNS 가을 핫플레이스 경주 #경북천년숲정원 #가을여행 #가을여행지추천 #가을단풍 ##11월가볼만한곳,https://i.ytimg.com/vi/yQkza5Gp2w4/maxresdefault.jpg,https://search.pstatic.net/sunny/?type=b150&src=https%3A%2F%2Fi.ytimg.com%2Fvi%2FyQkza5Gp2w4%2Fmaxresdefault.jpg,720,1280
경주 천년숲정원   #경주천년숲정원,https://pup-post-phinf.pstatic.net/MjAyNTExMDZfNjUg/MDAxNzYyMzg1MjgyODA4.WoopcVGJX5ydrHfTkUSbTuqFP8uH5f9O55TFcBxUjWkg.qpOwQjdOXm9YK_EniF3Gjlv39YCORUxK4N0YddrdqQ8g.JPEG/POST_IMAGE_ENCODING_20251106_082801_776.jpg,https://search.pstatic.net/common/?type=b150&src=https%3A%2F%2Fpup-post-phinf.pstatic.net%2FMjAyNTExMDZfNjUg%2FMDAxNzYyMzg1MjgyODA4.WoopcVGJX5ydrHfTkUSbTuqFP8uH5f9O55TFcBxUjWkg.qpOwQjdOXm9YK_EniF3Gjlv39YCORUxK4N0YddrdqQ8g.JPEG%2FPOST_IMAGE_ENCODING_20251106_082801_776.jpg,1440,1080
의외로 모르는 경주 핫플여행지 “경북천년숲정원” #경주여행지 #경주핫플 #천년숲정원 #인생샷명소 #6월여행지 #아이랑가볼만한곳... ,https://pup-post-phinf.pstatic.net/MjAyNjA2MTRfMTEy/MDAxNzgxNDE5MjU3ODM0.fcbA53CslIzauv03gKeb33mWcd7PtKMYRXhK3Ibtn7kg.UZNOd1UqvyLmcG_6ekOnyz2ZSHnajNnF9vo7688uwkYg.JPEG/PostEncodingTask.97D0B5A3-A39A-4A0D-BCD2-1D2887161E8A.jpg,https://search.pstatic.net/common/?type=b150&src=https%3A%2F%2Fpup-post-phinf.pstatic.net%2FMjAyNjA2MTRfMTEy%2FMDAxNzgxNDE5MjU3ODM0.fcbA53CslIzauv03gKeb33mWcd7PtKMYRXhK3Ibtn7kg.UZNOd1UqvyLmcG_6ekOnyz2ZSHnajNnF9vo7688uwkYg.JPEG%2FPostEncodingTask.97D0B5A3-A39A-4A0D-BCD2-1D2887161E8A.jpg,1440,1080
천년 숲 정원서 초록에 흠뻑 취했다,http://imgnews.naver.net/image/5161/2024/05/20/0000331556_001_20240520201635305.jpg,https://search.pstatic.net/common/?type=b150&src=http%3A%2F%2Fimgnews.naver.net%2Fimage%2F5161%2F2024%2F05%2F20%2F0000331556_001_20240520201635305.jpg,690,1024
#오늘여기클립#경주#경북천년숲정원,https://pup-post-phinf.pstatic.net/MjAyNTEyMTNfMTc3/MDAxNzY1NjE4OTUyNTA1.U7GTfM158XrhqSY5AXM4aTie3Ylc2kRl-Pq3RrK2g2Yg.HI58kRqBHOrZlIXL1mEG3SZvyrzNh48lnadfIi_Qcv8g.JPEG/95FB74C7-1A1D-4746-813E-7C67F38B2833.jpg,https://search.pstatic.net/common/?type=b150&src=https%3A%2F%2Fpup-post-phinf.pstatic.net%2FMjAyNTEyMTNfMTc3%2FMDAxNzY1NjE4OTUyNTA1.U7GTfM158XrhqSY5AXM4aTie3Ylc2kRl-Pq3RrK2g2Yg.HI58kRqBHOrZlIXL1mEG3SZvyrzNh48lnadfIi_Qcv8g.JPEG%2F95FB74C7-1A1D-4746-813E-7C67F38B2833.jpg,1440,1080
많은 사람들이 인생샷 건질 수 있는 스팟이 있다. 가을에 경주를 간다면 한 번 가볼만한 곳.  #경주 #천년숲정원 #클립크리에이터,https://pup-post-phinf.pstatic.net/MjAyNTEwMjlfMjQ5/MDAxNzYxNzM5NDQxNjIy.e4bkNxbGKX7TYeteVwy_iQx760HI8I_IGpMFde0Ds7Ig.ZhvJLgHWDyVHTpOq637Bag7aVt5EumZghecptz-aqwMg.JPEG/538CF2FE-4580-443C-963F-501887068B9F.jpg,https://search.pstatic.net/common/?type=b150&src=https%3A%2F%2Fpup-post-phinf.pstatic.net%2FMjAyNTEwMjlfMjQ5%2FMDAxNzYxNzM5NDQxNjIy.e4bkNxbGKX7TYeteVwy_iQx760HI8I_IGpMFde0Ds7Ig.ZhvJLgHWDyVHTpOq637Bag7aVt5EumZghecptz-aqwMg.JPEG%2F538CF2FE-4580-443C-963F-501887068B9F.jpg,1440,1080
경주 '도리마을 은행나무숲' 소유주가 눈물 흘리며 나무 싹 다 베어낸 안타까운 사연,http://imgnews.naver.net/image/5486/2024/01/19/0000262712_002_20240119133002191.jpg,https://search.pstatic.net/common/?type=b150&src=http%3A%2F%2Fimgnews.naver.net%2Fimage%2F5486%2F2024%2F01%2F19%2F0000262712_002_20240119133002191.jpg,465,700
"나무, 숲, 으스스한에 관한 무료 스톡 사진 Roger Johansen님의 사진, 출처: Pexels",https://images.pexels.com/photos/7990573/pexels-photo-7990573.jpeg?auto=compress&cs=tinysrgb&dpr=1&w=500,https://search.pstatic.net/sunny/?type=b150&src=https%3A%2F%2Fimages.pexels.com%2Fphotos%2F7990573%2Fpexels-photo-7990573.jpeg%3Fauto%3Dcompress%26cs%3Dtinysrgb%26dpr%3D1%26w%3D500,889,500
"[뉴스광장 영상] 천년의 숨결, 경주 > 뉴스광장 > 사회 > 뉴스 | KBSNEWS [뉴스광장 영상] 천년의 숨결, 경주",http://mn.kbs.co.kr/data/news/2018/08/09/4021809_310.jpg,https://search.pstatic.net/sunny/?type=b150&src=http%3A%2F%2Fmn.kbs.co.kr%2Fdata%2Fnews%2F2018%2F08%2F09%2F4021809_310.jpg,720,1280
[포토] 경주 도리마을 은행나무숲서 힐링하는 관광객,http://imgnews.naver.net/image/5098/2019/07/15/0000310680_003_20190715001122050.jpg,https://search.pstatic.net/common/?type=b150&src=http%3A%2F%2Fimgnews.naver.net%2Fimage%2F5098%2F2019%2F07%2F15%2F0000310680_003_20190715001122050.jpg,911,1500
Free Costa rica Image on Unsplash Photo by Etienne Delorieux on Unsplash,http://images.unsplash.com/photo-1580088233933-cb1db21c608d?crop=entropy&cs=tinysrgb&fit=max&fm=jpg&ixid=MnwxMjA3fDB8MXxhbGx8fHx8fHx8fHwxNjMwMDcxMzY0&ixlib=rb-1.2.1&q=80&w=1080,https://search.pstatic.net/sunny/?type=b150&src=http%3A%2F%2Fimages.unsplash.com%2Fphoto-1580088233933-cb1db21c608d%3Fcrop%3Dentropy%26cs%3Dtinysrgb%26fit%3Dmax%26fm%3Djpg%26ixid%3DMnwxMjA3fDB8MXxhbGx8fHx8fHx8fHwxNjMwMDcxMzY0%26ixlib%3Drb-1.2.1%26q%3D80%26w%3D1080,1620,1080
나무로 둘러싸인 호수 사진 – Unsplash의 무료 건물 이미지 Unsplash에 있는 Tamas Tuzes-Katai의 사진,https://images.unsplash.com/photo-1766099953721-6b0d7b1a341f?fm=jpg&q=60&w=3000&ixlib=rb-4.1.0&ixid=M3wxMjA3fDB8MHxwaG90by1yZWxhdGVkfDN8fHxlbnwwfHx8fHw%3D,https://search.pstatic.net/sunny/?type=b150&src=https%3A%2F%2Fimages.unsplash.com%2Fphoto-1766099953721-6b0d7b1a341f%3Ffm%3Djpg%26q%3D60%26w%3D3000%26ixlib%3Drb-4.1.0%26ixid%3DM3wxMjA3fDB8MHxwaG90by1yZWxhdGVkfDN8fHxlbnwwfHx8fHw%253D,3750,3000
화랑교육원 (2026) - 경상북도 경주시 가볼만한곳 - 관광지랭킹,https://tong.visitkorea.or.kr/cms/resource/15/4066015_image2_1.jpg,https://search.pstatic.net/sunny/?type=b150&src=https%3A%2F%2Ftong.visitkorea.or.kr%2Fcms%2Fresource%2F15%2F4066015_image2_1.jpg,627,940
경북천년숲정원 (2026) - 경상북도 경주시 가볼만한곳 - 관광지랭킹,https://tong.visitkorea.or.kr/cms/resource/53/4062853_image2_1.jpg,https://search.pstatic.net/sunny/?type=b150&src=https%3A%2F%2Ftong.visitkorea.or.kr%2Fcms%2Fresource%2F53%2F4062853_image2_1.jpg,627,940
"경주에서 보내는 가장 단순한 밤, 차박과 노지캠핑 명소 BEST 3... 세상속 풍경 경주에서 보내는 가장 단순한 밤, 차박과 노지캠핑 명소 BEST 3",https://t1.daumcdn.net/cafeattach/1RNid/30986fd553609cda74cbc6720ab66dff1725678b,https://search.pstatic.net/sunny/?type=b150&src=https%3A%2F%2Ft1.daumcdn.net%2Fcafeattach%2F1RNid%2F30986fd553609cda74cbc6720ab66dff1725678b,683,1024
경북도청 앞 천년 숲에 박정희 전 대통령 동상 제막,http://imgnews.naver.net/image/021/2024/12/05/0002676193_001_20241205122524566.jpg,https://search.pstatic.net/common/?type=b150&src=http%3A%2F%2Fimgnews.naver.net%2Fimage%2F021%2F2024%2F12%2F05%2F0002676193_001_20241205122524566.jpg,959,540
[걸어서 힐링속으로-경북을 걷다] 81. 경주 '동남산 가는 길',http://imgnews.naver.net/image/5098/2025/09/02/0000495286_003_20250902185211497.jpg,https://search.pstatic.net/common/?type=b150&src=http%3A%2F%2Fimgnews.naver.net%2Fimage%2F5098%2F2025%2F09%2F02%2F0000495286_003_20250902185211497.jpg,450,600
#오늘클립챌린지#경주통일전#경주천년의숲정원#경주삼릉숲#경주가볼만한곳#경주보문호수,https://pup-post-phinf.pstatic.net/MjAyNjA1MDdfNjYg/MDAxNzc4MDgyODMxODM3.N7x2xc89ZItcZaRRuf36jZcW38I39Ue47dHpfQ3YQGkg.mxMvlFHLHSd981xSeyP_G0l6sUEfa24_A8pq6tseqPgg.JPEG/POST_IMAGE_ENCODING_20260507_005347_049.jpg,https://search.pstatic.net/common/?type=b150&src=https%3A%2F%2Fpup-post-phinf.pstatic.net%2FMjAyNjA1MDdfNjYg%2FMDAxNzc4MDgyODMxODM3.N7x2xc89ZItcZaRRuf36jZcW38I39Ue47dHpfQ3YQGkg.mxMvlFHLHSd981xSeyP_G0l6sUEfa24_A8pq6tseqPgg.JPEG%2FPOST_IMAGE_ENCODING_20260507_005347_049.jpg,1440,1080
네이버 인플루언서 [네이버 인플루언서] 경주 도리마을과 천년숲정원,https://dthumb-phinf.pstatic.net/?src=%22https://mblogthumb-phinf.pstatic.net/MjAyNDExMTRfOTQg/MDAxNzMxNTQ5ODE0MjUy.jWXPxR_Hqno510jcDy8oCP7WqoptgNvq1S4KOrc4o-wg.tttfuXzSlYb8WuzrCDI0n5WtSTVIBkj8FkhzMAmrVnog.JPEG/20241114%25A3%25DF102834%25A3%25DF222.jpg?type=w800%22&opts=2&twidth=700&theight=700,https://search.pstatic.net/sunny/?type=b150&src=https%3A%2F%2Fdthumb-phinf.pstatic.net%2F%3Fsrc%3D%2522https%3A%2F%2Fmblogthumb-phinf.pstatic.net%2FMjAyNDExMTRfOTQg%2FMDAxNzMxNTQ5ODE0MjUy.jWXPxR_Hqno510jcDy8oCP7WqoptgNvq1S4KOrc4o-wg.tttfuXzSlYb8WuzrCDI0n5WtSTVIBkj8FkhzMAmrVnog.JPEG%2F20241114%2525A3%2525DF102834%2525A3%2525DF222.jpg%3Ftype%3Dw800%2522%26opts%3D2%26twidth%3D700%26theight%3D700,466,700
"""천년 전나무 숲 걸어요""",http://imgnews.naver.net/image/001/2006/05/14/kp1_2060514n1999.jpg,https://search.pstatic.net/common/?type=b150&src=http%3A%2F%2Fimgnews.naver.net%2Fimage%2F001%2F2006%2F05%2F14%2Fkp1_2060514n1999.jpg,410,283
네이버 인플루언서 [네이버 인플루언서] 가을 경주 갈만한곳 추천,https://influencer-phinf.pstatic.net/MjAyNTEwMTFfNjQg/MDAxNzYwMTYxNzEzOTEz.cnAbBK3-dYyMb-W6JuZENWu-aiycGxUiPc1YdUZPnVsg.EGJ8ofj0AtVNyUIyH-gXynKEOlopqhcFjpFUvtYapdAg.PNG/1932.png?type=w700,https://search.pstatic.net/sunny/?type=b150&src=https%3A%2F%2Finfluencer-phinf.pstatic.net%2FMjAyNTEwMTFfNjQg%2FMDAxNzYwMTYxNzEzOTEz.cnAbBK3-dYyMb-W6JuZENWu-aiycGxUiPc1YdUZPnVsg.EGJ8ofj0AtVNyUIyH-gXynKEOlopqhcFjpFUvtYapdAg.PNG%2F1932.png%3Ftype%3Dw700,466,466
#경주 당일 찍먹 하기 좋은 천년의숲정원 행복행,https://pup-post-phinf.pstatic.net/MjAyNTA4MzFfMjQ5/MDAxNzU2NjQ2MzAxMTY1.Dp2TECZq2fiwYj31XQQlulAEIm6CAYbmX2RquanmYCgg.41bwVkKwLFd30O_2t7hF8zrd3RIC65JzXLU3XzXNZsYg.JPEG/433C882F-79A0-4343-B7A9-723E9AC01DED.jpg,https://search.pstatic.net/common/?type=b150&src=https%3A%2F%2Fpup-post-phinf.pstatic.net%2FMjAyNTA4MzFfMjQ5%2FMDAxNzU2NjQ2MzAxMTY1.Dp2TECZq2fiwYj31XQQlulAEIm6CAYbmX2RquanmYCgg.41bwVkKwLFd30O_2t7hF8zrd3RIC65JzXLU3XzXNZsYg.JPEG%2F433C882F-79A0-4343-B7A9-723E9AC01DED.jpg,1440,1080
경북 경주에 ‘천년숲정원’ 개원…지방정원 1호 등록,http://imgnews.naver.net/image/011/2023/04/24/0004182361_001_20230424102103003.png,https://search.pstatic.net/common/?type=b150&src=http%3A%2F%2Fimgnews.naver.net%2Fimage%2F011%2F2023%2F04%2F24%2F0004182361_001_20230424102103003.png,355,508
천년의 숲 비자림/은노병 - 벅스 천년의 숲 비자림 / 은노병,https://image.bugsm.co.kr/album/images/500/203398/20339841.jpg,https://search.pstatic.net/sunny/?type=b150&src=https%3A%2F%2Fimage.bugsm.co.kr%2Falbum%2Fimages%2F500%2F203398%2F20339841.jpg,500,500
#오늘클립챌린지 #경주천년숲정원 #경주가볼만한곳,https://pup-post-phinf.pstatic.net/MjAyNjA0MjFfMTYw/MDAxNzc2Njk4MDk0Njgx.9DhLwctQ7Dbp2QXwVj-enUYvhFo7wudKRZu9ZbkCQAYg.VvgxyWJnLlRUpK_MF-oVNXOVZ_EeivfBdrqfTqYpuf4g.JPEG/POST_IMAGE_ENCODING_20260421_001451_873.jpg,https://search.pstatic.net/common/?type=b150&src=https%3A%2F%2Fpup-post-phinf.pstatic.net%2FMjAyNjA0MjFfMTYw%2FMDAxNzc2Njk4MDk0Njgx.9DhLwctQ7Dbp2QXwVj-enUYvhFo7wudKRZu9ZbkCQAYg.VvgxyWJnLlRUpK_MF-oVNXOVZ_EeivfBdrqfTqYpuf4g.JPEG%2FPOST_IMAGE_ENCODING_20260421_001451_873.jpg,1920,1440
범람하면 맹그로브 숲처럼 또 다른 아름다운 모습으로 변하는 경주 천년숲의 모습이에요:)  #경주여행 #경주산림환경연구원 #사진여행 #클립챌린저,https://pup-post-phinf.pstatic.net/MjAyNTA4MTNfMjkx/MDAxNzU1MDUxMDEyNjE4.jeraQG8rc60kUa9U6vU7jCBHmz6-ucOvuTFUgS6Lb-Ig.Rmf0WEAMVHcFqHGeEAzPIIJ67F9LwFr26tUGDiCYs6cg.JPEG/POST_IMAGE_ENCODING_20250813_111011_278.jpg,https://search.pstatic.net/common/?type=b150&src=https%3A%2F%2Fpup-post-phinf.pstatic.net%2FMjAyNTA4MTNfMjkx%2FMDAxNzU1MDUxMDEyNjE4.jeraQG8rc60kUa9U6vU7jCBHmz6-ucOvuTFUgS6Lb-Ig.Rmf0WEAMVHcFqHGeEAzPIIJ67F9LwFr26tUGDiCYs6cg.JPEG%2FPOST_IMAGE_ENCODING_20250813_111011_278.jpg,1439,1080
경주 간김에 천년숲정원도 갔어요! 사진찍기 좋은 포인트가 꽤 많으니까 커플이 가면 좋을 거 같네요!,https://pup-post-phinf.pstatic.net/MjAyNTExMDVfMzQg/MDAxNzYyMzA4NDA0MjM3.aaNj_YwrbAymw5pLhI1gUCgre8O7kTUyonz-LsnIpoEg.lDIXaDZSfUlkS40b-3attH7EnlpK6w4HMmOWa6kry4Ig.JPEG/POST_IMAGE_ENCODING_20251105_110638_572.jpg,https://search.pstatic.net/common/?type=b150&src=https%3A%2F%2Fpup-post-phinf.pstatic.net%2FMjAyNTExMDVfMzQg%2FMDAxNzYyMzA4NDA0MjM3.aaNj_YwrbAymw5pLhI1gUCgre8O7kTUyonz-LsnIpoEg.lDIXaDZSfUlkS40b-3attH7EnlpK6w4HMmOWa6kry4Ig.JPEG%2FPOST_IMAGE_ENCODING_20251105_110638_572.jpg,1440,1080
가을지나 겨울로,http://imgnews.naver.net/image/003/2022/11/13/NISI20221113_0019459993_web_20221113151912_20221113152008189.jpg,https://search.pstatic.net/common/?type=b150&src=http%3A%2F%2Fimgnews.naver.net%2Fimage%2F003%2F2022%2F11%2F13%2FNISI20221113_0019459993_web_20221113151912_20221113152008189.jpg,464,719
천년의 숲 - 에세이/시 - 전자책 - 리디 천년의 숲,https://img.ridicdn.net/cover/1943000169/xxlarge,https://search.pstatic.net/sunny/?type=b150&src=https%3A%2F%2Fimg.ridicdn.net%2Fcover%2F1943000169%2Fxxlarge,681,480
#오늘여기클립 가을에 여행하기 좋은 경주~ 경북천년숲공원 산책하기 좋음 ㅎㅎ,https://pup-post-phinf.pstatic.net/MjAyNTExMDRfMjk3/MDAxNzYyMjU5NjY1NTAx.EzJn_za_jVbU6gecAFoWJPoyy4TzHh-nY1Auvjsdlyog.4WBM1rEa3l05N4_cRpb3ovUBat8MS8mg1VlDBo0BC8sg.JPEG/POST_IMAGE_ENCODING_20251104_213424_208.jpg,https://search.pstatic.net/common/?type=b150&src=https%3A%2F%2Fpup-post-phinf.pstatic.net%2FMjAyNTExMDRfMjk3%2FMDAxNzYyMjU5NjY1NTAx.EzJn_za_jVbU6gecAFoWJPoyy4TzHh-nY1Auvjsdlyog.4WBM1rEa3l05N4_cRpb3ovUBat8MS8mg1VlDBo0BC8sg.JPEG%2FPOST_IMAGE_ENCODING_20251104_213424_208.jpg,1080,1440
#경주대릉원 #경북천년숲 #경주당일치기 #오늘여기클립,https://pup-post-phinf.pstatic.net/MjAyNTExMTZfMjQy/MDAxNzYzMjUyNzQxODMy.hRqJoVS05CIYPgygi-mAf_ogXi9ku_kdiwGD9VktuPsg.i2UuOHnKYDJbElhB_Q3G5yjohWMZqWgCdC-YcTxJOuQg.JPEG/POST_IMAGE_ENCODING_20251116_092541_744.jpg,https://search.pstatic.net/common/?type=b150&src=https%3A%2F%2Fpup-post-phinf.pstatic.net%2FMjAyNTExMTZfMjQy%2FMDAxNzYzMjUyNzQxODMy.hRqJoVS05CIYPgygi-mAf_ogXi9ku_kdiwGD9VktuPsg.i2UuOHnKYDJbElhB_Q3G5yjohWMZqWgCdC-YcTxJOuQg.JPEG%2FPOST_IMAGE_ENCODING_20251116_092541_744.jpg,1440,1080
"""주민들 항의에 결국..."" 경주 핫플 '도리마을 은행나무숲'이 사라지는... "" 경주 핫플 '도리마을 은행나무숲'이 사라지는 충격적인 이유",https://cdn.tourtoctoc.com/news/photo/202401/3708_23336_4857.jpg,https://search.pstatic.net/sunny/?type=b150&src=https%3A%2F%2Fcdn.tourtoctoc.com%2Fnews%2Fphoto%2F202401%2F3708_23336_4857.jpg,628,1200
#봄나들이 #경주여행 #경주가볼만한곳 #천년의숲 #오늘클립챌린지,https://pup-post-phinf.pstatic.net/MjAyNjA0MTVfODAg/MDAxNzc2MjMxMDYwNzI3.w4wqgZ91cYxZgAzwkb1SDCDSlDc6_ILIAnAs_eGTC9Mg.2t5Ng0yvh1ojZQWEZHI24LMRKDPay5T6cdbwnvhubqMg.JPEG/D5B50D2A-8D4F-4841-9824-579C30AAFC00.jpg,https://search.pstatic.net/common/?type=b150&src=https%3A%2F%2Fpup-post-phinf.pstatic.net%2FMjAyNjA0MTVfODAg%2FMDAxNzc2MjMxMDYwNzI3.w4wqgZ91cYxZgAzwkb1SDCDSlDc6_ILIAnAs_eGTC9Mg.2t5Ng0yvh1ojZQWEZHI24LMRKDPay5T6cdbwnvhubqMg.JPEG%2FD5B50D2A-8D4F-4841-9824-579C30AAFC00.jpg,1440,1080
