ds,District,y,transport_cnt,transport_person
2025-01-01,강남구,2435.0,1113.0,1116.0
2025-01-01,강동구,2083.0,1074.0,1077.0
2025-01-01,강북구,1987.0,1056.0,1057.0
2025-01-01,강서구,2128.0,1186.0,1189.0
2025-01-01,관악구,2165.0,1088.0,1090.0
2025-01-01,광진구,1444.0,670.0,672.0
2025-01-01,구로구,2246.0,1208.0,1211.0
2025-01-01,금천구,1092.0,560.0,562.0
2025-01-01,노원구,2175.0,1168.0,1168.0
2025-01-01,도봉구,1521.0,831.0,832.0
2025-01-01,동대문구,1830.0,944.0,945.0
2025-01-01,동작구,1300.0,676.0,677.0
2025-01-01,마포구,2192.0,1078.0,1082.0
2025-01-01,서대문구,1534.0,820.0,821.0
2025-01-01,서초구,2194.0,911.0,912.0
2025-01-01,성동구,1159.0,563.0,564.0
2025-01-01,성북구,1743.0,919.0,919.0
2025-01-01,송파구,2271.0,1069.0,1072.0
2025-01-01,양천구,1926.0,1074.0,1080.0
2025-01-01,영등포구,2181.0,1006.0,1008.0
2025-01-01,용산구,1206.0,502.0,502.0
2025-01-01,은평구,1866.0,998.0,1000.0
2025-01-01,종로구,1244.0,562.0,563.0
2025-01-01,중랑구,1774.0,862.0,864.0
2025-01-01,중구,1374.0,635.0,637.0
2025-02-01,강남구,2200.0,1004.0,1008.0
2025-02-01,강동구,1745.0,936.0,938.0
2025-02-01,강북구,1657.0,862.0,864.0
2025-02-01,강서구,1865.0,975.0,977.0
2025-02-01,관악구,1856.0,895.0,896.0
2025-02-01,광진구,1174.0,599.0,600.0
2025-02-01,구로구,1899.0,1026.0,1029.0
2025-02-01,금천구,984.0,532.0,533.0
2025-02-01,노원구,1821.0,960.0,962.0
2025-02-01,도봉구,1207.0,647.0,648.0
2025-02-01,동대문구,1491.0,736.0,737.0
2025-02-01,동작구,1189.0,561.0,561.0
2025-02-01,마포구,2008.0,987.0,998.0
2025-02-01,서대문구,1340.0,682.0,683.0
2025-02-01,서초구,1919.0,860.0,865.0
2025-02-01,성동구,1014.0,495.0,497.0
2025-02-01,성북구,1504.0,815.0,816.0
2025-02-01,송파구,2155.0,940.0,943.0
2025-02-01,양천구,1592.0,861.0,863.0
2025-02-01,영등포구,1885.0,889.0,892.0
2025-02-01,용산구,1046.0,463.0,464.0
2025-02-01,은평구,1650.0,898.0,899.0
2025-02-01,종로구,1138.0,484.0,484.0
2025-02-01,중랑구,1545.0,760.0,762.0
2025-02-01,중구,1271.0,581.0,582.0
2025-03-01,강남구,2445.0,1130.0,1131.0
2025-03-01,강동구,1964.0,1087.0,1094.0
2025-03-01,강북구,1839.0,947.0,950.0
2025-03-01,강서구,2056.0,1162.0,1163.0
2025-03-01,관악구,2020.0,983.0,986.0
2025-03-01,광진구,1265.0,663.0,664.0
2025-03-01,구로구,2062.0,1107.0,1109.0
2025-03-01,금천구,1019.0,535.0,536.0
2025-03-01,노원구,2011.0,1078.0,1079.0
2025-03-01,도봉구,1336.0,755.0,755.0
2025-03-01,동대문구,1667.0,884.0,886.0
2025-03-01,동작구,1212.0,612.0,613.0
2025-03-01,마포구,2149.0,1033.0,1034.0
2025-03-01,서대문구,1446.0,722.0,725.0
2025-03-01,서초구,2041.0,864.0,869.0
2025-03-01,성동구,1106.0,543.0,543.0
2025-03-01,성북구,1652.0,848.0,848.0
2025-03-01,송파구,2344.0,1082.0,1086.0
2025-03-01,양천구,1821.0,989.0,990.0
2025-03-01,영등포구,2080.0,957.0,959.0
2025-03-01,용산구,1153.0,489.0,492.0
2025-03-01,은평구,1761.0,963.0,964.0
2025-03-01,종로구,1374.0,611.0,613.0
2025-03-01,중랑구,1754.0,848.0,849.0
2025-03-01,중구,1397.0,636.0,638.0
2025-04-01,강남구,2468.0,1126.0,1132.0
2025-04-01,강동구,1914.0,1036.0,1042.0
2025-04-01,강북구,1749.0,893.0,894.0
2025-04-01,강서구,1992.0,1139.0,1149.0
2025-04-01,관악구,1965.0,974.0,976.0
2025-04-01,광진구,1336.0,704.0,704.0
2025-04-01,구로구,2062.0,1087.0,1090.0
2025-04-01,금천구,1016.0,525.0,527.0
2025-04-01,노원구,1958.0,1031.0,1036.0
2025-04-01,도봉구,1270.0,694.0,696.0
2025-04-01,동대문구,1667.0,858.0,859.0
2025-04-01,동작구,1203.0,592.0,593.0
2025-04-01,마포구,2287.0,1051.0,1053.0
2025-04-01,서대문구,1442.0,734.0,736.0
2025-04-01,서초구,2012.0,881.0,884.0
2025-04-01,성동구,1121.0,577.0,579.0
2025-04-01,성북구,1611.0,873.0,875.0
2025-04-01,송파구,2319.0,1151.0,1156.0
2025-04-01,양천구,1743.0,993.0,995.0
2025-04-01,영등포구,2077.0,965.0,970.0
2025-04-01,용산구,1165.0,510.0,511.0
2025-04-01,은평구,1720.0,896.0,901.0
2025-04-01,종로구,1390.0,601.0,605.0
2025-04-01,중랑구,1729.0,878.0,881.0
2025-04-01,중구,1353.0,655.0,655.0
2025-05-01,강남구,2544.0,1241.0,1250.0
2025-05-01,강동구,2035.0,1100.0,1107.0
2025-05-01,강북구,1829.0,986.0,989.0
2025-05-01,강서구,2140.0,1225.0,1228.0
2025-05-01,관악구,2157.0,1113.0,1117.0
2025-05-01,광진구,1481.0,741.0,745.0
2025-05-01,구로구,2139.0,1194.0,1196.0
2025-05-01,금천구,1056.0,569.0,569.0
2025-05-01,노원구,2069.0,1169.0,1171.0
2025-05-01,도봉구,1307.0,755.0,757.0
2025-05-01,동대문구,1775.0,908.0,910.0
2025-05-01,동작구,1267.0,620.0,620.0
2025-05-01,마포구,2392.0,1088.0,1092.0
2025-05-01,서대문구,1482.0,767.0,774.0
2025-05-01,서초구,2229.0,951.0,960.0
2025-05-01,성동구,1257.0,586.0,586.0
2025-05-01,성북구,1684.0,900.0,901.0
2025-05-01,송파구,2538.0,1197.0,1201.0
2025-05-01,양천구,1886.0,1089.0,1091.0
2025-05-01,영등포구,2181.0,1022.0,1029.0
2025-05-01,용산구,1332.0,563.0,566.0
2025-05-01,은평구,1760.0,944.0,947.0
2025-05-01,종로구,1476.0,639.0,639.0
2025-05-01,중랑구,1754.0,936.0,936.0
2025-05-01,중구,1475.0,707.0,708.0
2025-06-01,강남구,2661.0,1211.0,1219.0
2025-06-01,강동구,2076.0,1105.0,1107.0
2025-06-01,강북구,1859.0,998.0,999.0
2025-06-01,강서구,2163.0,1247.0,1252.0
2025-06-01,관악구,2113.0,1036.0,1038.0
2025-06-01,광진구,1484.0,796.0,799.0
2025-06-01,구로구,2065.0,1128.0,1129.0
2025-06-01,금천구,1034.0,551.0,554.0
2025-06-01,노원구,2079.0,1127.0,1131.0
2025-06-01,도봉구,1352.0,773.0,773.0
2025-06-01,동대문구,1754.0,884.0,885.0
2025-06-01,동작구,1220.0,626.0,629.0
2025-06-01,마포구,2408.0,1117.0,1122.0
2025-06-01,서대문구,1530.0,789.0,791.0
2025-06-01,서초구,2264.0,939.0,942.0
2025-06-01,성동구,1275.0,568.0,571.0
2025-06-01,성북구,1670.0,895.0,898.0
2025-06-01,송파구,2465.0,1177.0,1179.0
2025-06-01,양천구,1843.0,1013.0,1014.0
2025-06-01,영등포구,2155.0,1015.0,1016.0
2025-06-01,용산구,1349.0,567.0,568.0
2025-06-01,은평구,1795.0,989.0,989.0
2025-06-01,종로구,1526.0,637.0,637.0
2025-06-01,중랑구,1750.0,921.0,922.0
2025-06-01,중구,1452.0,709.0,710.0
2025-07-01,강남구,2956.0,1463.0,1469.0
2025-07-01,강동구,2251.0,1120.0,1126.0
2025-07-01,강북구,2008.0,998.0,998.0
2025-07-01,강서구,2394.0,1280.0,1285.0
2025-07-01,관악구,2317.0,1069.0,1071.0
2025-07-01,광진구,1535.0,772.0,775.0
2025-07-01,구로구,2431.0,1260.0,1262.0
2025-07-01,금천구,1238.0,662.0,667.0
2025-07-01,노원구,2216.0,1186.0,1186.0
2025-07-01,도봉구,1519.0,876.0,880.0
2025-07-01,동대문구,1964.0,1010.0,1014.0
2025-07-01,동작구,1400.0,687.0,688.0
2025-07-01,마포구,2503.0,1109.0,1111.0
2025-07-01,서대문구,1615.0,783.0,784.0
2025-07-01,서초구,2475.0,1075.0,1078.0
2025-07-01,성동구,1396.0,638.0,638.0
2025-07-01,성북구,1768.0,913.0,913.0
2025-07-01,송파구,2600.0,1235.0,1239.0
2025-07-01,양천구,2082.0,1178.0,1187.0
2025-07-01,영등포구,2437.0,1092.0,1094.0
2025-07-01,용산구,1470.0,614.0,617.0
2025-07-01,은평구,1993.0,1056.0,1056.0
2025-07-01,종로구,1606.0,693.0,694.0
2025-07-01,중랑구,1953.0,993.0,995.0
2025-07-01,중구,1570.0,772.0,775.0
2025-08-01,강남구,2753.0,1256.0,1262.0
2025-08-01,강동구,2182.0,1114.0,1115.0
2025-08-01,강북구,1929.0,1036.0,1040.0
2025-08-01,강서구,2356.0,1294.0,1298.0
2025-08-01,관악구,2389.0,1131.0,1131.0
2025-08-01,광진구,1570.0,794.0,795.0
2025-08-01,구로구,2340.0,1276.0,1279.0
2025-08-01,금천구,1120.0,605.0,605.0
2025-08-01,노원구,2178.0,1185.0,1185.0
2025-08-01,도봉구,1458.0,817.0,817.0
2025-08-01,동대문구,1812.0,958.0,963.0
2025-08-01,동작구,1382.0,713.0,713.0
2025-08-01,마포구,2569.0,1109.0,1111.0
2025-08-01,서대문구,1632.0,811.0,818.0
2025-08-01,서초구,2459.0,1064.0,1070.0
2025-08-01,성동구,1283.0,605.0,608.0
2025-08-01,성북구,1782.0,969.0,971.0
2025-08-01,송파구,2616.0,1272.0,1279.0
2025-08-01,양천구,2045.0,1207.0,1211.0
2025-08-01,영등포구,2329.0,1110.0,1111.0
2025-08-01,용산구,1503.0,638.0,644.0
2025-08-01,은평구,2052.0,1105.0,1106.0
2025-08-01,종로구,1515.0,664.0,666.0
2025-08-01,중랑구,1874.0,926.0,927.0
2025-08-01,중구,1496.0,729.0,734.0
2025-09-01,강남구,2670.0,1313.0,1320.0
2025-09-01,강동구,2144.0,1101.0,1103.0
2025-09-01,강북구,1866.0,1037.0,1037.0
2025-09-01,강서구,2181.0,1211.0,1212.0
2025-09-01,관악구,2163.0,1086.0,1087.0
2025-09-01,광진구,1556.0,812.0,815.0
2025-09-01,구로구,2325.0,1295.0,1300.0
2025-09-01,금천구,1089.0,584.0,584.0
2025-09-01,노원구,2109.0,1197.0,1199.0
2025-09-01,도봉구,1461.0,817.0,822.0
2025-09-01,동대문구,1867.0,1023.0,1026.0
2025-09-01,동작구,1279.0,717.0,719.0
2025-09-01,마포구,2470.0,1138.0,1141.0
2025-09-01,서대문구,1651.0,797.0,797.0
2025-09-01,서초구,2257.0,1083.0,1090.0
2025-09-01,성동구,1324.0,646.0,648.0
2025-09-01,성북구,1749.0,984.0,987.0
2025-09-01,송파구,2590.0,1296.0,1303.0
2025-09-01,양천구,1958.0,1177.0,1180.0
2025-09-01,영등포구,2261.0,1096.0,1100.0
2025-09-01,용산구,1450.0,642.0,645.0
2025-09-01,은평구,2026.0,1101.0,1104.0
2025-09-01,종로구,1463.0,645.0,646.0
2025-09-01,중랑구,1838.0,928.0,933.0
2025-09-01,중구,1442.0,708.0,710.0
