Hospital_ID,Hospital_Name,Tel,Updated_At,Available_Beds,Ambulance_Available,Beds_Unknown,District,collected_at,is_ffilled
A1100015,연세대학교의과대학강남세브란스병원,02-2019-3114,20260922122954,0.0,Y,False,강남구,2026-09-22 12:31:55.325679,False
A1100010,삼성서울병원,02-3410-2114,20260922123018,,Y,True,강남구,2026-09-22 12:31:55.325679,False
A1100043,강동경희대학교병원,02-440-7114,20260922123022,1.0,Y,False,강동구,2026-09-22 12:31:56.433375,False
A1100028,성심의료재단강동성심병원,02-2224-2114,20260922123007,8.0,Y,False,강동구,2026-09-22 12:31:56.433375,False
A1100053,한국보훈복지의료공단 중앙보훈병원,02-2225-1111,20260922122558,6.0,Y,False,강동구,2026-09-22 12:31:56.433375,False
A1120796,이화여자대학교의과대학부속서울병원,1522-7000,20260922122553,,Y,True,강서구,2026-09-22 12:31:59.068670,False
A1100036,부민병원,1577-7582,20260922123027,7.0,Y,False,강서구,2026-09-22 12:31:59.068670,False
A1100041,의료법인서울효천의료재단에이치플러스양지병원,02-1877-8875,20260922123016,10.0,Y,False,관악구,2026-09-22 12:32:00.663546,False
A1100002,건국대학교병원,1588-1533,20260922122808,3.0,Y,False,광진구,2026-09-22 12:32:01.736403,False
A1100051,혜민병원,02-2049-9000,20260922123018,8.0,Y,False,광진구,2026-09-22 12:32:01.736403,False
A1100014,고려대학교의과대학부속구로병원,02-2626-1114,20260922123029,1.0,Y,False,구로구,2026-09-22 12:32:02.839327,False
A1100026,구로성심병원,02-2067-1500,20260922123010,6.0,Y,False,구로구,2026-09-22 12:32:02.839327,False
A1100049,희명병원,02-804-0002,20260922122946,4.0,Y,False,금천구,2026-09-22 12:32:04.417648,False
A1100016,인제대학교상계백병원,02-950-1114,20260922123011,1.0,Y,False,노원구,2026-09-22 12:32:05.531828,False
A1100048,노원을지대학교병원,02-970-8000,20260922122602,8.0,Y,False,노원구,2026-09-22 12:32:05.531828,False
A1100027,한국원자력의학원원자력병원,02-970-2114,20260922122629,4.0,Y,False,노원구,2026-09-22 12:32:05.531828,False
A1100020,의료법인한전의료재단 한일병원,02-901-3114,20260922123003,4.0,Y,False,도봉구,2026-09-22 12:32:06.618973,False
A1100001,경희대학교병원,02-958-8114,20260922122931,7.0,Y,False,동대문구,2026-09-22 12:32:07.704046,False
A1100021,삼육서울병원,02-2244-0191,20260922122910,5.0,Y,False,동대문구,2026-09-22 12:32:07.704046,False
A1100022,서울특별시동부병원,02-920-9114,20260922123020,8.0,Y,False,동대문구,2026-09-22 12:32:07.704046,False
A1100050,서울성심병원,02-966-1616,20260922123021,15.0,Y,False,동대문구,2026-09-22 12:32:07.704046,False
A1100040,서울특별시보라매병원,02-870-2114,20260922123000,16.0,Y,False,동작구,2026-09-22 12:32:09.304787,False
A1100003,중앙대학교병원,1800-1114,20260922123009,15.0,Y,False,동작구,2026-09-22 12:32:09.304787,False
A1100007,연세대학교의과대학세브란스병원,02-2228-0114,20260922122833,1.0,Y,False,서대문구,2026-09-22 12:32:12.464938,False
A1100025,의료법인동신의료재단동신병원,02-396-9161,20260922122824,3.0,Y,False,서대문구,2026-09-22 12:32:12.464938,False
A1100012,학교법인가톨릭학원가톨릭대학교서울성모병원,0215881511,20260922123015,,Y,True,서초구,2026-09-22 12:32:13.550644,False
A1122033,기쁨병원,02-570-1234,20260922123035,4.0,Y,False,서초구,2026-09-22 12:32:13.550644,False
A1100013,한양대학교병원,02-2290-8114,20260922122827,11.0,Y,False,성동구,2026-09-22 12:32:15.129170,False
A1100008,학교법인고려중앙학원고려대학교의과대학부속병원(안암병원),1577-0083,20260922122445,13.0,Y,False,성북구,2026-09-22 12:32:16.244914,False
A1100009,재단법인아산사회복지재단서울아산병원,02-3010-3114,20260922122815,,Y,True,송파구,2026-09-22 12:32:17.281674,False
A1100039,경찰병원,02-3400-1114,20260922123003,3.0,Y,False,송파구,2026-09-22 12:32:17.281674,False
A1100005,이화여자대학교의과대학부속목동병원,02-2650-5114,20260922122544,10.0,Y,False,양천구,2026-09-22 12:32:18.873389,False
A1100019,홍익병원,02-2693-5555,20260922122923,6.0,Y,False,양천구,2026-09-22 12:32:18.873389,False
A1100223,서울특별시서남병원,1566-6688,20260922123000,16.0,Y,False,양천구,2026-09-22 12:32:18.873389,False
A1100011,가톨릭대학교여의도성모병원,02-1661-7575,20260922123015,6.0,Y,False,영등포구,2026-09-22 12:32:20.445641,False
A1100055,한림대학교강남성심병원,02-829-5114,20260922122602,9.0,Y,False,영등포구,2026-09-22 12:32:20.445641,False
A1100054,성애의료재단성애병원,02-840-7114,20260922122918,14.0,Y,False,영등포구,2026-09-22 12:32:20.445641,False
A1100024,명지성모병원,02-1899-1475,20260922123127,8.0,Y,False,영등포구,2026-09-22 12:32:20.445641,False
A1100037,대림성모병원,02-829-9000,20260922123018,5.0,Y,False,영등포구,2026-09-22 12:32:20.445641,False
A1100045,씨엠병원,02-2678-0001,20260922121500,8.0,Y,False,영등포구,2026-09-22 12:32:20.445641,False
A1100004,순천향대학교부속서울병원,02-709-9114,20260922122722,7.0,Y,False,용산구,2026-09-22 12:32:21.506083,False
A1121013,가톨릭대학교은평성모병원,02-1811-7755,20260922123015,5.0,Y,False,은평구,2026-09-22 12:32:22.591123,False
A1100023,의료법인청구성심병원,02-350-3300,20260922122859,8.0,Y,False,은평구,2026-09-22 12:32:22.591123,False
A1100017,서울대학교병원,02-1588-5700,20260922122937,,Y,True,종로구,2026-09-22 12:32:23.656626,False
A1100006,강북삼성병원,02-2001-2001,20260922123032,4.0,Y,False,종로구,2026-09-22 12:32:23.656626,False
A1100029,서울적십자병원,02-2002-8000,20260922122920,4.0,Y,False,종로구,2026-09-22 12:32:23.656626,False
A1100032,세란병원,02-737-0181,20260922122816,4.0,Y,False,종로구,2026-09-22 12:32:23.656626,False
A1100052,국립중앙의료원,02-2260-7114,20260922122805,8.0,Y,False,중구,2026-09-22 12:32:25.235161,False
A1100035,서울특별시서울의료원,02-2276-7000,20260922123000,6.0,Y,False,중랑구,2026-09-22 12:32:26.346463,False
A1100075,의료법인풍산의료재단동부제일병원,02-437-5011,20260922122535,7.0,Y,False,중랑구,2026-09-22 12:32:26.346463,False
A1100044,녹색병원,02-490-2000,20260922123004,,Y,True,중랑구,2026-09-22 12:32:26.346463,False
