"구별(1)",구별(2),2006,2006,2006,2006,2006,2006,2006,2006,2006,2006,2006,2006,2006,2006,2006,2006,2006,2006,2006,2006,2007,2007,2007,2007,2007,2007,2007,2007,2007,2007,2007,2007,2007,2007,2007,2007,2007,2007,2007,2007,2008,2008,2008,2008,2008,2008,2008,2008,2008,2008,2008,2008,2008,2008,2008,2008,2008,2008,2008,2008,2009,2009,2009,2009,2009,2009,2009,2009,2009,2009,2009,2009,2009,2009,2009,2009,2009,2009,2009,2009,2009,2010,2010,2010,2010,2010,2010,2010,2010,2010,2010,2010,2010,2010,2010,2010,2010,2010,2010,2010,2010,2010,2011,2011,2011,2011,2011,2011,2011,2011,2011,2011,2011,2011,2011,2011,2011,2011,2011,2011,2011,2011,2011,2012,2012,2012,2012,2012,2012,2012,2012,2012,2012,2012,2012,2012,2012,2012,2012,2012,2012,2012,2012,2012,2013,2013,2013,2013,2013,2013,2013,2013,2013,2013,2013,2013,2013,2013,2013,2013,2013,2013,2013,2013,2013,2014,2014,2014,2014,2014,2014,2014,2014,2014,2014,2014,2014,2014,2014,2014,2014,2014,2014,2014,2014,2014,2015,2015,2015,2015,2015,2015,2015,2015,2015,2015,2015,2015,2015,2015,2015,2015,2015,2015,2015,2015,2015,2016,2016,2016,2016,2016,2016,2016,2016,2016,2016,2016,2016,2016,2016,2016,2016,2016,2016,2016,2016,2016,2017,2017,2017,2017,2017,2017,2017,2017,2017,2017,2017,2017,2017,2017,2017,2017,2017,2017,2017,2017,2017,2018,2018,2018,2018,2018,2018,2018,2018,2018,2018,2018,2018,2018,2018,2018,2018,2018,2018,2018,2018,2018,2019,2019,2019,2019,2019,2019,2019,2019,2019,2019,2019,2019,2019,2019,2019,2019,2019,2019,2019,2019,2020,2020,2020,2020,2020,2020,2020,2020,2020,2020,2020,2020,2020,2020,2020,2020,2020,2020,2020,2020,2020,2021,2021,2021,2021,2021,2021,2021,2021,2021,2021,2021,2021,2021,2021,2021,2021,2021,2021,2021,2021,2021,2022,2022,2022,2022,2022,2022,2022,2022,2022,2022,2022,2022,2022,2022,2022,2022,2022,2022,2022,2022,2022,2023,2023,2023,2023,2023,2023,2023,2023,2023,2023,2023,2023,2023,2023,2023,2023,2023,2023,2023,2023,2023,2024,2024,2024,2024,2024,2024,2024,2024,2024,2024,2024,2024,2024,2024,2024,2024,2024,2024,2024,2024,2024,2024,2025,2025,2025,2025,2025,2025,2025,2025,2025,2025,2025,2025,2025,2025,2025,2025,2025,2025,2025,2025,2025,2025
"구별(1)",구별(2),출동건수 (건),출동건수 (건),출동건수 (건),출동건수 (건),출동건수 (건),출동건수 (건),구조인원 (명),구조인원 (명),구조인원 (명),구조인원 (명),구조인원 (명),구조인원 (명),구조인원 (명),구조인원 (명),구조인원 (명),구조인원 (명),구조인원 (명),구조인원 (명),구조인원 (명),구조인원 (명),출동건수 (건),출동건수 (건),출동건수 (건),출동건수 (건),출동건수 (건),출동건수 (건),구조인원 (명),구조인원 (명),구조인원 (명),구조인원 (명),구조인원 (명),구조인원 (명),구조인원 (명),구조인원 (명),구조인원 (명),구조인원 (명),구조인원 (명),구조인원 (명),구조인원 (명),구조인원 (명),출동건수 (건),출동건수 (건),출동건수 (건),출동건수 (건),출동건수 (건),출동건수 (건),구조인원 (명),구조인원 (명),구조인원 (명),구조인원 (명),구조인원 (명),구조인원 (명),구조인원 (명),구조인원 (명),구조인원 (명),구조인원 (명),구조인원 (명),구조인원 (명),구조인원 (명),구조인원 (명),출동건수 (건),출동건수 (건),출동건수 (건),출동건수 (건),출동건수 (건),출동건수 (건),구조인원 (명),구조인원 (명),구조인원 (명),구조인원 (명),구조인원 (명),구조인원 (명),구조인원 (명),구조인원 (명),구조인원 (명),구조인원 (명),구조인원 (명),구조인원 (명),구조인원 (명),구조인원 (명),구조인원 (명),출동건수 (건),출동건수 (건),출동건수 (건),출동건수 (건),출동건수 (건),출동건수 (건),구조인원 (명),구조인원 (명),구조인원 (명),구조인원 (명),구조인원 (명),구조인원 (명),구조인원 (명),구조인원 (명),구조인원 (명),구조인원 (명),구조인원 (명),구조인원 (명),구조인원 (명),구조인원 (명),구조인원 (명),출동건수 (건),출동건수 (건),출동건수 (건),출동건수 (건),출동건수 (건),출동건수 (건),구조인원 (명),구조인원 (명),구조인원 (명),구조인원 (명),구조인원 (명),구조인원 (명),구조인원 (명),구조인원 (명),구조인원 (명),구조인원 (명),구조인원 (명),구조인원 (명),구조인원 (명),구조인원 (명),구조인원 (명),출동건수 (건),출동건수 (건),출동건수 (건),출동건수 (건),출동건수 (건),출동건수 (건),구조인원 (명),구조인원 (명),구조인원 (명),구조인원 (명),구조인원 (명),구조인원 (명),구조인원 (명),구조인원 (명),구조인원 (명),구조인원 (명),구조인원 (명),구조인원 (명),구조인원 (명),구조인원 (명),구조인원 (명),출동건수 (건),출동건수 (건),출동건수 (건),출동건수 (건),출동건수 (건),출동건수 (건),구조인원 (명),구조인원 (명),구조인원 (명),구조인원 (명),구조인원 (명),구조인원 (명),구조인원 (명),구조인원 (명),구조인원 (명),구조인원 (명),구조인원 (명),구조인원 (명),구조인원 (명),구조인원 (명),구조인원 (명),출동건수 (건),출동건수 (건),출동건수 (건),출동건수 (건),출동건수 (건),출동건수 (건),구조인원 (명),구조인원 (명),구조인원 (명),구조인원 (명),구조인원 (명),구조인원 (명),구조인원 (명),구조인원 (명),구조인원 (명),구조인원 (명),구조인원 (명),구조인원 (명),구조인원 (명),구조인원 (명),구조인원 (명),출동건수 (건),출동건수 (건),출동건수 (건),출동건수 (건),출동건수 (건),출동건수 (건),구조인원 (명),구조인원 (명),구조인원 (명),구조인원 (명),구조인원 (명),구조인원 (명),구조인원 (명),구조인원 (명),구조인원 (명),구조인원 (명),구조인원 (명),구조인원 (명),구조인원 (명),구조인원 (명),구조인원 (명),출동건수 (건),출동건수 (건),출동건수 (건),출동건수 (건),출동건수 (건),출동건수 (건),구조인원 (명),구조인원 (명),구조인원 (명),구조인원 (명),구조인원 (명),구조인원 (명),구조인원 (명),구조인원 (명),구조인원 (명),구조인원 (명),구조인원 (명),구조인원 (명),구조인원 (명),구조인원 (명),구조인원 (명),출동건수 (건),출동건수 (건),출동건수 (건),출동건수 (건),출동건수 (건),출동건수 (건),구조인원 (명),구조인원 (명),구조인원 (명),구조인원 (명),구조인원 (명),구조인원 (명),구조인원 (명),구조인원 (명),구조인원 (명),구조인원 (명),구조인원 (명),구조인원 (명),구조인원 (명),구조인원 (명),구조인원 (명),출동건수 (건),출동건수 (건),출동건수 (건),출동건수 (건),출동건수 (건),출동건수 (건),구조인원 (명),구조인원 (명),구조인원 (명),구조인원 (명),구조인원 (명),구조인원 (명),구조인원 (명),구조인원 (명),구조인원 (명),구조인원 (명),구조인원 (명),구조인원 (명),구조인원 (명),구조인원 (명),구조인원 (명),출동건수 (건),출동건수 (건),출동건수 (건),출동건수 (건),출동건수 (건),출동건수 (건),구조인원 (명),구조인원 (명),구조인원 (명),구조인원 (명),구조인원 (명),구조인원 (명),구조인원 (명),구조인원 (명),구조인원 (명),구조인원 (명),구조인원 (명),구조인원 (명),구조인원 (명),구조인원 (명),출동건수 (건),출동건수 (건),출동건수 (건),출동건수 (건),출동건수 (건),출동건수 (건),구조인원 (명),구조인원 (명),구조인원 (명),구조인원 (명),구조인원 (명),구조인원 (명),구조인원 (명),구조인원 (명),구조인원 (명),구조인원 (명),구조인원 (명),구조인원 (명),구조인원 (명),구조인원 (명),구조인원 (명),출동건수 (건),출동건수 (건),출동건수 (건),출동건수 (건),출동건수 (건),출동건수 (건),구조인원 (명),구조인원 (명),구조인원 (명),구조인원 (명),구조인원 (명),구조인원 (명),구조인원 (명),구조인원 (명),구조인원 (명),구조인원 (명),구조인원 (명),구조인원 (명),구조인원 (명),구조인원 (명),구조인원 (명),출동건수 (건),출동건수 (건),출동건수 (건),출동건수 (건),출동건수 (건),출동건수 (건),구조인원 (명),구조인원 (명),구조인원 (명),구조인원 (명),구조인원 (명),구조인원 (명),구조인원 (명),구조인원 (명),구조인원 (명),구조인원 (명),구조인원 (명),구조인원 (명),구조인원 (명),구조인원 (명),구조인원 (명),출동건수 (건),출동건수 (건),출동건수 (건),출동건수 (건),출동건수 (건),출동건수 (건),구조인원 (명),구조인원 (명),구조인원 (명),구조인원 (명),구조인원 (명),구조인원 (명),구조인원 (명),구조인원 (명),구조인원 (명),구조인원 (명),구조인원 (명),구조인원 (명),구조인원 (명),구조인원 (명),구조인원 (명),출동건수 (건),출동건수 (건),출동건수 (건),출동건수 (건),출동건수 (건),출동건수 (건),구조인원 (명),구조인원 (명),구조인원 (명),구조인원 (명),구조인원 (명),구조인원 (명),구조인원 (명),구조인원 (명),구조인원 (명),구조인원 (명),구조인원 (명),구조인원 (명),구조인원 (명),구조인원 (명),구조인원 (명),구조인원 (명),출동건수 (건),출동건수 (건),출동건수 (건),출동건수 (건),출동건수 (건),출동건수 (건),구조인원 (명),구조인원 (명),구조인원 (명),구조인원 (명),구조인원 (명),구조인원 (명),구조인원 (명),구조인원 (명),구조인원 (명),구조인원 (명),구조인원 (명),구조인원 (명),구조인원 (명),구조인원 (명),구조인원 (명),구조인원 (명)
"구별(1)",구별(2),소계,처리,처리,처리,처리,미처리(자체처리허위등),사상별,사상별,사상별,사상별,사고종별구조인원,사고종별구조인원,사고종별구조인원,사고종별구조인원,사고종별구조인원,사고종별구조인원,사고종별구조인원,사고종별구조인원,사고종별구조인원,사고종별구조인원,소계,처리,처리,처리,처리,미처리(자체처리허위등),사상별,사상별,사상별,사상별,사고종별구조인원,사고종별구조인원,사고종별구조인원,사고종별구조인원,사고종별구조인원,사고종별구조인원,사고종별구조인원,사고종별구조인원,사고종별구조인원,사고종별구조인원,소계,처리,처리,처리,처리,미처리(자체처리허위등),사상별,사상별,사상별,사상별,사고종별구조인원,사고종별구조인원,사고종별구조인원,사고종별구조인원,사고종별구조인원,사고종별구조인원,사고종별구조인원,사고종별구조인원,사고종별구조인원,사고종별구조인원,소계,처리,처리,처리,처리,미처리(자체처리허위등),사상별,사상별,사상별,사상별,사고종별구조인원,사고종별구조인원,사고종별구조인원,사고종별구조인원,사고종별구조인원,사고종별구조인원,사고종별구조인원,사고종별구조인원,사고종별구조인원,사고종별구조인원,사고종별구조인원,소계,처리,처리,처리,처리,미처리(자체처리허위등),사상별,사상별,사상별,사상별,사고종별구조인원,사고종별구조인원,사고종별구조인원,사고종별구조인원,사고종별구조인원,사고종별구조인원,사고종별구조인원,사고종별구조인원,사고종별구조인원,사고종별구조인원,사고종별구조인원,소계,처리,처리,처리,처리,미처리(자체처리허위등),사상별,사상별,사상별,사상별,사고종별구조인원,사고종별구조인원,사고종별구조인원,사고종별구조인원,사고종별구조인원,사고종별구조인원,사고종별구조인원,사고종별구조인원,사고종별구조인원,사고종별구조인원,사고종별구조인원,소계,처리,처리,처리,처리,미처리(자체처리허위등),사상별,사상별,사상별,사상별,사고종별구조인원,사고종별구조인원,사고종별구조인원,사고종별구조인원,사고종별구조인원,사고종별구조인원,사고종별구조인원,사고종별구조인원,사고종별구조인원,사고종별구조인원,사고종별구조인원,소계,처리,처리,처리,처리,미처리(자체처리허위등),사상별,사상별,사상별,사상별,사고종별구조인원,사고종별구조인원,사고종별구조인원,사고종별구조인원,사고종별구조인원,사고종별구조인원,사고종별구조인원,사고종별구조인원,사고종별구조인원,사고종별구조인원,사고종별구조인원,소계,처리,처리,처리,처리,미처리(자체처리허위등),사상별,사상별,사상별,사상별,사고종별구조인원,사고종별구조인원,사고종별구조인원,사고종별구조인원,사고종별구조인원,사고종별구조인원,사고종별구조인원,사고종별구조인원,사고종별구조인원,사고종별구조인원,사고종별구조인원,소계,처리,처리,처리,처리,미처리(자체처리허위등),사상별,사상별,사상별,사상별,사고종별구조인원,사고종별구조인원,사고종별구조인원,사고종별구조인원,사고종별구조인원,사고종별구조인원,사고종별구조인원,사고종별구조인원,사고종별구조인원,사고종별구조인원,사고종별구조인원,소계,처리,처리,처리,처리,미처리(자체처리허위등),사상별,사상별,사상별,사상별,사고종별구조인원,사고종별구조인원,사고종별구조인원,사고종별구조인원,사고종별구조인원,사고종별구조인원,사고종별구조인원,사고종별구조인원,사고종별구조인원,사고종별구조인원,사고종별구조인원,소계,처리,처리,처리,처리,미처리(자체처리허위등),사상별,사상별,사상별,사상별,사고종별구조인원,사고종별구조인원,사고종별구조인원,사고종별구조인원,사고종별구조인원,사고종별구조인원,사고종별구조인원,사고종별구조인원,사고종별구조인원,사고종별구조인원,사고종별구조인원,소계,처리,처리,처리,처리,미처리(자체처리허위등),사상별,사상별,사상별,사상별,사고종별구조인원,사고종별구조인원,사고종별구조인원,사고종별구조인원,사고종별구조인원,사고종별구조인원,사고종별구조인원,사고종별구조인원,사고종별구조인원,사고종별구조인원,사고종별구조인원,소계,처리,처리,처리,처리,미처리(자체처리허위등),사상별,사상별,사상별,사상별,사고종별구조인원,사고종별구조인원,사고종별구조인원,사고종별구조인원,사고종별구조인원,사고종별구조인원,사고종별구조인원,사고종별구조인원,사고종별구조인원,사고종별구조인원,소계,처리,처리,처리,처리,미처리(자체처리허위등),사상별,사상별,사상별,사상별,사고종별구조인원,사고종별구조인원,사고종별구조인원,사고종별구조인원,사고종별구조인원,사고종별구조인원,사고종별구조인원,사고종별구조인원,사고종별구조인원,사고종별구조인원,사고종별구조인원,소계,처리,처리,처리,처리,미처리(자체처리허위등),사상별,사상별,사상별,사상별,사고종별구조인원,사고종별구조인원,사고종별구조인원,사고종별구조인원,사고종별구조인원,사고종별구조인원,사고종별구조인원,사고종별구조인원,사고종별구조인원,사고종별구조인원,사고종별구조인원,소계,처리,처리,처리,처리,미처리(자체처리허위등),사상별,사상별,사상별,사상별,사고종별구조인원,사고종별구조인원,사고종별구조인원,사고종별구조인원,사고종별구조인원,사고종별구조인원,사고종별구조인원,사고종별구조인원,사고종별구조인원,사고종별구조인원,사고종별구조인원,소계,처리,처리,처리,처리,미처리(자체처리허위등),사상별,사상별,사상별,사상별,사고종별구조인원,사고종별구조인원,사고종별구조인원,사고종별구조인원,사고종별구조인원,사고종별구조인원,사고종별구조인원,사고종별구조인원,사고종별구조인원,사고종별구조인원,사고종별구조인원,소계,처리,처리,처리,처리,미처리(자체처리허위등),사상별,사상별,사상별,사상별,사고종별구조인원,사고종별구조인원,사고종별구조인원,사고종별구조인원,사고종별구조인원,사고종별구조인원,사고종별구조인원,사고종별구조인원,사고종별구조인원,사고종별구조인원,사고종별구조인원,사고종별구조인원,소계,처리,처리,처리,처리,미처리(자체처리허위등),사상별,사상별,사상별,사상별,사고종별구조인원,사고종별구조인원,사고종별구조인원,사고종별구조인원,사고종별구조인원,사고종별구조인원,사고종별구조인원,사고종별구조인원,사고종별구조인원,사고종별구조인원,사고종별구조인원,사고종별구조인원
"구별(1)",구별(2),소계,소계,인명구조,안전조치,기타활동,소계,소계,사망,부상,기타,소계,화재,교통사고,수난사고,기계사고,건물사고,승강기사고,산악사고,인명갇힘,폭발사고,소계,소계,인명구조,안전조치,기타활동,소계,소계,사망,부상,기타,소계,화재,교통사고,수난사고,기계사고,승강기사고,산악사고,인명갇힘,폭발사고,기타,소계,소계,인명구조,안전조치,기타활동,소계,소계,사망,부상,기타,소계,화재,교통사고,수난사고,기계사고,승강기사고,산악사고,인명갇힘,폭발사고,기타,소계,소계,인명구조,안전조치,기타활동,소계,소계,사망,부상,기타,소계,화재,교통사고,수난사고,기계사고,건물사고,승강기사고,산악사고,인명갇힘,폭발사고,기타,소계,소계,인명구조,안전조치,기타활동,소계,소계,사망,부상,기타,소계,화재,교통사고,수난사고,기계사고,건물사고,승강기사고,산악사고,인명갇힘,폭발사고,기타,소계,소계,인명구조,안전조치,기타활동,소계,소계,사망,부상,기타,소계,화재,교통사고,수난사고,기계사고,건물사고,승강기사고,산악사고,인명갇힘,폭발사고,기타,소계,소계,인명구조,안전조치,기타활동,소계,소계,사망,부상,기타,소계,화재,교통사고,수난사고,기계사고,건물사고,승강기사고,산악사고,인명갇힘,폭발사고,기타,소계,소계,인명구조,안전조치,기타활동,소계,소계,사망,부상,기타,소계,화재,교통사고,수난사고,기계사고,건물사고,승강기사고,산악사고,인명갇힘,폭발사고,기타,소계,소계,인명구조,안전조치,기타활동,소계,소계,사망,부상,기타,소계,화재,교통사고,수난사고,기계사고,건물사고,승강기사고,산악사고,인명갇힘,폭발사고,기타,소계,소계,인명구조,안전조치,기타활동,소계,소계,사망,부상,기타,소계,화재,교통사고,수난사고,기계사고,건물사고,승강기사고,산악사고,인명갇힘,폭발사고,기타,소계,소계,인명구조,안전조치,기타활동,소계,소계,사망,부상,기타,소계,화재,교통사고,수난사고,기계사고,건물사고,승강기사고,산악사고,인명갇힘,폭발사고,기타,소계,소계,인명구조,안전조치,기타활동,소계,소계,사망,부상,기타,소계,화재,교통사고,수난사고,기계사고,건물사고,승강기사고,산악사고,인명갇힘,폭발사고,기타,소계,소계,인명구조,안전조치,기타활동,소계,소계,사망,부상,기타,소계,화재,교통사고,수난사고,기계사고,건물사고,승강기사고,산악사고,인명갇힘,폭발사고,기타,소계,소계,인명구조,안전조치,기타활동,소계,소계,사망,부상,기타,소계,화재,교통사고,수난사고,기계사고,승강기사고,산악사고,인명갇힘,폭발사고,기타,소계,소계,인명구조,안전조치,기타활동,소계,소계,사망,부상,기타,소계,화재,교통사고,수난사고,기계사고,건물사고,승강기사고,산악사고,인명갇힘,폭발사고,기타,소계,소계,인명구조,안전조치,기타활동,소계,소계,사망,부상,기타,소계,화재,교통사고,수난사고,기계사고,건물사고,승강기사고,산악사고,인명갇힘,폭발사고,기타,소계,소계,인명구조,안전조치,기타활동,소계,소계,사망,부상,기타,소계,화재,교통사고,수난사고,기계사고,건물사고,승강기사고,산악사고,인명갇힘,폭발사고,기타,소계,소계,인명구조,안전조치,기타활동,소계,소계,사망,부상,기타,소계,화재,교통사고,수난사고,기계사고,건물사고,승강기사고,산악사고,인명갇힘,폭발사고,기타,소계,소계,인명구조,안전조치,기타활동,소계,소계,사망,부상,기타,소계,화재,교통사고,수난사고,잠금장치 개방,승강기사고,산악사고,인명갇힘,안전조치,자살추정,위치추적,기타,소계,소계,인명구조,안전조치,기타활동,소계,소계,사망,부상,기타,소계,화재,교통사고,수난사고,잠금장치 개방,승강기사고,산악사고,인명갇힘,안전조치,자살추정,위치추적,기타
"합계",소계,49227,30641,8598,14706,7337,18586,12510,267,3154,9089,12510,984,1750,336,131,3369,715,3711,17,1497,53089,37972,9515,17936,10521,15117,14716,328,3845,10543,14716,1193,2029,394,166,4085,744,4136,13,1956,58227,42645,9863,19912,12870,15582,14749,379,3542,10828,14749,925,1900,437,180,3776,925,4174,3,2429,68657,52483,10173,25013,17297,16174,15163,391,3619,11153,15163,882,1757,432,164,72,3969,1064,4103,10,2710,82316,66258,10121,33278,22859,16058,16407,345,3529,12533,16407,1549,1658,430,160,38,4876,1115,4014,5,2562,97263,80348,11134,43459,25755,16915,19465,305,3564,15596,19465,1773,1598,530,176,992,6815,1110,3573,18,2880,124889,105273,11495,60621,33157,19616,19676,278,3395,16003,19676,2964,1674,431,157,46,6422,970,4380,11,2621,128792,111819,12791,71129,27899,16973,22334,324,3238,18772,22334,3207,2157,678,201,65,6297,1200,4813,38,3678,131257,115012,14153,83999,16860,16245,21593,369,4159,17065,21593,2669,2674,1064,203,8,5514,1309,5243,12,2897,127481,109767,14761,87900,7106,17714,19912,350,3105,16457,19912,920,1797,899,186,105,5674,1204,2147,5,6975,134920,115724,17493,91419,6812,19196,21867,332,2808,18727,21867,1032,1960,894,203,45,7107,1114,5833,9,3670,163055,143028,18950,118046,6032,20027,23373,318,2881,20174,23373,1183,1996,827,255,26,8464,973,5734,1,3914,163110,141050,17699,118169,5182,22060,18856,307,2224,16325,18856,743,1157,895,112,6,7347,966,4423,1,3206,150076,128830,17219,107062,4549,21246,17095,297,2233,14565,17095,672,1572,1481,65,5662,887,3893,5,2858,143850,125826,14668,108107,3051,18024,12009,252,1700,10057,12009,476,656,1518,36,12,3657,1090,2686,3,1875,196860,159584,15009,141056,3519,37276,12513,225,1693,10595,12513,453,461,2109,40,8,3465,1239,2670,4,2064,213372,171333,16538,151327,3468,42039,19371,616,2011,16744,19371,424,504,1186,442,39,6055,1092,2842,-,6787,220430,177322,16454,152963,7905,43108,18968,427,1957,16584,18968,545,764,1006,339,28,5509,1269,2045,-,7463,212428,157723,15775,122789,19159,54705,17382,467,1502,15413,17382,693,785,425,525,5334,1236,2003,224,1942,2483,1732,195519,152542,12805,136647,3090,42977,15265,416,1188,13661,15265,599,622,784,473,4793,964,1826,217,1723,2053,1211
"합계",종로구,1861,1171,321,556,294,708,511,3,232,276,511,80,116,-,8,87,46,79,-,95,2116,1433,322,877,234,683,438,3,143,292,438,19,44,-,5,114,63,120,-,73,2243,1472,280,1010,182,771,358,4,129,225,358,10,42,1,9,84,77,82,-,53,2324,1696,263,1285,148,628,372,2,149,221,372,25,39,-,2,2,72,102,79,-,51,2934,2214,314,1573,327,720,600,5,140,455,600,32,34,-,4,-,257,110,109,-,54,3146,2489,371,1824,294,657,721,4,170,547,721,26,39,-,4,32,324,132,59,-,105,4042,3438,343,2542,553,604,605,5,137,463,605,46,53,-,14,-,263,85,85,-,59,4569,3890,371,2619,900,679,568,5,134,429,568,60,77,-,6,2,184,92,84,-,63,5046,4307,376,3173,758,739,522,3,159,360,522,20,49,-,15,-,161,128,84,-,65,4679,3854,404,3113,337,825,680,5,156,519,680,5,59,-,5,-,214,109,55,3,230,4690,3944,515,3161,268,746,994,3,174,817,994,18,52,-,8,6,287,131,135,1,356,5872,5074,434,4428,212,798,643,12,133,498,643,8,44,9,5,10,151,106,110,-,200,6111,5364,439,4721,204,747,514,5,96,413,514,26,28,-,4,-,181,77,84,-,114,5355,4710,456,4130,124,645,421,4,99,318,421,14,22,-,1,130,86,97,2,69,4844,4339,425,3802,112,505,379,3,109,267,379,5,15,-,2,-,119,121,65,-,52,6381,5252,414,4703,135,1129,403,4,97,302,403,39,6,1,2,2,114,116,69,1,53,6353,4971,491,4353,127,1382,647,16,60,571,647,13,21,-,20,2,388,59,60,-,84,7213,6275,406,4084,1785,938,567,16,75,476,567,17,34,-,5,2,125,102,79,-,203,6291,4781,466,3812,503,1510,416,17,73,326,416,12,24,-,9,93,100,42,12,18,38,68,5838,4588,354,4107,127,1250,410,7,61,342,410,7,30,-,19,103,81,70,5,17,29,49
"합계",중구,1462,867,187,472,208,595,261,2,61,198,261,12,41,-,7,99,-,74,-,28,1409,1009,203,458,348,400,330,8,88,234,330,7,45,-,9,138,-,88,4,39,1540,1225,212,390,623,315,344,5,50,289,344,24,30,-,7,133,-,100,-,50,1742,1425,227,459,739,317,415,9,72,334,415,57,57,1,5,1,128,1,98,1,66,2132,1785,197,853,735,347,425,2,160,263,425,33,118,-,10,-,140,1,74,-,49,2551,2105,223,761,1121,446,395,2,62,331,395,23,30,-,10,8,230,2,54,-,38,3210,2787,319,1149,1319,423,554,4,76,474,554,18,25,4,7,3,224,-,115,-,158,3143,2763,307,1524,932,380,543,4,57,482,543,109,48,-,26,2,173,1,84,-,100,2936,2495,315,1649,531,441,681,17,80,584,681,255,56,-,9,-,183,1,114,1,62,3031,2611,424,2030,157,420,688,4,78,606,688,51,97,-,19,1,265,3,38,1,213,3015,2623,392,2111,120,392,521,8,57,456,521,10,48,-,16,-,200,-,149,-,98,4810,4319,471,3715,133,491,702,8,43,651,702,17,37,-,7,-,432,-,130,-,79,5226,4705,466,4107,132,521,688,7,65,616,688,38,24,-,11,-,351,2,147,-,115,3956,3585,413,3015,157,371,478,8,47,423,478,21,22,1,8,240,1,106,2,77,3535,3251,287,2871,93,284,381,4,37,340,381,131,34,-,4,-,101,-,55,-,56,5158,4381,253,4040,88,777,257,3,12,242,257,82,6,-,-,1,93,5,36,-,34,6264,5367,247,5034,86,897,296,15,33,248,296,11,12,-,12,-,186,-,37,-,38,5691,4731,325,3475,931,960,468,5,44,419,468,13,9,1,12,-,114,1,32,-,286,4455,2504,471,1560,473,1951,301,7,22,272,301,1,19,-,12,160,-,32,4,21,25,27,4439,3410,263,3058,89,1029,317,10,25,282,317,5,23,-,11,115,3,60,4,19,32,45
"합계",용산구,1545,1367,338,917,112,178,679,11,173,495,679,195,143,49,3,76,-,109,-,104,2050,1732,494,1108,130,318,799,26,266,507,799,71,269,89,14,82,-,141,-,133,2048,1627,369,1050,208,421,522,24,199,299,522,30,166,74,2,43,-,112,-,95,2478,2140,421,1454,265,338,585,14,168,403,585,58,99,54,10,-,64,-,152,-,148,2631,2179,325,1496,358,452,426,30,93,303,426,25,40,64,4,1,85,-,132,1,74,3336,2689,331,1799,559,647,542,16,79,447,542,92,47,54,6,13,162,-,111,-,57,4294,3633,409,2365,859,661,662,11,116,535,662,106,86,94,2,1,150,-,140,-,83,4068,3506,378,2615,513,562,524,14,113,397,524,23,99,85,8,-,122,1,118,-,68,4211,3651,486,2864,301,560,623,18,90,515,623,21,91,133,3,-,122,2,163,-,88,3979,3624,576,2944,104,355,765,20,74,671,765,53,94,110,1,3,187,3,30,-,284,4363,3884,590,3215,79,479,774,14,149,611,774,79,120,92,5,-,175,-,194,-,109,5240,4685,702,3747,236,555,845,19,92,734,845,29,60,125,1,-,357,-,163,-,110,5391,4629,585,3814,230,762,558,12,47,499,558,24,25,103,1,-,193,-,92,-,120,4918,4223,786,3266,171,695,632,9,58,565,639,15,32,205,2,177,-,85,-,123,5157,4511,864,3475,172,646,392,16,51,325,392,7,20,210,-,-,69,1,35,-,50,6286,5452,823,4365,264,834,643,13,51,579,643,6,20,340,2,-,143,-,60,-,72,6367,5335,910,4210,215,1032,1096,162,311,623,1096,18,24,59,13,1,352,-,85,-,544,7545,6481,545,4461,1475,1064,754,16,64,674,754,17,37,95,11,-,171,3,58,-,362,6849,4379,574,3331,474,2470,521,12,35,474,521,11,18,51,13,125,-,48,6,127,68,54,6603,5468,436,4915,117,1135,504,13,24,467,504,4,27,58,24,129,-,48,9,117,46,42
"합계",성동구,1294,799,166,178,455,495,210,7,65,138,210,36,22,17,2,34,1,45,-,53,1461,996,261,235,500,465,300,16,100,184,300,10,47,24,7,49,1,59,-,103,1481,1076,200,210,666,405,267,12,59,196,267,9,33,29,2,68,1,87,-,38,1545,1151,192,546,413,394,283,19,67,197,283,37,30,26,4,3,82,1,60,-,40,2067,1588,188,772,628,479,315,20,59,236,315,73,26,24,5,-,87,-,65,1,34,2662,1958,244,1107,607,704,418,6,90,322,418,27,52,28,5,27,168,-,52,-,59,3086,2569,225,1508,836,517,382,9,83,290,382,79,49,16,7,-,137,1,63,-,30,3029,2484,173,1460,851,545,269,9,34,226,269,33,37,22,4,-,99,2,35,-,37,3757,3194,319,2190,685,563,1027,13,590,424,1027,35,686,55,10,-,83,-,72,-,86,3300,2798,314,2114,370,502,429,11,58,360,429,23,50,32,6,-,169,-,38,-,111,3209,2722,524,1829,369,487,855,11,103,741,855,60,309,69,8,1,182,-,144,2,80,4461,4071,611,3097,363,390,719,14,99,606,719,60,89,33,10,2,233,-,165,-,127,4804,4319,516,3567,236,485,604,12,98,494,604,12,56,29,7,-,253,-,151,-,96,3887,3397,561,2643,193,490,611,9,73,529,611,15,50,46,1,246,-,151,-,102,3684,3173,439,2630,104,511,360,7,41,312,360,27,18,63,2,-,90,1,92,-,67,5006,4020,502,3378,140,986,430,4,65,361,430,9,31,85,3,-,90,1,117,1,93,6475,4743,509,4094,140,1732,593,18,55,520,593,11,14,32,15,1,173,22,98,-,227,6172,5112,487,3769,856,1060,501,15,66,420,501,9,41,27,14,2,210,-,60,-,138,4903,3121,438,2112,571,1782,509,19,57,433,509,19,71,10,21,173,-,70,1,43,54,47,4923,3739,348,3314,77,1184,435,19,42,374,435,18,32,27,21,156,1,64,4,26,60,26
"합계",광진구,1517,981,258,301,422,536,344,8,109,227,344,23,48,29,3,65,36,105,-,35,1688,1284,288,179,817,404,400,17,120,263,400,34,54,35,8,82,26,116,-,45,1813,1420,317,233,870,393,464,15,111,338,464,2,67,39,8,97,36,156,-,59,2160,1777,401,826,550,383,571,18,104,449,571,37,57,57,11,-,124,38,178,-,69,2779,2148,406,842,900,631,599,20,128,451,599,86,48,30,8,-,113,43,196,-,75,3472,2756,393,1494,869,716,626,23,120,483,626,57,46,54,10,46,170,32,157,4,50,4378,3670,362,1740,1568,708,533,18,117,398,533,48,54,42,8,-,154,31,161,-,35,4134,3579,382,1921,1276,555,568,18,98,452,568,74,45,50,4,-,122,45,140,-,88,3756,3477,564,2206,707,279,825,24,92,709,825,150,68,53,3,-,145,41,214,-,151,3782,3348,620,2286,442,434,850,22,90,738,850,55,74,75,5,-,200,49,63,-,329,4055,3509,721,2239,549,546,926,19,114,793,926,75,111,41,8,-,265,44,240,-,142,4857,4382,844,3045,493,475,1021,15,114,892,1021,68,113,59,3,3,294,34,282,-,165,4483,3999,780,2846,373,484,717,16,64,637,717,82,40,61,4,-,176,31,202,1,120,4659,4133,794,2951,388,526,635,29,76,530,635,29,34,89,2,182,28,179,-,92,4412,3913,761,2958,194,499,425,13,52,360,425,4,35,109,1,-,72,34,106,-,64,6636,5489,857,4360,272,1147,607,16,72,519,607,21,23,152,4,-,64,78,144,1,120,7605,6150,846,5015,289,1455,747,14,68,665,747,17,26,28,11,-,359,34,57,-,215,6614,5371,551,4713,107,1243,582,23,42,517,582,16,35,41,9,-,144,50,87,-,200,6983,4529,586,3485,458,2454,505,21,75,409,505,16,27,14,10,128,36,105,5,58,80,26,6413,5193,446,4611,136,1220,535,19,43,473,535,8,20,30,12,177,27,104,8,37,83,29
"합계",동대문구,2011,1355,226,638,491,656,332,6,91,235,332,33,51,3,6,118,5,81,-,35,2353,1892,269,1068,555,461,413,12,68,333,413,38,41,2,9,142,2,131,-,48,2678,2144,286,1122,736,534,477,8,88,381,477,100,47,5,7,103,2,158,-,55,2981,2260,242,1071,947,721,311,9,76,226,311,22,44,1,12,-,82,4,97,-,49,3288,2694,242,1185,1267,594,458,5,79,374,458,117,46,7,5,-,128,3,112,-,40,3959,3231,280,1949,1002,728,604,5,77,522,604,36,70,2,4,19,264,1,131,-,77,4990,3809,296,2356,1157,1181,622,9,69,544,622,106,47,-,4,2,291,-,120,-,52,5413,4304,361,2877,1066,1109,479,6,58,415,479,5,49,1,9,2,186,4,144,2,77,5690,4888,583,3673,632,802,899,8,105,786,899,42,60,4,5,-,362,1,268,-,157,5215,4330,437,3630,263,885,546,12,75,459,546,23,54,2,3,1,203,1,88,-,171,5423,4697,637,3747,313,726,778,13,70,695,778,43,44,-,8,-,284,2,257,-,140,6557,5720,654,4826,240,837,811,12,82,717,811,31,80,-,5,-,365,4,222,-,104,6533,5682,645,4858,179,851,712,10,54,648,712,10,58,1,4,-,340,4,188,-,107,5870,5069,567,4335,167,801,508,12,61,435,515,26,28,-,3,222,3,158,-,75,5142,4567,455,4008,104,575,374,6,62,306,374,9,22,1,1,-,150,7,108,-,76,6623,5382,388,4903,91,1241,305,19,56,230,305,14,10,1,4,-,100,8,96,-,72,7789,6383,537,5743,103,1406,600,11,58,531,600,12,14,22,13,1,183,13,103,-,239,6575,5339,521,4698,120,1236,599,18,36,545,599,10,17,1,17,1,224,10,107,-,212,7683,5182,661,3869,652,2501,730,16,49,665,730,52,20,1,36,236,5,112,10,35,121,102,6614,5118,478,4547,93,1496,552,21,60,471,552,19,20,1,21,184,5,98,12,29,110,53
"합계",중랑구,1861,1187,361,555,271,672,487,16,94,377,487,22,36,1,6,120,25,215,1,61,2082,1433,355,604,474,649,491,9,163,319,491,20,82,-,2,142,28,162,1,54,2134,1510,308,786,416,624,421,9,102,310,421,20,45,-,11,108,23,152,-,62,2854,2309,292,1205,812,545,441,8,87,346,441,44,72,2,2,1,83,37,142,-,58,3591,3040,221,1813,1006,551,314,5,85,224,314,13,36,1,6,-,110,27,71,-,50,4630,4040,365,2706,969,590,554,8,111,435,554,51,40,1,5,38,166,36,129,-,88,5605,4986,351,3054,1581,619,571,7,112,452,571,44,61,2,2,1,200,39,157,-,65,5182,4386,327,2833,1226,796,565,5,107,453,565,83,61,2,6,-,190,36,112,-,75,4866,4386,357,3270,759,480,514,11,123,380,514,54,39,2,9,1,171,57,110,-,71,4561,3938,373,3255,310,623,466,4,76,386,466,23,30,-,1,-,177,26,46,-,163,5124,4372,537,3621,214,752,671,17,83,571,671,128,38,-,6,2,191,39,190,-,77,6189,5220,569,4421,230,969,692,18,104,570,692,108,45,2,5,-,234,29,178,-,91,5887,4995,569,4097,329,892,496,11,69,416,496,35,36,6,5,1,163,18,152,-,80,5081,4511,585,3734,192,570,494,4,76,414,494,16,32,1,1,192,15,153,-,84,5041,4601,448,4012,141,440,362,12,38,312,362,10,28,2,2,-,121,29,96,-,74,7510,6136,419,5574,143,1374,224,3,34,187,224,3,9,5,3,-,81,13,67,-,43,6978,5724,486,5115,123,1254,525,11,53,461,525,12,12,2,11,1,164,11,94,-,218,6965,5607,517,4940,150,1358,542,17,60,465,542,34,26,-,10,6,197,34,78,-,157,7750,5398,536,4537,325,2352,475,23,40,412,475,13,23,1,5,178,15,55,13,30,89,53,6941,5623,285,5155,183,1318,324,13,28,283,324,7,16,1,9,109,20,42,6,13,65,36
"합계",성북구,1978,1101,234,653,214,877,292,6,72,214,292,11,36,1,6,80,18,101,-,39,2212,1423,273,711,439,789,400,4,72,324,400,47,19,-,2,94,19,146,-,73,2137,1364,253,697,414,773,352,4,68,280,352,10,15,-,6,124,33,100,-,64,2492,2003,329,1115,559,489,500,13,118,369,500,24,24,-,5,32,155,34,162,2,62,2900,2353,328,845,1180,547,627,6,119,502,627,130,40,-,9,2,152,37,172,-,85,4233,3444,350,1854,1240,789,607,10,91,506,607,30,52,-,-,33,256,37,148,-,51,6676,5371,448,3706,1217,1305,758,3,199,556,758,77,37,-,4,-,271,25,204,-,140,6494,5868,435,4109,1324,626,782,6,80,696,782,99,71,-,6,-,272,17,210,-,107,6372,5776,375,4523,878,596,568,7,45,516,568,104,17,-,2,-,155,22,174,-,94,5921,5308,411,4604,293,613,478,10,75,393,478,7,30,-,6,-,126,23,101,-,185,6106,5504,560,4718,226,602,622,7,79,536,622,29,44,-,6,-,189,22,191,-,141,6506,5635,560,4874,201,871,717,9,134,574,717,20,81,-,3,-,271,28,197,-,117,6118,5210,399,4688,123,908,413,6,60,347,413,6,34,1,3,-,162,27,118,-,62,5659,4868,445,4229,194,791,393,6,56,331,393,19,17,2,4,147,20,106,-,78,5364,4770,345,4339,86,594,323,7,51,265,323,2,23,2,1,-,131,19,92,-,53,6725,5620,328,5177,115,1105,316,11,58,247,316,40,11,1,1,2,100,23,78,-,60,7207,5961,416,5408,137,1246,498,14,48,436,498,11,13,1,12,1,143,28,84,-,205,6711,5442,519,4865,58,1269,584,18,65,501,584,10,19,-,13,2,167,22,109,-,242,7928,5873,701,4451,721,2055,628,18,62,548,628,8,47,-,25,205,24,90,6,36,98,89,7440,5373,337,4890,146,2067,423,15,17,391,423,8,19,-,18,165,24,77,2,13,68,29
"합계",강북구,1439,834,209,436,189,605,267,8,66,193,267,14,12,-,1,62,55,95,-,28,1457,919,153,517,249,538,212,8,82,122,212,14,30,-,2,52,36,54,-,24,1580,1129,315,456,358,451,457,15,125,317,457,52,29,-,5,82,88,115,-,86,1721,1294,289,434,571,427,469,20,143,306,469,12,68,1,-,1,107,80,121,-,79,2119,1701,257,657,787,418,381,14,140,227,381,47,44,1,5,-,69,72,72,-,71,2652,2232,279,1257,696,420,409,6,167,236,409,54,14,-,11,26,99,77,75,4,49,4418,3786,253,2281,1252,632,368,7,115,246,368,61,31,-,1,-,86,66,79,-,44,4997,4531,283,2807,1441,466,413,4,113,296,413,48,28,-,5,-,114,84,90,-,44,4613,4136,365,3135,636,477,511,10,125,376,511,45,44,-,3,-,150,110,110,-,49,4512,4022,326,3396,300,490,440,8,98,334,440,24,40,-,7,-,95,86,60,-,128,4642,4250,433,3660,157,392,522,9,96,417,522,4,13,-,7,1,147,102,173,-,75,4964,4493,478,3803,212,471,541,6,99,436,541,17,25,-,5,1,199,56,148,-,90,5032,4473,469,3820,184,559,468,2,96,370,468,12,15,-,1,-,180,80,113,-,67,4958,4479,486,3848,145,479,374,6,90,278,367,4,6,1,-,100,77,108,-,71,4699,4380,482,3803,95,319,318,6,75,237,318,16,8,-,-,8,63,88,92,-,43,6293,5550,518,4925,107,743,440,4,117,319,440,7,14,3,1,1,82,129,129,-,74,7669,6686,632,5919,135,983,698,15,66,617,698,13,16,2,18,1,212,55,101,-,280,6712,5627,552,4902,173,1085,542,12,91,439,542,5,12,-,18,-,132,128,51,-,196,6599,5381,651,3868,862,1218,596,12,68,516,596,6,20,1,8,124,158,97,4,26,101,51,6016,4617,360,4149,108,1399,430,14,70,346,430,9,7,-,23,96,142,25,-,29,58,41
"합계",도봉구,1364,851,314,401,136,513,435,7,128,300,435,17,46,2,3,119,77,126,1,44,1481,1042,311,488,243,439,382,11,129,242,382,3,42,1,4,93,93,115,-,31,1634,1297,458,517,322,337,652,21,205,426,652,43,61,2,2,130,147,179,-,88,1774,1409,469,447,493,365,709,13,236,460,709,32,56,-,2,-,133,192,184,-,110,2063,1803,471,680,652,260,620,15,215,390,620,19,25,2,2,-,122,216,172,-,62,2439,2202,472,1167,563,237,703,29,276,398,703,39,80,3,8,22,165,173,130,-,83,3402,3163,496,1677,990,239,687,9,210,468,687,65,37,-,8,2,169,179,155,1,71,4135,3873,578,2583,712,262,779,12,202,565,779,-,32,1,15,-,234,238,187,-,72,3501,3404,577,2550,277,97,786,10,205,571,786,47,48,-,3,1,143,194,252,-,98,3636,3331,681,2466,184,305,908,9,199,700,908,34,29,-,8,1,236,221,89,-,290,3784,3429,658,2588,183,355,1033,6,166,861,1033,41,46,2,7,1,156,180,242,-,358,4931,4580,833,3538,209,351,1123,10,199,914,1124,46,59,3,-,2,212,201,234,-,367,4805,4433,739,3508,186,372,1177,14,154,1009,1177,47,30,2,1,-,245,168,219,-,465,4445,4023,621,3268,134,422,1481,7,111,1363,1477,89,522,1,2,270,103,191,-,299,4275,3920,523,3341,56,355,546,5,149,392,546,28,44,4,-,-,154,158,98,-,60,5743,5072,509,4476,87,671,464,2,152,310,464,1,13,-,-,-,105,180,81,-,84,7542,6601,439,6025,137,941,629,16,50,563,629,16,11,1,15,3,145,181,69,-,188,6511,5461,311,4834,316,1050,573,7,72,494,573,19,16,3,11,3,132,186,44,-,159,6596,5246,544,4003,699,1350,455,11,102,342,455,2,22,-,16,90,185,43,6,19,39,33,5573,4597,302,4193,102,976,362,9,64,289,362,8,3,2,19,91,123,31,3,9,41,32
"합계",노원구,2045,1169,454,375,340,876,504,6,159,339,504,5,24,2,4,106,126,184,-,53,2222,1418,542,523,353,804,657,12,196,449,657,1,27,-,5,209,156,194,-,65,2516,1632,550,794,288,884,657,8,205,444,657,7,44,-,6,176,155,174,-,95,2847,2092,615,1043,434,755,842,25,241,576,842,25,73,9,6,3,217,188,229,-,92,3774,3415,858,1811,746,359,1240,18,324,898,1240,56,83,1,4,6,330,192,333,-,235,5276,4828,798,3226,804,448,1197,16,306,875,1197,26,94,3,7,72,332,154,285,2,222,5996,5462,884,3545,1033,534,1319,11,256,1052,1319,40,77,-,5,-,364,147,400,1,285,5726,5383,886,3742,755,343,1188,11,191,986,1188,15,67,2,12,-,317,154,358,1,262,6437,6061,821,4760,480,376,1268,7,210,1051,1268,11,81,-,14,-,497,146,342,-,177,6322,5688,756,4486,446,634,987,20,207,760,987,27,55,4,15,-,342,145,103,-,296,6510,5966,1098,4651,217,544,1583,19,161,1403,1583,33,104,11,7,1,557,123,514,-,233,7532,6908,1060,5659,189,624,1685,14,155,1516,1684,85,108,5,4,1,663,77,467,-,274,6916,6237,765,5374,98,679,1054,15,110,929,1054,40,82,11,3,-,464,93,235,-,126,6353,5714,646,4897,171,639,800,15,116,669,800,43,39,4,2,277,78,234,-,123,6199,5744,563,5102,79,455,575,10,97,468,575,53,29,3,-,-,160,122,140,1,67,7842,6666,536,6012,118,1176,499,12,113,374,499,24,16,1,2,-,109,137,140,-,70,6466,5561,613,4874,74,905,719,17,67,635,719,13,22,2,17,1,218,67,104,-,275,7894,6222,615,5557,50,1672,578,8,59,511,578,13,18,1,13,2,191,125,66,-,149,8911,6485,524,5337,624,2426,613,9,34,570,613,3,10,-,12,156,109,71,6,20,138,88,8119,6225,438,5596,191,1894,519,12,40,467,519,8,17,1,17,143,110,53,7,24,108,31
"합계",은평구,2370,1624,463,561,600,746,602,8,182,412,602,27,65,-,7,103,88,225,1,86,2576,1992,404,754,834,584,587,11,170,406,587,27,65,-,4,142,74,199,-,76,2960,2256,647,796,813,704,924,10,206,708,924,27,86,-,6,119,91,225,1,369,3410,2710,623,890,1197,700,786,11,158,617,786,12,42,-,3,2,95,101,212,4,315,4675,3906,645,1513,1748,769,995,9,208,778,995,59,73,-,6,12,92,89,250,-,414,4578,3607,565,1602,1440,971,980,5,155,820,980,27,32,1,10,34,208,112,179,-,377,5894,5069,627,2446,1996,825,928,8,172,748,928,13,60,-,8,-,243,119,182,-,303,5190,4742,679,2372,1691,448,1249,16,94,1139,1249,56,43,-,9,1,335,117,286,-,402,5497,4907,647,3323,937,590,810,22,222,566,810,51,53,-,12,-,132,180,199,8,175,5416,4547,709,3549,289,869,840,25,195,620,840,7,46,-,10,1,193,186,81,-,316,6191,5372,790,4392,190,819,871,24,176,671,871,22,42,1,10,-,176,196,307,-,117,7406,6575,799,5592,184,831,846,12,137,697,846,16,50,-,2,-,276,128,267,-,107,7183,6300,677,5530,93,883,745,12,165,568,745,14,24,-,1,-,216,171,233,-,86,6342,5580,601,4902,77,762,686,5,185,496,689,24,36,-,4,166,219,166,-,74,6412,5575,576,4942,57,837,578,3,133,442,578,10,24,10,1,-,159,163,143,-,68,9037,6899,491,6326,82,2138,478,3,132,343,478,11,11,-,1,-,119,167,113,-,56,8974,7388,495,6809,84,1586,625,14,50,561,625,20,25,1,13,1,152,137,63,-,213,11986,9720,921,8726,73,2266,888,15,176,697,888,17,44,1,22,3,210,218,111,-,262,10699,8099,681,6647,771,2600,718,16,104,598,718,25,22,-,41,190,159,92,13,24,84,68,9580,7300,632,6537,131,2280,738,17,70,651,738,84,20,9,39,183,111,83,10,32,121,46
"합계",서대문구,1903,1357,335,861,161,544,596,11,108,477,596,28,95,-,1,233,14,181,-,44,1931,1632,374,1113,145,299,582,12,126,444,582,59,70,-,5,142,24,172,-,110,2225,1552,345,994,213,673,510,10,95,405,510,39,45,-,11,105,12,118,-,180,2657,2105,376,1330,399,552,607,12,109,486,607,23,80,-,9,-,145,18,164,-,168,3483,2794,391,2143,260,689,920,15,113,792,920,278,102,1,-,2,193,25,211,2,106,3471,3004,408,2019,577,467,701,8,126,567,701,35,119,6,2,81,184,24,134,-,116,4012,3628,382,2560,686,384,844,9,154,681,844,204,147,-,5,-,208,18,187,-,75,4014,3802,364,2440,998,212,543,3,93,447,543,50,103,-,6,-,156,18,111,-,99,3713,3409,358,2593,458,304,600,9,119,472,600,107,130,-,7,-,119,39,114,1,83,3672,3232,414,2597,221,440,495,5,98,392,495,23,66,-,7,2,140,35,101,1,120,3985,3471,518,2757,196,514,667,8,74,585,667,7,76,1,6,5,258,23,193,-,98,5317,4608,620,3775,213,709,630,6,70,554,630,35,62,1,2,-,244,21,158,-,107,5333,4534,561,3837,136,799,630,9,110,511,630,25,72,-,7,-,186,28,174,-,138,4421,3767,430,3260,77,654,475,8,75,392,475,9,44,1,2,130,16,161,-,112,4244,3758,389,3305,64,486,330,7,51,272,330,24,16,1,1,1,75,31,119,-,62,5965,5013,335,4555,123,952,189,5,29,155,189,-,12,-,1,-,59,18,60,-,39,7887,6310,503,5633,174,1577,551,13,56,482,551,14,19,2,12,1,172,22,83,-,226,6638,5471,617,4665,189,1167,576,8,101,467,576,20,16,9,7,-,232,32,90,-,170,7577,5940,405,4725,810,1637,459,19,28,412,459,22,15,-,9,152,33,102,7,25,72,22,6997,5598,346,5151,101,1399,405,16,32,357,405,15,28,2,6,120,27,100,6,20,47,34
"합계",마포구,2314,1366,362,727,277,941,439,12,108,319,439,2,68,28,9,109,-,156,2,65,2361,1709,427,847,435,652,829,15,187,627,829,38,164,38,5,242,-,203,-,139,2666,1876,497,897,482,790,739,16,122,601,739,36,76,35,8,184,-,247,-,153,3119,2267,419,1006,842,852,606,14,106,486,606,12,51,38,14,-,182,-,215,-,94,3866,2921,430,1515,976,945,623,27,112,484,623,45,95,41,4,2,130,3,196,-,107,4586,3971,544,2154,1273,615,841,19,133,689,841,27,98,134,11,24,239,1,158,-,149,5569,5011,605,2889,1517,558,885,18,180,687,885,12,130,52,4,8,296,-,271,4,108,5598,5145,675,3110,1360,453,1083,11,169,903,1083,98,178,108,4,-,322,2,233,-,138,5654,5224,763,3743,718,430,1003,18,129,856,1003,34,107,157,14,-,297,2,261,-,131,5366,4792,821,3789,182,574,988,15,125,848,988,33,110,131,11,5,273,1,106,-,318,5686,5099,1008,3860,231,587,1033,23,110,900,1033,24,119,122,5,-,311,1,290,1,160,7181,6512,917,5430,165,669,1259,20,135,1104,1259,26,111,128,2,-,533,-,258,-,201,7200,6452,935,5352,165,748,820,11,60,749,820,12,48,142,2,-,297,-,184,-,135,7028,6085,1080,4796,209,943,985,13,78,894,985,18,74,242,5,246,3,203,-,194,7559,6549,958,5445,146,1010,857,9,66,782,857,17,60,264,1,-,194,2,153,-,166,9137,7727,958,6605,164,1410,741,5,71,665,741,10,30,312,-,-,174,5,101,-,109,10610,8786,801,7744,241,1824,998,30,72,896,998,18,19,319,19,3,234,26,111,-,249,11985,9607,956,8547,104,2378,1311,18,86,1207,1311,24,31,213,15,-,252,5,87,-,684,11255,9311,932,7214,1165,1944,1051,21,41,989,1051,8,19,42,22,207,11,97,5,480,90,70,9979,8194,986,7121,87,1785,1061,23,36,1002,1061,9,10,188,18,154,2,77,6,469,99,29
"합계",양천구,1719,921,353,369,199,798,488,3,83,402,488,10,57,-,5,189,1,175,-,51,1964,1230,418,406,406,734,664,6,104,554,664,11,77,-,4,268,5,233,-,66,1917,1229,305,360,564,688,406,3,77,326,406,13,38,-,8,141,-,156,-,50,2370,1826,399,451,976,544,573,5,121,447,573,7,60,1,6,-,223,4,198,-,74,2177,1917,315,816,786,260,430,3,80,347,430,6,46,1,3,-,168,1,139,1,65,2890,2558,394,1118,1046,332,573,4,92,477,573,74,41,1,4,65,179,1,136,-,72,3482,3095,368,1348,1379,387,612,8,58,546,612,110,28,3,5,1,212,4,177,1,71,3511,3095,421,2044,630,416,812,8,100,704,812,220,52,1,7,-,272,2,178,2,78,3975,3456,400,2680,376,519,843,3,61,779,843,371,33,1,5,-,169,2,163,-,99,3957,3273,521,2540,212,684,715,7,59,649,715,48,43,-,2,-,275,1,111,-,235,4426,3899,629,3033,237,527,761,8,45,708,761,5,39,3,9,5,437,-,167,-,96,5589,5068,494,4460,114,521,869,4,40,825,869,100,39,2,-,-,439,-,200,-,89,5345,4877,385,4377,115,468,547,3,28,516,547,13,20,-,1,-,351,2,91,-,69,4790,4320,344,3890,86,470,438,12,47,379,438,13,32,11,3,229,3,92,-,55,4630,4070,234,3798,38,560,239,2,24,213,239,1,10,-,2,-,147,2,53,-,24,6348,4983,232,4723,28,1365,236,3,30,203,236,10,7,-,2,-,130,4,49,-,34,8934,6428,452,5935,41,2506,504,10,53,441,504,14,18,2,11,1,157,11,75,-,215,6669,5562,501,4936,125,1107,493,3,25,465,493,2,21,-,6,-,209,3,27,-,225,6278,5136,383,3931,822,1142,450,9,55,386,450,50,27,-,27,209,1,33,11,12,27,53,5798,4590,257,4260,73,1208,393,7,15,371,393,19,27,-,21,246,-,21,13,9,28,9
"합계",강서구,2509,1754,599,825,330,750,1074,25,252,797,1074,224,205,22,6,203,6,297,9,102,2586,2021,619,933,469,565,1117,25,206,886,1117,44,135,14,7,312,11,434,-,160,2684,2177,718,501,958,507,1169,18,260,891,1169,33,200,22,16,358,8,389,-,143,3293,2601,613,1071,917,692,1001,20,214,767,1001,57,108,18,12,2,341,10,342,-,111,3398,2735,604,1156,975,663,1579,17,245,1317,1579,169,179,19,15,-,768,10,296,-,123,3850,3163,629,1586,948,687,1641,9,300,1332,1641,120,190,37,8,30,866,7,283,-,100,4790,4023,751,2370,902,767,1277,18,299,960,1277,39,211,33,9,3,504,9,333,-,136,5892,5304,825,3168,1311,588,1552,28,353,1171,1552,118,407,29,11,6,488,6,331,-,156,6196,5538,852,3997,689,658,1306,35,282,989,1306,136,227,35,9,-,362,8,395,-,134,6263,5350,840,4253,257,913,951,21,175,755,951,8,138,16,11,4,242,8,90,-,434,6717,5877,906,4780,191,840,1063,22,81,960,1063,63,126,47,7,7,430,4,268,-,111,8278,7406,961,6354,91,872,964,16,73,875,964,27,97,21,4,-,407,6,286,-,116,8469,7679,889,6705,85,790,845,24,100,721,845,25,72,19,3,-,364,3,243,-,116,7699,6961,696,6105,160,738,390,10,69,311,392,6,34,26,3,139,1,109,-,74,7801,7043,589,6348,106,758,293,5,24,264,293,2,18,27,-,-,107,5,88,-,46,10511,8975,632,8268,75,1536,334,7,27,300,334,11,10,24,2,-,143,10,86,-,48,9656,8599,618,7935,46,1057,662,15,63,584,662,12,18,18,15,1,210,15,100,-,273,11905,9342,634,8610,98,2563,624,28,54,542,624,13,53,21,18,-,229,10,78,-,202,12085,9747,539,7756,1452,2338,766,33,46,687,766,20,39,9,30,311,9,87,11,104,94,52,11423,9300,547,8630,123,2123,711,20,39,652,711,33,35,29,16,281,18,75,4,85,96,39
"합계",구로구,1700,1096,336,595,165,604,449,3,76,370,449,7,57,1,4,109,6,211,-,54,1759,1177,309,607,261,582,672,9,297,366,672,204,72,-,8,162,2,160,-,64,1822,1388,334,751,303,434,619,6,64,549,619,18,48,-,6,237,2,192,-,116,2292,1748,422,1080,246,544,889,11,98,780,889,32,39,-,5,5,336,3,248,1,220,2895,2317,453,1464,400,578,827,14,96,717,827,12,48,1,9,-,383,2,227,-,145,3188,2581,458,1256,867,607,881,1,85,795,881,42,53,1,3,44,374,4,180,-,180,4182,3307,389,1713,1205,875,584,3,73,508,584,29,29,2,1,-,256,3,193,-,71,5144,4137,453,2829,855,1007,709,11,72,626,709,66,72,-,3,-,253,1,217,-,97,5952,4714,532,3744,438,1238,829,12,123,694,829,96,94,-,10,-,255,5,251,-,118,5360,4432,532,3764,136,928,717,11,67,639,717,20,34,1,10,-,285,4,143,-,220,5611,4847,566,4063,218,764,599,6,47,546,599,22,45,2,5,-,265,3,184,-,73,6060,5435,724,4539,172,625,900,10,81,809,901,62,57,1,7,1,389,3,256,-,125,6228,5688,801,4688,199,540,767,9,52,706,767,17,28,-,6,3,434,8,194,-,77,5458,4803,709,3922,172,655,631,12,100,519,631,17,66,-,3,304,1,166,-,74,4613,4103,496,3511,96,510,392,12,39,341,392,12,18,2,2,-,198,6,110,1,43,6748,5642,391,5152,99,1106,339,10,37,292,339,7,8,-,-,1,193,3,73,-,54,8889,7598,601,6882,115,1291,631,19,63,549,631,12,17,2,15,1,204,14,97,-,269,7242,5869,602,5169,98,1373,536,6,36,494,536,21,20,1,11,1,246,2,65,-,169,7702,6193,608,4955,630,1509,642,14,46,582,642,13,31,1,14,322,3,78,15,40,92,33,7141,5872,479,5273,120,1269,622,11,40,571,622,12,23,2,13,320,6,65,18,20,103,40
"합계",금천구,1263,762,177,432,153,501,207,-,55,152,207,1,35,-,8,53,7,75,1,27,1265,822,161,471,190,443,203,7,61,135,203,11,27,-,5,49,9,71,-,31,1561,1200,219,758,223,361,396,4,75,317,396,2,68,-,3,122,14,120,-,67,1893,1456,219,1020,217,437,430,5,74,351,430,69,39,-,6,1,122,22,97,-,74,2484,1938,204,1305,429,546,399,3,79,317,399,26,89,-,6,2,130,14,76,-,56,2509,2055,268,1466,321,454,498,3,48,447,498,12,24,-,5,29,241,13,108,-,66,3434,2831,240,2010,581,603,334,2,94,238,334,5,39,-,5,12,111,19,96,-,47,3567,3030,235,2230,565,537,341,7,82,252,341,15,52,1,7,-,113,18,98,2,35,4123,3320,225,2763,332,803,343,4,104,235,343,10,75,-,4,-,100,27,90,1,36,3729,3156,238,2698,220,573,291,5,56,230,291,2,15,-,7,6,103,18,58,-,82,3721,3099,311,2537,251,622,371,5,62,304,371,7,35,-,4,-,154,17,107,1,46,3812,3263,373,2782,108,549,431,2,68,361,430,33,26,-,5,-,182,24,119,1,40,4065,3585,440,3045,100,480,409,2,64,343,409,33,23,-,11,-,180,24,100,-,38,3915,3421,430,2882,109,494,486,7,138,341,486,23,81,-,7,219,21,81,-,54,3429,3164,341,2757,66,265,248,2,48,198,248,3,27,-,-,-,91,19,78,-,30,5204,4316,365,3857,94,888,241,10,39,192,241,1,20,-,-,-,66,23,73,-,58,5032,3685,699,2893,93,1347,766,16,77,673,766,14,22,3,18,2,251,18,119,-,319,6763,4804,582,3955,267,1959,540,13,64,463,540,5,23,2,8,-,179,20,73,-,230,5928,4750,420,3793,537,1178,395,26,48,321,395,28,33,1,6,134,17,60,6,28,70,12,5417,4409,345,3980,84,1008,470,19,47,404,470,23,43,2,4,214,19,51,6,30,63,15
"합계",영등포구,2202,1297,437,603,257,904,688,33,102,553,688,20,87,84,6,215,-,194,-,82,2520,1862,603,747,512,658,1016,34,269,713,1016,61,213,107,8,311,-,204,4,108,2681,2074,482,883,709,607,750,38,186,526,750,90,135,110,6,154,-,202,-,53,3069,2258,574,759,925,811,780,47,177,556,780,25,120,118,9,16,179,-,173,-,140,3487,2643,607,916,1120,844,1011,39,180,792,1011,122,102,130,3,1,305,-,189,-,159,4233,3556,642,1458,1456,677,1680,50,181,1449,1680,639,94,107,13,68,436,-,163,1,159,5833,5027,640,3313,1074,806,1571,40,162,1369,1571,556,98,110,6,-,482,-,177,-,142,6609,5774,747,3796,1231,835,1141,37,165,939,1141,147,114,253,8,-,294,-,190,-,135,6986,6193,1034,4564,595,793,1489,47,288,1154,1489,216,108,448,12,2,324,-,225,1,153,6613,6056,1102,4770,184,557,1525,45,199,1281,1525,75,157,344,4,4,439,-,91,-,411,6951,6451,1239,4882,330,500,1495,22,209,1264,1495,66,104,329,9,6,511,-,290,-,180,8159,7591,1397,5939,255,568,1651,36,271,1344,1651,134,186,274,13,-,376,-,327,-,341,8735,8049,1568,6246,235,686,1654,43,201,1410,1654,72,102,364,8,-,511,-,292,-,305,9187,8172,1883,5966,323,1015,1915,53,258,1604,1900,107,172,506,-,430,-,272,1,412,8404,7400,1370,5774,256,1004,1199,32,104,1063,1199,20,43,422,2,3,308,-,166,-,235,11826,9999,1540,8227,232,1827,1404,26,81,1297,1404,29,44,693,2,-,337,-,172,-,127,10262,8826,1373,7310,143,1436,1555,49,190,1316,1555,27,38,291,45,3,453,32,256,-,410,12228,9976,917,8998,61,2252,1450,38,146,1266,1450,36,67,131,18,2,409,-,130,-,657,9565,7776,907,6086,783,1789,1102,26,90,986,1102,10,56,36,37,350,-,135,12,201,185,80,9818,7920,876,6932,112,1898,1103,40,76,987,1103,11,58,99,33,388,-,120,23,192,131,48
"합계",동작구,1607,1031,251,497,283,576,365,12,81,272,365,38,51,21,2,105,4,97,-,47,1685,1297,275,739,283,388,462,9,90,363,462,64,61,15,6,149,1,98,1,67,1845,1522,304,827,391,323,501,16,155,330,501,25,103,13,6,126,3,122,1,102,2338,1924,274,1237,413,414,500,11,107,382,500,95,54,18,7,-,132,7,113,-,74,2936,2452,266,1731,455,484,373,9,71,293,373,25,33,11,6,1,104,1,114,-,78,3574,3003,515,1804,684,571,882,19,127,736,882,80,67,17,7,72,264,7,105,4,259,5287,4344,315,2663,1366,943,506,11,96,399,506,75,42,13,8,-,160,3,118,-,87,4816,4212,690,2752,770,604,1842,35,102,1705,1842,87,73,12,9,43,318,1,380,-,919,4789,3970,468,3124,378,819,671,21,61,589,671,34,45,20,7,-,214,4,220,-,127,4412,3781,402,3258,121,631,632,6,118,508,632,17,31,21,9,65,195,3,110,-,181,4350,3686,513,3079,94,664,621,7,94,520,621,18,75,12,11,-,223,2,203,-,77,4931,4359,486,3704,169,572,591,21,90,480,591,39,90,28,7,-,158,3,178,-,88,5015,4327,437,3726,164,688,567,19,36,512,567,14,26,28,3,1,239,3,176,-,77,5134,4449,453,3892,104,685,516,11,44,461,524,9,23,66,4,190,13,152,-,67,4342,3738,413,3228,97,604,413,12,48,353,413,2,22,85,1,-,133,18,104,-,48,5862,4822,344,4377,101,1040,373,10,45,318,373,13,11,76,-,-,115,8,90,-,60,8001,5900,628,5174,98,2101,818,18,66,734,818,12,16,99,15,1,212,50,134,-,279,6596,5689,596,4953,140,907,655,22,42,591,655,36,8,49,5,-,223,11,78,-,245,6073,4541,589,3523,429,1532,797,17,64,716,797,55,30,37,19,270,13,65,4,115,110,79,6088,4683,573,4022,88,1405,653,16,48,589,653,36,20,57,14,201,3,80,11,92,89,50
"합계",관악구,2639,1582,498,772,312,1057,613,9,159,445,613,11,31,1,7,159,139,204,-,61,2845,1906,523,923,460,939,748,12,208,528,748,2,45,-,15,245,139,217,-,85,3117,2332,535,1519,278,785,736,10,215,511,736,34,25,-,3,212,157,244,-,61,3431,2561,508,1265,788,870,660,16,216,428,660,9,53,4,3,-,168,146,175,-,102,4286,3456,590,1666,1200,830,750,9,194,547,750,22,24,-,11,1,196,194,210,-,92,5642,4881,659,2010,2212,761,1041,16,212,813,1041,48,29,-,7,79,319,237,203,-,119,7251,6147,684,2495,2968,1104,985,12,159,814,985,56,30,-,4,-,320,156,296,1,122,3999,3452,497,1959,996,547,785,18,137,630,785,178,21,-,3,1,129,176,207,-,70,3538,3101,509,2185,407,437,668,15,125,528,668,29,35,-,7,-,159,127,210,-,101,5989,4836,818,3687,331,1153,1560,22,137,1401,1560,39,49,2,4,2,203,184,162,-,915,6690,5413,900,4290,223,1277,1336,21,161,1154,1336,101,39,-,4,1,354,173,342,-,322,7251,6325,902,5152,271,926,1303,6,165,1132,1303,48,64,4,3,-,346,202,348,-,288,7792,6568,902,5469,197,1224,988,10,142,836,988,40,43,1,5,1,313,188,272,-,125,7363,6041,831,5019,191,1322,825,14,94,717,823,32,32,4,-,192,164,285,-,114,6609,5633,750,4775,108,976,702,22,125,555,702,8,27,10,1,-,170,214,185,-,87,9458,7267,906,6263,98,2191,1069,18,148,903,1069,23,35,2,1,-,251,265,304,1,187,9586,7438,1029,6318,91,2148,1308,24,108,1176,1308,37,32,4,34,3,375,176,214,-,433,10911,8641,922,7636,83,2270,1417,14,184,1219,1417,128,38,-,11,-,259,244,136,-,601,10778,7789,1105,6027,657,2989,1771,55,101,1615,1771,118,53,-,64,381,302,155,12,66,313,307,9484,7231,1358,5749,124,2253,1462,38,138,1286,1462,137,25,-,69,210,200,162,10,69,267,313
"합계",서초구,2303,1291,325,828,138,1012,470,11,149,310,470,47,99,14,2,162,30,80,2,34,2685,1745,363,1203,179,940,613,17,141,455,613,117,106,15,6,186,18,92,1,72,3382,2214,465,1573,176,1168,886,34,290,562,886,128,296,44,12,203,41,104,-,58,3949,2845,592,1893,360,1104,957,24,358,575,957,77,244,18,7,1,257,44,89,-,220,4252,3239,360,2046,833,1013,537,7,177,353,537,21,111,15,2,2,186,39,64,-,97,5028,3757,424,2439,894,1271,649,13,198,438,649,37,97,18,8,42,183,32,103,-,129,6293,5010,382,3884,744,1283,545,13,99,433,545,35,54,10,1,1,261,31,95,-,57,6316,5046,501,3633,912,1270,793,8,136,649,793,34,99,25,5,-,335,49,173,-,73,6248,5108,616,3893,599,1140,859,9,199,651,859,54,156,37,7,-,256,47,198,-,104,7485,6264,662,5369,233,1221,815,11,145,659,815,27,123,41,4,-,230,64,102,-,224,8390,6603,705,5633,265,1787,839,12,116,711,839,58,90,30,14,1,339,38,140,-,129,8659,7192,873,6008,311,1467,892,16,98,778,892,48,85,30,5,-,398,33,167,-,126,8779,7040,888,5902,250,1739,745,10,78,657,745,41,76,13,1,-,350,28,121,-,115,8046,6252,732,5338,182,1794,606,7,67,532,607,36,46,84,3,260,12,89,-,77,7585,6328,663,5495,170,1257,514,11,59,444,514,16,24,98,1,-,181,27,77,-,90,9886,7366,668,6440,258,2520,494,11,50,433,494,12,19,141,1,-,168,28,53,-,72,10691,7896,560,7069,267,2795,742,19,60,663,742,16,18,88,18,3,188,33,139,-,239,10640,8118,801,7131,186,2522,866,32,70,764,866,18,32,62,13,1,232,37,74,-,397,11275,7555,788,6354,413,3720,822,18,60,744,822,20,45,82,17,221,38,80,9,133,95,82,10195,7089,603,6355,131,3106,695,9,75,611,695,30,29,74,8,206,20,64,10,145,56,53
"합계",강남구,3313,1868,504,770,594,1445,848,10,207,631,848,53,134,19,11,378,5,153,-,95,3107,2016,473,780,763,1091,784,11,201,572,784,150,102,16,10,270,12,149,1,74,3590,2464,538,914,1012,1126,776,32,184,560,776,62,85,30,11,286,17,171,1,113,4458,3203,570,1174,1459,1255,767,34,215,518,767,55,111,25,10,-,238,17,199,2,110,4943,3753,526,1187,2040,1190,763,14,205,544,763,70,86,20,13,4,296,21,182,-,71,5662,4318,775,1694,1849,1344,1182,11,186,985,1182,141,108,26,12,34,444,15,264,3,135,7429,5799,880,2559,2360,1630,1331,14,163,1154,1331,198,117,16,9,12,479,10,270,1,219,6992,5763,725,3674,1364,1229,1028,21,131,876,1028,29,106,28,7,-,379,10,264,-,205,8350,7397,959,4832,1606,953,1295,6,115,1174,1295,131,130,44,4,1,352,23,360,-,250,9389,8041,1151,6361,529,1348,1514,17,165,1332,1514,111,187,38,12,10,485,9,119,-,543,10447,8286,1257,6424,605,2161,1207,11,166,1030,1207,70,92,40,20,3,401,9,350,-,222,12689,10224,1428,8356,440,2465,1393,9,138,1246,1444,36,169,32,8,6,580,8,337,-,268,12065,9069,1154,7659,256,2996,1035,11,85,939,1035,42,53,28,6,-,467,4,268,-,167,11778,9004,1125,7649,230,2774,950,5,65,880,950,7,29,71,1,434,8,226,-,174,11900,9503,1083,8140,280,2397,809,20,86,703,809,43,33,76,-,-,286,13,204,-,154,16660,12153,1235,10692,226,4507,1085,17,121,947,1085,51,51,144,4,-,313,18,258,-,246,16169,12427,1287,10966,174,3742,1437,45,138,1254,1437,51,34,95,32,3,447,32,253,-,490,17608,14293,1185,12980,128,3315,1353,34,91,1228,1353,10,56,57,18,2,428,14,136,-,632,16119,11318,876,8014,2428,4801,951,18,89,844,951,43,38,36,19,356,10,103,29,82,155,80,14612,10862,638,9977,247,3750,818,9,32,777,818,37,38,53,8,321,13,102,26,83,88,49
"합계",송파구,3028,1764,451,918,395,1264,681,33,188,460,681,22,99,28,7,211,23,195,-,96,3064,2230,601,1173,456,834,845,16,185,644,845,51,110,26,11,213,21,294,-,119,3697,2607,490,1317,800,1090,648,12,133,503,648,12,46,23,9,197,13,222,-,126,4324,2936,450,1319,1167,1388,590,16,124,450,590,23,97,37,6,1,140,12,168,-,106,5171,3899,516,2178,1205,1272,696,23,163,510,696,49,107,54,14,-,183,9,148,-,132,5346,4307,430,2482,1395,1039,667,12,94,561,667,14,52,29,9,38,317,10,124,-,74,6375,5125,518,2682,1925,1250,1790,20,126,1644,1790,939,90,26,27,-,381,17,207,2,101,6376,5138,566,2807,1765,1238,2196,11,187,1998,2196,1245,161,27,7,6,360,9,226,31,124,6476,5406,701,3562,1143,1070,1291,16,183,1092,1291,426,135,39,20,1,249,22,286,-,113,6174,5068,644,3927,497,1106,796,22,154,620,796,42,114,54,10,-,191,9,68,-,308,6389,4897,782,3478,637,1492,904,25,97,782,904,32,81,65,9,-,270,5,309,4,129,9479,7697,927,6241,529,1782,1177,12,158,1007,1177,77,161,44,146,-,369,8,236,-,136,8994,6939,943,5512,484,2055,916,23,99,794,916,38,89,47,9,-,372,2,202,-,157,8204,6574,846,5299,429,1630,734,22,70,642,734,19,52,66,2,285,10,183,-,117,8345,7111,723,6169,219,1234,626,16,78,532,626,15,32,95,8,-,225,5,151,1,94,11946,9184,825,8072,287,2762,635,7,33,595,635,20,28,102,3,1,189,-,148,-,144,13449,9990,754,8963,273,3459,1004,17,79,908,1004,18,24,65,23,2,262,41,164,-,405,14318,10966,1103,9763,100,3352,1292,32,140,1120,1292,34,58,281,33,-,338,3,130,-,415,13089,9685,804,7754,1127,3404,1112,21,63,1028,1112,74,62,72,37,342,2,92,10,115,188,118,11498,8641,744,7747,150,2857,867,26,43,798,867,33,34,114,19,307,2,96,7,80,124,51
"합계",강동구,1980,1246,439,466,341,733,668,17,154,497,668,46,92,14,7,174,3,254,-,78,2172,1730,492,456,782,442,770,18,171,581,770,90,81,12,5,197,3,284,1,97,2252,1842,431,552,859,410,682,20,128,534,682,63,70,10,10,184,5,247,-,93,3118,2472,390,628,1454,646,515,13,79,423,515,13,36,4,8,1,164,3,208,-,78,3953,3349,406,1108,1835,604,498,16,63,419,498,14,23,7,6,2,149,5,204,-,88,4316,3592,314,1215,2063,724,470,10,77,383,470,16,30,8,7,15,225,2,101,-,66,4907,4140,319,1744,2077,767,411,9,64,338,411,3,34,8,3,-,200,6,99,-,58,4466,3842,438,2219,1185,624,922,7,113,802,922,248,42,17,3,1,371,6,176,-,58,4268,3698,449,2220,1029,570,706,13,134,559,706,126,69,34,4,2,203,6,177,-,85,4286,3714,520,2753,441,572,637,11,84,542,637,15,72,28,9,-,206,2,73,-,232,4444,3824,704,2671,449,620,821,12,118,691,821,17,68,27,4,5,345,-,254,-,101,6324,5685,833,4560,292,639,968,11,103,854,917,13,58,26,3,-,356,2,301,-,158,6595,5893,746,4719,428,702,786,11,91,684,786,25,53,39,5,-,359,5,171,-,129,5570,4689,699,3826,164,881,631,9,80,542,631,61,47,54,2,255,5,140,-,67,5625,4682,491,4079,112,943,374,10,53,311,374,11,26,34,3,-,153,5,76,-,66,8069,6218,540,5586,92,1851,307,2,23,282,307,9,16,26,1,-,127,-,73,-,55,8517,6580,612,5906,62,1937,722,18,67,637,722,12,19,48,15,2,215,15,142,-,254,10338,7596,768,6596,232,2742,677,9,68,600,677,18,33,10,21,1,256,9,59,-,270,8932,6928,570,5593,765,2004,577,8,45,524,577,60,13,31,16,219,-,59,7,80,54,38,8533,6868,369,6351,148,1665,448,12,19,417,448,15,18,35,11,174,3,58,7,64,41,22
"합계",기타,-,-,-,-,-,-,-,-,-,-,-,-,-,-,-,-,-,-,-,-,38,22,2,16,4,16,2,-,2,-,2,-,1,-,-,-,1,-,-,-,24,16,5,5,6,8,36,25,11,-,36,36,-,-,-,-,-,-,-,-,18,15,4,5,6,3,4,2,2,-,4,-,4,-,-,-,-,-,-,-,-,32,19,1,7,11,13,1,-,1,-,1,-,-,-,-,-,-,1,-,-,-,34,21,3,12,6,13,3,-,1,2,3,-,-,-,-,1,-,1,1,-,-,54,43,9,22,12,11,12,-,6,6,12,-,8,-,-,-,-,2,-,-,2,5412,4770,494,3006,1270,642,660,9,117,534,660,67,20,14,11,1,159,111,181,-,96,4307,3796,502,2783,511,511,656,11,190,455,656,64,38,2,5,-,151,115,191,-,90,432,373,65,261,47,59,199,2,142,55,199,128,-,-,-,-,-,14,21,-,36,1,-,-,-,-,1,-,-,-,-,-,-,-,-,-,-,-,-,-,-,-,1,1,-,1,-,-,-,-,-,-,-,-,-,-,-,-,-,-,-,-,-,6,4,1,2,1,2,1,-,-,1,1,-,-,-,-,-,-,-,1,-,-,-,-,-,-,-,-,-,-,-,-,-,-,-,-,-,-,-,-,-,-,-,-,-,-,-,-,-,-,-,-,-,-,-,-,-,-,-,-,-,-,-,-,-,-,-,-,-,-,-,-,-,-,-,-,-,-,-,-,-,-,-,-,-,-,-,-,-,-,-,-,-,-,-,-,-,-,-,-,-,-,-,-,-,-,-,-,-,-,-,-,-,-,-,-,-,-,-,-,-,-,-,-,-,-,125,76,16,52,8,49,20,1,5,14,20,4,1,-,-,2,6,-,-,4,3,-,37,34,5,27,2,3,8,1,4,3,8,4,-,-,-,-,4,-,-,-,-,-
