"소방서별(1)",소방서별(2),2005,2005,2005,2005,2005,2005,2005,2005,2005,2005,2005,2005,2006,2006,2006,2006,2006,2006,2006,2006,2006,2006,2006,2006,2006,2006,2007,2007,2007,2007,2007,2007,2007,2007,2007,2007,2007,2007,2007,2007,2008,2008,2008,2008,2008,2008,2008,2008,2008,2008,2008,2008,2008,2008,2009,2009,2009,2009,2009,2009,2009,2009,2009,2009,2009,2009,2009,2009,2010,2010,2010,2010,2010,2010,2010,2010,2010,2010,2010,2010,2010,2010,2011,2011,2011,2011,2011,2011,2011,2011,2011,2011,2011,2011,2011,2011,2012,2012,2012,2012,2012,2012,2012,2012,2012,2012,2012,2012,2012,2012,2013,2013,2013,2013,2013,2013,2013,2013,2013,2013,2013,2013,2013,2013,2013,2013,2013,2013,2013,2014,2014,2014,2014,2014,2014,2014,2014,2014,2014,2014,2014,2014,2014,2014,2014,2014,2014,2014,2015,2015,2015,2015,2015,2015,2015,2015,2015,2015,2015,2015,2015,2015,2015,2015,2015,2015,2015,2016,2016,2016,2016,2016,2016,2016,2016,2016,2016,2016,2016,2016,2016,2016,2016,2016,2016,2016,2017,2017,2017,2017,2017,2017,2017,2017,2017,2017,2017,2017,2017,2017,2017,2017,2017,2017,2017,2018,2018,2018,2018,2018,2018,2018,2018,2018,2018,2018,2018,2018,2018,2018,2018,2018,2018,2018,2019,2019,2019,2019,2019,2019,2019,2019,2019,2019,2019,2019,2019,2019,2019,2019,2019,2019,2019,2020,2020,2020,2020,2020,2020,2020,2020,2020,2020,2020,2020,2020,2020,2020,2020,2020,2020,2020,2021,2021,2021,2021,2021,2021,2021,2021,2021,2021,2021,2021,2021,2021,2021,2021,2021,2021,2021,2022,2022,2022,2022,2022,2022,2022,2022,2022,2022,2022,2022,2022,2022,2022,2022,2022,2022,2022,2022,2023,2023,2023,2023,2023,2023,2023,2023,2023,2023,2023,2023,2023,2023,2023,2023,2023,2023,2023,2023,2023,2024,2024,2024,2024,2024,2024,2024,2024,2024,2024,2024,2024,2024,2024,2024,2024,2024,2024,2024,2024,2024,2025,2025,2025,2025,2025,2025,2025,2025,2025,2025,2025,2025,2025,2025,2025,2025,2025,2025,2025,2025,2025
"소방서별(1)",소방서별(2),출동건수 (건),이송건수 (건),이송인원 (명),구급환자유형별 (명),구급환자유형별 (명),구급환자유형별 (명),구급환자유형별 (명),이송병원별 (명),이송병원별 (명),이송병원별 (명),이송병원별 (명),이송병원별 (명),출동건수 (건),이송건수 (건),이송인원 (명),이송인원 (명),이송인원 (명),구급환자유형별 (명),구급환자유형별 (명),구급환자유형별 (명),구급환자유형별 (명),이송병원별 (명),이송병원별 (명),이송병원별 (명),이송병원별 (명),이송병원별 (명),출동건수 (건),이송건수 (건),이송인원 (명),이송인원 (명),이송인원 (명),구급환자유형별 (명),구급환자유형별 (명),구급환자유형별 (명),구급환자유형별 (명),이송병원별 (명),이송병원별 (명),이송병원별 (명),이송병원별 (명),이송병원별 (명),출동건수 (건),이송건수 (건),이송인원 (명),이송인원 (명),이송인원 (명),구급환자유형별 (명),구급환자유형별 (명),구급환자유형별 (명),구급환자유형별 (명),이송병원별 (명),이송병원별 (명),이송병원별 (명),이송병원별 (명),이송병원별 (명),출동건수 (건),이송건수 (건),이송인원 (명),이송인원 (명),이송인원 (명),구급환자유형별 (명),구급환자유형별 (명),구급환자유형별 (명),구급환자유형별 (명),이송병원별 (명),이송병원별 (명),이송병원별 (명),이송병원별 (명),이송병원별 (명),출동건수 (건),이송건수 (건),이송인원 (명),이송인원 (명),이송인원 (명),구급환자유형별 (명),구급환자유형별 (명),구급환자유형별 (명),구급환자유형별 (명),이송병원별 (명),이송병원별 (명),이송병원별 (명),이송병원별 (명),이송병원별 (명),출동건수 (건),이송건수 (건),이송인원 (명),이송인원 (명),이송인원 (명),구급환자유형별 (명),구급환자유형별 (명),구급환자유형별 (명),구급환자유형별 (명),이송병원별 (명),이송병원별 (명),이송병원별 (명),이송병원별 (명),이송병원별 (명),출동건수 (건),이송건수 (건),이송인원 (명),이송인원 (명),이송인원 (명),구급환자유형별 (명),구급환자유형별 (명),구급환자유형별 (명),구급환자유형별 (명),이송병원별 (명),이송병원별 (명),이송병원별 (명),이송병원별 (명),이송병원별 (명),출동건수 (건),이송건수 (건),이송인원 (명),이송인원 (명),이송인원 (명),구급환자유형별 (명),구급환자유형별 (명),구급환자유형별 (명),구급환자유형별 (명),이송병원별 (명),이송병원별 (명),이송병원별 (명),이송병원별 (명),이송병원별 (명),이송병원별 (명),이송병원별 (명),이송병원별 (명),이송병원별 (명),이송병원별 (명),출동건수 (건),이송건수 (건),이송인원 (명),이송인원 (명),이송인원 (명),구급환자유형별 (명),구급환자유형별 (명),구급환자유형별 (명),구급환자유형별 (명),이송병원별 (명),이송병원별 (명),이송병원별 (명),이송병원별 (명),이송병원별 (명),이송병원별 (명),이송병원별 (명),이송병원별 (명),이송병원별 (명),이송병원별 (명),출동건수 (건),이송건수 (건),이송인원 (명),이송인원 (명),이송인원 (명),구급환자유형별 (명),구급환자유형별 (명),구급환자유형별 (명),구급환자유형별 (명),이송병원별 (명),이송병원별 (명),이송병원별 (명),이송병원별 (명),이송병원별 (명),이송병원별 (명),이송병원별 (명),이송병원별 (명),이송병원별 (명),이송병원별 (명),출동건수 (건),이송건수 (건),이송인원 (명),이송인원 (명),이송인원 (명),구급환자유형별 (명),구급환자유형별 (명),구급환자유형별 (명),구급환자유형별 (명),이송병원별 (명),이송병원별 (명),이송병원별 (명),이송병원별 (명),이송병원별 (명),이송병원별 (명),이송병원별 (명),이송병원별 (명),이송병원별 (명),이송병원별 (명),출동건수 (건),이송건수 (건),이송인원 (명),이송인원 (명),이송인원 (명),구급환자유형별 (명),구급환자유형별 (명),구급환자유형별 (명),구급환자유형별 (명),이송병원별 (명),이송병원별 (명),이송병원별 (명),이송병원별 (명),이송병원별 (명),이송병원별 (명),이송병원별 (명),이송병원별 (명),이송병원별 (명),이송병원별 (명),출동건수 (건),이송건수 (건),이송인원 (명),이송인원 (명),이송인원 (명),구급환자유형별 (명),구급환자유형별 (명),구급환자유형별 (명),구급환자유형별 (명),이송병원별 (명),이송병원별 (명),이송병원별 (명),이송병원별 (명),이송병원별 (명),이송병원별 (명),이송병원별 (명),이송병원별 (명),이송병원별 (명),이송병원별 (명),출동건수 (건),이송건수 (건),이송인원 (명),이송인원 (명),이송인원 (명),구급환자유형별 (명),구급환자유형별 (명),구급환자유형별 (명),구급환자유형별 (명),이송병원별 (명),이송병원별 (명),이송병원별 (명),이송병원별 (명),이송병원별 (명),이송병원별 (명),이송병원별 (명),이송병원별 (명),이송병원별 (명),이송병원별 (명),출동건수 (건),이송건수 (건),이송인원 (명),이송인원 (명),이송인원 (명),구급환자유형별 (명),구급환자유형별 (명),구급환자유형별 (명),구급환자유형별 (명),이송병원별 (명),이송병원별 (명),이송병원별 (명),이송병원별 (명),이송병원별 (명),이송병원별 (명),이송병원별 (명),이송병원별 (명),이송병원별 (명),이송병원별 (명),출동건수 (건),이송건수 (건),이송인원 (명),이송인원 (명),이송인원 (명),구급환자유형별 (명),구급환자유형별 (명),구급환자유형별 (명),구급환자유형별 (명),이송병원별 (명),이송병원별 (명),이송병원별 (명),이송병원별 (명),이송병원별 (명),이송병원별 (명),이송병원별 (명),이송병원별 (명),이송병원별 (명),이송병원별 (명),출동건수 (건),이송건수 (건),이송인원 (명),이송인원 (명),이송인원 (명),이송인원 (명),구급환자유형별 (명),구급환자유형별 (명),구급환자유형별 (명),구급환자유형별 (명),이송병원별 (명),이송병원별 (명),이송병원별 (명),이송병원별 (명),이송병원별 (명),이송병원별 (명),이송병원별 (명),이송병원별 (명),이송병원별 (명),이송병원별 (명),출동건수 (건),이송건수 (건),이송인원 (명),이송인원 (명),이송인원 (명),이송인원 (명),구급환자유형별 (명),구급환자유형별 (명),구급환자유형별 (명),구급환자유형별 (명),구급환자유형별 (명),이송병원별 (명),이송병원별 (명),이송병원별 (명),이송병원별 (명),이송병원별 (명),이송병원별 (명),이송병원별 (명),이송병원별 (명),이송병원별 (명),이송병원별 (명),출동건수 (건),이송건수 (건),이송인원 (명),이송인원 (명),이송인원 (명),이송인원 (명),구급환자유형별 (명),구급환자유형별 (명),구급환자유형별 (명),구급환자유형별 (명),구급환자유형별 (명),이송병원별 (명),이송병원별 (명),이송병원별 (명),이송병원별 (명),이송병원별 (명),이송병원별 (명),이송병원별 (명),이송병원별 (명),이송병원별 (명),이송병원별 (명),출동건수 (건),이송건수 (건),이송인원 (명),이송인원 (명),이송인원 (명),이송인원 (명),구급환자유형별 (명),구급환자유형별 (명),구급환자유형별 (명),구급환자유형별 (명),구급환자유형별 (명),이송병원별 (명),이송병원별 (명),이송병원별 (명),이송병원별 (명),이송병원별 (명),이송병원별 (명),이송병원별 (명),이송병원별 (명),이송병원별 (명),이송병원별 (명)
"소방서별(1)",소방서별(2),소계,소계,소계,소계,급만성질환,교통사고,사고부상,소계,병원,의원,종합병원,기타시설,소계,소계,소계,남,여,소계,급만성질환,교통사고,사고부상,소계,병원,의원,종합병원,기타시설,소계,소계,소계,남,여,소계,급만성질환,교통사고,사고부상,소계,병원,의원,종합병원,기타시설,소계,소계,소계,남,여,소계,급만성질환,교통사고,사고부상,소계,병원,의원,종합병원,기타시설,소계,소계,소계,남,여,소계,급만성질환,교통사고,사고부상,소계,병원,의원,종합병원,기타시설,소계,소계,소계,남,여,소계,급만성질환,교통사고,사고부상,소계,병원,의원,종합병원,기타시설,소계,소계,소계,남,여,소계,급만성질환,교통사고,사고부상,소계,병원,의원,종합병원,기타시설,소계,소계,소계,남,여,소계,급만성질환,교통사고,사고부상,소계,병원,의원,종합병원,기타시설,소계,소계,소계,남,여,소계,급만성질환,교통사고,사고부상,소계,병원,보건소,응급의료센터,의원,조산소,종합병원,치과병원,한의원,기타시설,소계,소계,소계,남,여,소계,급만성질환,교통사고,사고부상,소계,병원,보건소,응급의료센터,의원,조산소,종합병원,치과병원,한의원,기타시설,소계,소계,소계,남,여,소계,급만성질환,교통사고,사고부상,소계,병원,보건소,응급의료센터,의원,조산소,종합병원,치과병원,한의원,기타시설,소계,소계,소계,남,여,소계,급만성질환,교통사고,사고부상,소계,병원,보건소,응급의료센터,의원,조산소,종합병원,치과병원,한의원,기타시설,소계,소계,소계,남,여,소계,급만성질환,교통사고,사고부상,소계,병원,보건소,응급의료센터,의원,조산소,종합병원,치과병원,한의원,기타시설,소계,소계,소계,남,여,소계,급만성질환,교통사고,사고부상,소계,병원,보건소,응급의료센터,의원,조산소,종합병원,치과병원,한의원,기타시설,소계,소계,소계,남,여,소계,급만성질환,교통사고,사고부상,소계,병원,보건소,응급의료센터,의원,조산소,종합병원,치과병원,한의원,기타시설,소계,소계,소계,남,여,소계,급만성질환,교통사고,사고부상,소계,병원,보건소,응급의료센터,의원,조산소,종합병원,치과병원,한의원,기타시설,소계,소계,소계,남,여,소계,급만성질환,교통사고,사고부상,소계,병원,보건소,응급의료센터,의원,조산소,종합병원,치과병원,한의원,기타시설,소계,소계,소계,남,여,미상,소계,급만성질환,교통사고,사고부상,소계,병원,보건소,응급의료센터,의원,조산소,종합병원,치과병원,한의원,기타시설,소계,소계,소계,남,여,미상,소계,급만성질환,교통사고,외상,기타,소계,병원,보건소,응급의료센터,의원,조산소,종합병원,치과병원,한의원,기타시설,소계,소계,소계,남,여,미상,소계,급만성질환,교통사고,외상,기타,소계,병원,보건소,응급의료센터,의원,조산소,종합병원,치과병원,한의원,기타시설,소계,소계,소계,남,여,미상,소계,급만성질환,교통사고,외상,기타,소계,병원,보건소,응급의료센터,의원,조산소,종합병원,치과병원,한의원,기타시설
"합계",소계,335709,213075,217266,217266,131599,22571,63096,217266,39927,2280,158552,16507,350132,223301,227483,125432,102051,227483,138875,25596,63012,227483,39995,2070,151611,33807,365578,235889,240404,132925,107479,240404,145198,29056,66150,240404,42794,2476,170158,24976,376224,246061,250787,141267,109520,250787,150080,31132,69575,250787,48148,2229,183950,16460,402904,264532,269381,151850,117531,269381,161845,31822,75714,269381,52666,2748,206298,7669,414400,272204,276822,155118,121704,276822,166336,31171,79315,276822,52324,2621,214436,7441,410202,270556,274980,154821,120159,274980,164811,30926,79243,274980,47516,5438,216451,5575,429386,291316,295855,159204,136651,295855,179214,32015,84626,295855,47629,6619,238215,3392,433852,292270,295884,157592,138292,295884,182928,29836,83120,295884,40352,42,38594,3152,286,212966,63,145,284,484494,324887,328721,176139,152582,328721,201761,33808,93152,328721,32154,34,25007,4520,129,266225,43,194,415,506546,330892,335470,178925,156545,335470,210139,34111,91220,335470,26681,77,10598,5000,47,291968,14,194,891,528247,339232,343497,178619,164878,343497,230186,24454,88857,343497,27093,9,7703,4167,3,303764,92,242,424,545182,338257,342975,178362,164613,342975,220243,32115,90617,342975,26405,11,1509,3317,3,311245,54,196,235,559519,350640,353574,181367,172207,353574,235576,30373,87625,353574,24731,5,3,2435,2,326040,30,124,204,532339,335849,339124,172869,166255,339124,226082,29198,83844,339124,19757,4,-,1827,-,317314,19,65,138,477963,276471,276727,143040,133687,276727,185796,25897,65034,276727,18843,1858,-,2113,-,251872,11,52,1978,551647,312411,312686,157178,155508,312686,220413,24108,68165,312686,24876,139,-,1581,2,282972,17,40,3059,620849,337759,337937,165809,172123,5,337937,242083,23590,72264,337937,28718,57,-,2357,-,304941,43,31,1790,611990,348003,348085,169271,178813,1,348085,249267,22631,30371,45816,348085,23188,1,-,1351,-,323389,24,30,102,559006,285048,285426,140150,145276,-,285426,197291,19432,60413,8290,285426,44139,-,168026,7835,-,65246,52,14,114,546578,277208,277765,135169,142585,11,277765,191000,19159,59169,8437,277765,60593,-,161577,5089,-,50106,100,8,292
"합계",종로소방서,17277,10063,10277,10277,5586,1096,3595,10277,415,27,9201,634,14674,8704,8925,5629,3296,8925,5136,1081,2708,8925,375,11,7815,724,15496,8848,9058,5575,3483,9058,5117,1212,2729,9058,340,4,7748,966,15814,9439,9693,6213,3480,9693,5322,1154,3217,9693,424,9,8848,412,16549,10049,10283,6362,3921,10283,5658,1301,3324,10283,447,16,9522,298,16862,10222,10435,6461,3974,10435,5892,1257,3286,10435,465,16,9687,267,16900,10352,10505,6520,3985,10505,6034,1166,3305,10505,446,62,9705,292,16813,10688,10860,6528,4332,10859,6148,1219,3492,10860,440,110,10169,141,16323,10107,10247,6070,4177,10247,6007,1086,3154,10247,705,2,2186,73,24,7232,6,3,16,18609,10774,10888,6365,4523,10888,6441,1076,3371,10888,476,2,1063,114,1,9179,5,3,45,18976,10894,11062,6568,4494,11062,6562,1113,3387,11062,455,3,271,118,-,10136,2,3,74,18849,10850,10980,5710,5270,10980,828,759,9393,10980,314,-,-,118,-,10497,10,6,35,19299,10959,11148,6314,4834,11133,6807,1039,3287,11133,305,1,-,92,-,10706,4,6,19,20503,11469,11581,6422,5159,11581,7540,926,3115,11581,235,-,-,76,-,11240,1,2,27,18969,10628,10746,5843,4903,10746,6863,808,3075,10746,204,-,-,49,-,10461,1,5,26,15441,8021,8026,4480,3546,8026,5283,710,2033,8022,178,107,-,49,-,7585,-,1,102,17717,9013,9020,4880,4140,9020,6224,633,2163,9020,364,3,-,92,-,8426,2,3,130,19269,9297,9303,4649,4654,-,9303,6323,629,2351,9303,308,3,-,133,-,8770,1,-,88,18363,9540,9542,4837,4705,-,9542,6441,633,1087,1381,9542,168,-,-,102,-,9258,2,2,10,17663,8175,8184,4139,4045,-,8184,5306,543,2112,223,8184,424,-,4536,245,-,2972,-,1,6,17123,7508,7516,3771,3744,1,7516,4778,495,1998,245,7516,525,-,5210,271,-,1497,3,-,10
"합계",중부소방서,12681,7272,7401,7401,4183,911,2307,7401,388,6,6643,364,13123,7711,7841,4807,3034,7841,4271,1075,2495,7841,357,58,6635,791,13480,8053,8187,4925,3262,8187,4552,1202,2433,8187,329,132,7194,532,14187,8335,8525,5285,3240,8525,4662,1245,2618,8525,320,154,7807,244,15325,9122,9266,5743,3523,9266,5104,1222,2940,9266,452,87,8502,225,15729,9084,9220,5538,3682,9220,5165,1121,2934,9220,382,29,8562,247,15179,9000,9137,5624,3513,9137,5068,1086,2983,9137,357,59,8517,204,15517,9353,9493,5586,3907,9493,5518,1088,2887,9493,259,92,9023,119,15055,9234,9338,5319,4019,9338,5508,1019,2811,9338,381,4,2685,53,25,6173,5,2,10,17124,10327,10465,5907,4558,10465,6318,1162,2985,10465,407,-,1329,83,3,8601,2,6,34,17915,10058,10193,5692,4501,10193,5942,1180,3071,10193,548,2,21,96,-,9485,-,4,37,18363,10232,10344,5379,4965,10344,6873,753,2718,10344,386,-,-,81,-,9859,2,1,15,18820,10233,10385,5618,4767,10391,6366,997,3028,10391,313,-,-,54,-,10005,1,3,15,18752,10758,10831,5796,5035,10831,6879,954,2998,10831,224,-,-,41,-,10543,-,1,22,16884,9872,9957,5183,4774,9957,6305,913,2739,9957,132,-,-,34,-,9777,-,1,13,13706,7154,7157,3933,3224,7157,4530,675,1952,7077,173,71,-,31,-,6716,-,1,85,15564,8195,8203,4485,3718,8203,5722,608,1873,8203,362,2,-,26,-,7641,-,-,172,18974,9658,9665,4970,4695,-,9665,6686,687,2292,9665,350,1,-,58,-,9067,4,-,185,19256,10020,10021,4920,5101,-,10021,6931,574,1030,1486,10021,241,-,-,21,-,9739,3,1,16,17254,7994,8017,4011,4006,-,8017,5361,566,1896,194,8017,806,-,5983,156,-,1057,-,1,14,17217,8287,8303,4156,4147,-,8303,5337,626,2146,194,8303,1304,-,5385,207,-,1389,3,-,15
"합계",광진소방서,19974,12263,12486,12486,7446,1413,3627,12486,1677,15,10084,710,21153,13199,13448,7504,5944,13448,7984,1666,3798,13448,1465,17,10988,978,21236,14021,14246,7910,6336,14246,8246,1863,4137,14246,1404,28,11974,840,21885,14860,15164,8732,6432,15164,8695,2076,4393,15164,1220,24,12952,968,23537,15708,15960,9181,6779,15960,9211,2119,4630,15960,1733,22,13608,597,24887,16273,16557,9375,7182,16557,9922,2057,4578,16557,1887,22,14261,387,23922,15877,16076,9163,6913,16076,9695,1955,4426,16076,1707,82,14002,285,24574,16787,17014,9276,7738,17014,10071,2088,4855,17014,1528,187,15046,253,24007,16624,16813,9002,7811,16813,10248,1844,4721,16813,1841,1,851,182,4,13920,2,2,10,28067,18872,19095,10408,8687,19095,11284,2346,5465,19095,1273,4,295,231,2,17272,1,9,8,28667,18866,19110,10342,8768,19110,11527,2312,5271,19110,1080,9,-,231,-,17746,-,6,38,30325,19780,20060,10431,9629,20060,13672,1697,4691,20060,805,-,-,227,-,18993,1,14,20,24348,15258,15529,8127,7402,15520,9724,1645,4151,15520,502,-,-,170,-,14829,-,8,11,16270,10098,10181,5278,4903,10181,6956,909,2316,10181,205,-,-,82,-,9886,-,3,5,15124,9592,9698,4928,4770,9698,6293,892,2513,9698,141,-,-,45,-,9511,-,-,1,13709,8198,8202,4282,3920,8202,5381,842,1979,8198,312,23,-,120,-,7676,-,-,67,16881,9937,9937,5038,4899,9937,7048,834,2055,9937,666,4,-,71,-,9025,2,1,168,19587,11251,11251,5535,5716,-,11251,7966,906,2379,11251,803,2,-,94,-,10302,4,-,46,19387,11723,11724,5780,5944,-,11724,8219,851,1026,1628,11724,607,-,-,65,-,11046,2,1,3,17284,9007,9020,4485,4535,-,9020,6195,729,1841,255,9020,1511,-,5361,196,-,1943,-,1,8,17206,8854,8866,4376,4490,-,8866,6098,709,1794,265,8866,1774,-,5729,233,-,1118,6,-,6
"합계",용산소방서,11588,7050,7270,7270,4028,977,2265,7270,156,115,6722,277,12195,7362,7561,4248,3313,7561,4588,994,1979,7561,162,66,5819,1514,12572,7726,7938,4633,3305,7938,4586,1117,2235,7938,159,68,7121,590,12258,7394,7592,4349,3243,7592,4135,1122,2335,7592,157,57,7006,372,13127,7853,8039,4605,3434,8039,4515,1157,2367,8039,179,72,7679,109,13485,8117,8306,4774,3532,8306,4568,1108,2630,8306,179,82,7916,129,13765,8171,8349,4849,3500,8349,4710,1088,2551,8349,198,84,7991,76,13627,8266,8427,4716,3711,8427,4703,1160,2564,8427,192,101,8070,64,13281,8225,8344,4620,3724,8344,4800,1014,2530,8344,265,1,2491,70,28,5463,4,7,15,14989,9288,9452,5274,4178,9452,5324,1215,2913,9452,283,-,1262,85,-,7772,2,5,43,15686,9459,9665,5313,4352,9665,5517,1245,2903,9665,302,1,804,83,-,8411,-,5,59,16065,9479,9644,5015,4629,9644,5969,897,2778,9644,220,2,796,75,-,8510,2,3,36,16885,9524,9701,5138,4563,9705,5735,1033,2937,9705,224,-,175,72,-,9224,1,1,8,16899,9675,9773,5183,4590,9773,6339,970,2464,9773,146,-,1,34,-,9584,-,5,3,16089,9163,9259,4828,4431,9259,5820,916,2523,9259,147,-,-,38,-,9072,1,-,1,12981,6921,6923,3691,3232,6923,4332,782,1809,6923,86,59,-,21,-,6691,-,2,64,14920,7676,7676,3870,3806,7676,5375,632,1669,7676,272,6,-,32,-,7243,1,1,121,17777,8465,8465,4148,4316,1,8465,5632,732,2101,8465,226,4,-,46,-,8124,1,-,64,17007,8580,8580,4205,4375,-,8580,5627,739,792,1422,8580,123,-,-,25,-,8428,2,-,2,15683,6560,6589,3324,3265,-,6589,4243,542,1582,222,6589,701,-,5041,158,-,681,2,1,5,15966,6880,6903,3400,3503,-,6903,4459,580,1628,236,6903,1244,-,3129,149,-,2365,1,-,15
"합계",동대문소방서,13866,8575,8762,8762,5248,1048,2466,8762,1010,22,7000,730,14416,9243,9407,5478,3929,9407,5763,1193,2451,9407,1025,22,6303,2057,16442,10929,11090,6444,4646,11090,6961,1467,2662,11090,1823,22,7743,1502,16409,11118,11337,6591,4746,11337,6894,1524,2919,11337,1891,13,8217,1216,17569,11827,12024,7020,5004,12024,7354,1509,3161,12024,2411,99,8972,542,18237,12257,12437,7288,5149,12437,7507,1458,3472,12437,2662,148,9155,472,18073,12189,12326,7343,4983,12326,7650,1331,3345,12326,2537,180,9182,427,18574,13010,13193,7517,5676,13193,8145,1499,3549,13193,2468,337,10159,229,19315,13078,13194,7599,5595,13194,8168,1420,3606,13194,1393,3,461,162,11,11147,-,2,15,20554,14172,14307,8364,5943,14307,8642,1545,4120,14307,1061,-,338,155,5,12730,-,7,11,21555,14283,14439,8325,6114,14439,9080,1513,3846,14439,838,6,1,200,1,13355,-,3,35,21651,14088,14257,7414,6843,14257,9651,1174,3432,14257,834,-,-,171,-,13200,-,14,38,22357,13988,14136,8071,6065,14138,8952,1456,3730,14138,718,-,-,144,-,13245,-,3,28,23001,14372,14492,7965,6527,14492,9813,1441,3238,14492,611,-,-,77,-,13782,1,3,18,21684,13529,13628,7496,6132,13628,9045,1211,3372,13628,444,-,-,63,-,13104,-,2,15,19232,10538,10542,5818,4724,10542,7061,975,2506,10531,508,26,-,97,-,9891,-,-,9,21241,11962,11967,6285,5682,11967,8274,963,2730,11967,657,-,-,58,-,11196,-,-,56,23324,12926,12928,6597,6331,-,12928,9320,876,2732,12928,722,-,-,71,-,12113,1,1,20,23951,13835,13838,7123,6715,-,13838,10101,890,1134,1713,13838,503,-,-,45,-,13286,1,-,3,21936,11547,11562,5886,5676,-,11562,8184,779,2279,320,11562,850,-,8152,155,-,2392,1,-,12,21225,11145,11162,5688,5474,-,11162,7823,705,2352,282,11162,984,-,9831,154,-,178,1,-,14
"합계",영등포소방서,15526,9452,9684,9684,5443,1106,3135,9684,629,18,8597,440,16446,10095,10295,6263,4032,10295,5994,1190,3111,10295,674,21,8569,1031,17283,10753,11026,6568,4458,11026,6290,1372,3364,11026,559,11,9550,906,18207,11367,11677,6999,4678,11677,6713,1502,3462,11677,632,16,10244,785,19151,11990,12246,7383,4863,12246,6989,1546,3711,12246,603,33,11358,252,19637,12331,12631,7562,5069,12631,7132,1596,3903,12631,576,25,11816,214,19451,12099,12330,7354,4976,12330,7018,1679,3633,12330,528,73,11560,169,20866,13286,13579,7791,5788,13579,8022,1730,3827,13580,518,135,12833,94,21180,13586,13796,8086,5710,13796,8026,1545,4225,13796,1573,2,3681,98,10,8416,2,6,8,23826,15095,15289,8961,6328,15289,9073,1718,4498,15289,1411,3,3510,131,9,10209,1,11,4,24842,15225,15494,8941,6553,15494,9289,1881,4324,15494,1227,1,2244,187,8,11785,3,14,25,26064,15188,15392,8004,7388,15392,10298,1277,3817,15392,952,-,1751,118,-,12552,-,11,8,26256,14865,15138,8530,6608,15142,8894,1781,4467,15142,802,-,453,70,-,13802,-,8,7,26676,15494,15670,8546,7124,15670,9586,1614,4470,15670,622,-,-,79,-,14954,1,8,6,26139,14674,14842,8054,6788,14842,9520,1535,3787,14842,539,1,-,45,-,14254,1,1,1,23456,11335,11340,6046,5294,11340,7495,1230,2615,11382,499,44,-,57,-,10696,1,-,85,28347,13295,13305,6919,6386,13305,9318,1221,2766,13305,934,4,-,34,1,12167,-,2,163,31208,14700,14707,7493,7214,-,14707,10518,1132,3057,14707,1102,4,-,65,-,13416,1,4,115,29115,15167,15171,7660,7511,-,15171,10828,1044,1360,1939,15171,957,-,-,28,-,14178,1,1,6,26554,12914,12937,6514,6423,-,12937,8999,1003,2573,362,12937,1879,-,7751,116,-,3187,2,-,2,26277,12392,12425,6266,6159,-,12425,8443,999,2653,330,12425,1770,-,7908,116,-,2611,3,-,17
"합계",성북소방서,13765,8991,9136,9136,5837,778,2521,9136,1473,9,7014,640,14236,9240,9384,5002,4382,9384,6430,829,2125,9384,1204,9,6493,1678,14222,9721,9913,5331,4582,9913,6729,976,2208,9913,1439,5,7141,1328,14862,10404,10580,5900,4680,10580,7209,1157,2214,10580,2265,6,7602,707,15975,10924,11110,6155,4955,11110,7285,1116,2709,11110,1677,19,8891,523,16041,10929,11045,5881,5164,11045,7153,1021,2871,11045,1561,12,9148,324,15700,11040,11180,5960,5220,11180,7253,1082,2845,11180,1389,67,9428,296,16472,11821,11925,6192,5733,11925,7783,1118,3024,11925,1338,148,10315,124,16791,11526,11626,5912,5714,11626,7699,1007,2920,11626,1262,1,2502,141,38,7667,5,5,5,18673,12616,12745,6594,6151,12745,8437,1130,3178,12745,1054,1,1798,376,33,9459,1,6,17,19785,12944,13095,6871,6224,13095,8833,1174,3088,13095,1022,1,811,513,8,10698,1,3,38,20973,13308,13461,7000,6461,13461,9573,841,3047,13461,1113,2,373,416,-,11533,-,2,22,21663,13245,13408,6880,6528,13414,9084,1127,3203,13414,785,-,50,353,-,12208,1,4,13,21665,13388,13463,6676,6787,13463,9772,1031,2660,13463,652,-,-,322,-,12471,-,2,16,20208,13002,13088,6493,6595,13088,9230,985,2873,13088,741,-,-,286,-,12052,1,1,7,18201,10623,10633,5393,5240,10633,7555,794,2284,10695,996,72,-,358,-,9168,-,-,101,19915,11598,11611,5768,5843,11611,8729,677,2205,11611,1220,3,-,218,-,10089,1,-,80,21519,12142,12148,5908,6240,-,12148,9141,659,2348,12148,1350,1,-,252,-,10515,1,2,27,21602,12504,12506,6020,6486,-,12506,9355,674,955,1522,12506,995,-,-,181,-,11325,1,1,3,20141,10657,10677,5060,5617,-,10677,7567,600,2203,307,10677,1730,-,6510,705,-,1724,-,1,7,20385,11026,11040,5189,5850,1,11040,7840,573,2265,362,11040,1748,-,6513,766,-,2003,1,-,9
"합계",은평소방서,22744,14617,14964,14964,9572,1321,4071,14964,2777,80,9391,2716,13282,8400,8506,4669,3837,8506,5253,855,2398,8506,664,4,6354,1484,13926,8590,8698,4698,4000,8698,5374,890,2434,8698,687,4,6496,1511,13576,9005,9106,5126,3980,9106,5628,969,2509,9106,915,15,7078,1098,14012,9510,9613,5314,4299,9613,6054,907,2652,9613,1432,39,7869,273,14266,9955,10066,5483,4583,10066,6436,910,2720,10066,1172,34,8562,298,14621,10122,10263,5531,4732,10263,6403,1012,2848,10263,1135,118,8708,302,15706,11261,11468,5942,5526,11469,7234,1119,3116,11469,1239,211,9872,147,16624,11331,11475,5880,5595,11475,7253,971,3251,11475,3105,-,619,104,2,7628,5,3,9,18690,12469,12590,6438,6152,12590,8064,1060,3466,12590,1940,1,462,173,-,9987,5,6,16,19164,12725,12872,6597,6275,12872,8544,1065,3263,12872,1421,6,-,216,-,11186,-,6,37,21622,14076,14222,7395,6827,14222,10184,911,3127,14222,2607,-,-,208,-,11351,36,13,7,21652,13817,13951,7136,6815,13961,9785,998,3178,13961,2742,-,-,145,1,11039,23,7,4,22749,14660,14756,7217,7539,14756,10791,966,2999,14756,2558,-,-,107,-,12078,3,6,4,21481,14475,14578,7211,7367,14578,10413,987,3178,14578,2096,-,-,47,-,12427,3,4,1,19944,12510,12520,6363,6157,12520,8968,862,2690,12562,1470,71,-,51,-,10884,2,3,81,22823,14227,14237,6876,7361,14237,10731,893,2613,14237,1657,3,-,39,-,12443,1,1,93,25670,15264,15272,7310,7962,-,15272,11403,781,3088,15272,1372,1,-,94,-,13712,6,-,87,25613,15186,15194,7126,8068,-,15194,11303,731,1180,1980,15194,1031,-,-,47,-,14105,3,2,6,23388,12752,12786,6047,6739,-,12786,9174,682,2533,397,12786,1094,-,2057,73,-,9556,2,-,4,22599,12104,12126,5658,6467,1,12126,8804,662,2326,334,12126,2166,-,9200,139,-,606,2,-,13
"합계",강남소방서,16577,10367,10639,10639,5607,1633,3399,10639,622,677,8845,495,16905,10701,10911,5939,4972,10911,5843,1654,3414,10911,814,877,7400,1820,18384,11474,11731,6380,5351,11731,5954,2019,3758,11731,608,1194,8319,1610,19178,11723,12021,6554,5467,12021,6448,2049,3524,12021,530,985,9573,933,20152,12223,12521,6916,5605,12521,6732,2041,3748,12521,802,1092,10418,209,20163,12350,12573,6870,5703,12573,7005,1934,3634,12573,600,950,10824,199,21335,13153,13441,7321,6120,13441,7255,1982,4204,13441,706,1993,10602,140,22510,14874,15200,7840,7360,15200,8035,2255,4910,15201,795,1549,12752,105,21916,14730,14978,7560,7418,14978,8471,2042,4465,14978,1883,2,858,144,3,12066,3,9,10,25671,16683,16927,8509,8418,16927,9654,2193,5080,16927,1399,3,600,144,4,14754,-,11,12,26707,17129,17437,8840,8597,17437,9894,2334,5209,17437,1224,11,1,208,-,15938,-,9,46,29374,17875,18183,9455,8728,18183,11921,1669,4593,18183,1424,-,36,164,-,16524,-,8,27,31590,18384,18732,9129,9603,18729,11177,2311,5241,18729,1872,1,2,130,-,16701,3,11,9,32700,19089,19299,9452,9847,19299,11680,2300,5319,19299,1702,-,-,106,-,17482,3,2,4,31783,18975,19300,9415,9885,19300,11734,2344,5222,19300,1510,-,-,97,-,17683,2,2,6,28419,15077,15132,7615,7517,15132,8917,2133,4082,15172,1459,54,-,76,-,13568,2,3,10,35090,17974,18016,8861,9155,18016,10883,2045,5088,18016,2850,9,-,87,-,15022,3,3,42,38825,18706,18717,9215,9502,-,18717,11874,1890,4953,18717,3470,3,-,189,-,15012,2,3,38,36950,18932,18940,9110,9830,-,18940,12145,1868,1924,3003,18940,2851,-,-,100,-,15987,-,-,2,33463,15113,15149,7516,7633,-,15149,9589,1513,3501,546,15149,3381,-,7974,2786,-,996,5,2,5,31084,14900,14942,7286,7656,-,14942,9498,1507,3347,590,14942,6856,-,5362,384,-,2313,9,1,17
"합계",서초소방서,16444,9865,10150,10150,5889,1423,2838,10150,621,310,8136,1083,17568,9935,10168,5339,4829,10168,5935,1540,2693,10168,634,475,7167,1892,18446,10242,10502,5640,4862,10502,5944,1666,2892,10502,534,517,8491,960,19201,11224,11507,6237,5270,11507,6472,1875,3160,11507,612,446,9664,785,20498,12342,12714,7142,5572,12714,7206,1968,3540,12714,824,461,11052,377,21658,12926,13251,7451,5800,13251,7403,1937,3911,13251,537,603,11751,360,21001,12370,12648,7173,5475,12648,7045,1892,3711,12648,614,877,10945,212,21547,13141,13440,6901,6539,13440,7609,1874,3957,13440,526,699,12124,91,22409,13401,13682,6878,6804,13682,7999,1855,3828,13682,1148,3,3233,117,21,9127,1,15,17,24334,15178,15470,7775,7695,15470,8986,1970,4514,15470,987,-,1669,245,3,12514,4,12,36,24172,15247,15539,7837,7702,15539,9268,1928,4343,15539,869,6,916,244,3,13415,-,10,76,26230,16076,16404,8530,7874,16404,10810,1322,4272,16404,969,1,517,252,-,14626,1,14,24,25681,14876,15107,7422,7685,15117,9311,1686,4120,15117,1139,-,130,178,-,13653,-,12,5,26109,15602,15806,7737,8069,15806,9827,1593,4386,15806,1106,1,1,117,-,14566,1,6,8,24549,14753,14998,7337,7661,14998,9716,1600,3682,14998,976,-,-,93,-,13923,4,2,-,21023,11602,11613,5821,5792,11613,7393,1298,2922,11638,902,3,-,81,-,10640,-,8,4,24629,13653,13662,6879,6783,13662,9083,1214,3365,13662,1192,1,-,83,-,12251,2,3,130,28974,15051,15056,7436,7620,-,15056,9627,1389,4040,15056,1729,-,-,161,-,13133,-,5,28,29554,15365,15366,7407,7959,-,15366,10124,1362,1797,2083,15366,1780,-,-,75,-,13504,1,1,5,27100,11952,11981,5894,6087,-,11981,7561,1062,2942,416,11981,2813,-,7676,1132,-,355,1,-,4,26821,11933,11962,5857,6104,1,11962,7755,1014,2881,312,11962,5423,-,5094,258,-,1170,2,1,14
"합계",강서소방서,14046,9004,9111,9111,5852,759,2500,9111,3925,476,3866,844,15482,9867,10067,5466,4601,10067,6312,1027,2728,10067,4457,6,3909,1695,16163,10440,10595,6080,4515,10595,6757,1148,2690,10595,4568,17,4356,1654,16742,11026,11184,6271,4913,11184,7061,1275,2848,11184,5240,10,5297,637,17939,12086,12298,6916,5382,12298,7725,1429,3144,12298,5897,45,5987,369,18346,12157,12357,6826,5531,12357,7712,1327,3318,12357,5785,32,6262,278,18064,11970,12158,6701,5457,12158,7476,1335,3347,12158,4193,104,7646,215,19191,13309,13526,7105,6421,13525,8498,1264,3763,13526,3332,226,9878,90,19816,13793,14033,7344,6689,14033,8997,1399,3637,14033,3498,3,2972,129,14,7391,5,2,19,21752,15477,15695,8083,7612,15695,10041,1513,4141,15695,2936,4,2331,227,7,10166,6,10,8,22608,15758,15975,8267,7708,15975,10573,1480,3922,15975,2579,2,1261,226,2,11857,-,26,22,23988,16241,16427,8542,7885,16427,11912,973,3542,16427,2218,-,1240,181,-,12755,2,14,17,24947,16097,16315,8169,8146,16317,11026,1422,3869,16317,2246,2,167,163,-,13725,1,10,3,26315,17157,17313,8582,8731,17313,12024,1424,3865,17313,1923,-,-,116,-,15260,-,7,7,24892,16477,16631,8293,8338,16631,11516,1379,3736,16631,920,-,-,115,-,15591,1,1,3,22721,14116,14119,7103,7016,14119,9868,1249,3002,14176,500,74,-,65,-,13345,-,2,190,26704,15706,15722,7898,7824,15722,11407,1248,3067,15722,479,6,-,80,-,14958,-,1,198,29573,15813,15818,7698,8119,1,15818,11601,1131,3086,15818,510,6,-,114,-,15045,-,-,143,28855,16268,16270,7686,8584,-,16270,11837,1064,1271,2098,16270,242,-,-,59,-,15967,-,-,2,26273,14135,14144,6816,7328,-,14144,9911,1010,2812,411,14144,846,-,9568,105,-,3616,5,1,3,26213,14484,14523,7217,7305,1,14523,10216,959,2938,410,14523,632,-,9990,195,-,3688,4,-,14
"합계",강동소방서,13404,9055,9228,9228,5459,938,2831,9228,593,11,8136,488,13668,8898,9056,4953,4103,9056,5364,927,2765,9056,352,6,6846,1852,14237,9388,9558,5214,4344,9558,5573,1004,2981,9558,301,4,8152,1101,14978,9913,10117,5741,4376,10117,5962,1276,2879,10117,355,9,9215,538,16272,10748,10959,6036,4923,10959,6443,1181,3335,10959,282,17,10260,400,16762,11244,11443,6400,5043,11443,6824,1259,3360,11443,152,15,10657,619,16816,11275,11533,6319,5214,11533,6808,1330,3395,11533,229,95,10923,286,17741,11920,12121,6530,5591,12121,7331,-,3445,12121,269,228,11466,158,18058,11834,11940,6257,5683,11940,7395,1231,3314,11940,754,2,6,162,-,11006,1,4,5,19589,13135,13259,7146,6113,13259,8073,1431,3755,13259,649,2,-,167,-,12426,1,1,13,19986,13545,13742,7400,6342,13742,8831,1408,3503,13742,976,2,1,193,1,12522,-,5,42,19916,12951,13113,6819,6294,13113,9287,947,2879,13113,781,-,-,168,-,12135,1,10,18,21482,13758,13949,7400,6549,13954,9031,1338,3585,13954,732,1,-,126,-,13077,-,7,11,20970,13880,13990,7267,6723,13990,9344,1319,3327,13990,728,-,-,90,-,13163,-,3,6,20846,13750,13894,7194,6700,13894,9210,1294,3390,13894,728,-,-,65,-,13092,-,2,7,20312,11969,11982,6139,5843,11982,8110,1245,2627,11997,1071,77,-,72,-,10694,2,4,77,24172,13480,13486,6930,6556,13486,9680,1095,2711,13486,1647,1,-,96,-,11515,-,3,224,27173,15193,15199,7623,7576,-,15199,11082,1146,2971,15199,1952,-,-,103,-,13112,1,-,31,27298,15641,15648,7756,7892,-,15648,11387,1034,1337,1890,15648,1326,-,-,77,-,14239,3,2,1,25195,13299,13314,6927,6387,-,13314,9157,1044,2729,384,13314,3702,-,8974,263,-,368,3,-,4,24730,13111,13160,6507,6653,-,13160,9023,996,2694,447,13160,4562,-,8074,321,-,180,13,1,9
"합계",마포소방서,15760,9859,10021,10021,6195,1031,2795,10021,2595,238,6244,944,16715,10582,10808,5895,4913,10808,6508,1337,2963,10808,3694,126,6490,498,17492,11367,11644,6349,5295,11644,6953,1594,3097,11644,3278,100,6950,1316,17466,11504,11746,6521,5225,11746,6830,1551,3365,11746,3547,78,7167,954,19664,12872,13122,7194,5928,13122,7764,1665,3693,13122,3901,137,8822,262,20362,13440,13756,7427,6329,13756,7940,1871,3945,13756,3973,73,9495,215,19470,12854,13130,7159,5971,13130,7527,1688,3915,13130,3101,132,9741,156,21238,14100,14326,7588,6738,14327,8163,1789,4375,14327,3265,169,10802,91,22044,14550,14727,7661,7066,14727,8776,1624,4327,14727,3083,-,1706,181,4,9725,8,9,11,24278,16380,16568,8655,7913,16568,9761,1889,4918,16568,2928,2,482,455,1,12647,6,8,39,25451,16582,16811,8544,8267,16811,10143,1916,4752,16811,2297,-,176,424,-,13856,2,11,45,27287,17474,17661,9184,8477,17661,11841,1417,4403,17661,2704,1,176,347,-,14346,26,40,21,28073,17240,17454,8712,8742,17455,10857,1728,4870,17455,2718,-,23,228,-,14453,10,18,5,28905,17778,17922,8883,9039,17922,11329,1590,5003,17922,2366,1,-,117,-,15420,2,13,3,27296,16839,16994,8357,8637,16994,11035,1564,4395,16994,2370,-,-,110,-,14504,-,7,3,22939,13524,13530,6721,6809,13530,8762,1487,3281,13542,1873,135,-,70,-,11329,-,7,128,27372,15180,15182,7237,7945,15182,10524,1377,3281,15182,1775,5,-,53,-,13266,1,2,80,30807,15898,15899,7444,8455,-,15899,10805,1298,3796,15899,1597,-,-,76,-,14162,4,3,57,31187,16275,16277,7539,8738,-,16277,11235,1202,1488,2352,16277,1571,-,-,54,-,14641,-,4,7,27831,13066,13071,6120,6951,-,13071,8804,937,2940,390,13071,2997,-,5993,130,-,3937,7,2,5,28359,13068,13093,6087,7006,-,13093,8702,1016,2934,441,13093,3352,-,6429,240,-,3056,4,1,11
"합계",도봉소방서,21246,14267,14511,14511,9117,1312,4082,14511,3332,41,10405,733,22003,15073,15320,8212,7108,15320,9705,1445,4170,15320,3400,45,10653,1222,23243,16275,16542,8879,7663,16542,10316,1673,4553,16542,3708,51,12119,664,24648,17158,17391,9526,7865,17391,10870,1743,4778,17391,3841,35,12801,714,25854,18177,18410,10089,8321,18410,11747,1617,5046,18410,3299,42,14498,571,26930,18762,19000,10503,8497,19000,11809,1658,5533,19000,3278,41,15001,680,26729,19083,19359,10661,8698,19359,11795,1707,5857,19359,3595,200,14858,706,17990,13257,13382,7049,6333,13381,8692,1059,3630,13383,2087,201,10924,171,11980,8914,9005,4703,4302,9005,5763,697,2545,9005,1111,1,2466,69,20,5325,1,6,6,13465,9802,9904,5272,4632,9904,6332,815,2757,9904,877,-,942,123,11,7939,-,5,7,15637,11251,11356,5912,5444,11356,7610,870,2876,11356,815,3,-,129,-,10377,-,6,26,16617,11431,11522,5991,5531,11522,8135,650,2737,11522,681,-,-,95,-,10728,-,5,13,16815,11368,11512,5828,5684,11497,7897,870,2730,11497,643,-,-,64,-,10777,-,8,5,17084,11495,11551,5829,5722,11551,8200,764,2587,11551,607,-,-,59,1,10875,-,2,7,16495,10896,10963,5454,5509,10963,7574,681,2708,10963,583,-,-,36,-,10340,-,1,3,15221,9367,9371,4821,4550,9371,6452,689,2230,9400,541,60,-,35,-,8758,1,2,3,17521,10695,10708,5406,5302,10708,7953,606,2149,10708,820,8,-,21,-,9783,-,1,75,18994,11260,11282,5537,5745,-,11282,8549,559,2174,11282,1148,1,-,75,-,9952,2,1,103,19852,12057,12057,5839,6218,-,12057,8806,643,970,1638,12057,911,-,-,36,-,11106,-,-,4,17641,9731,9734,4707,5027,-,9734,6939,523,2026,246,9734,1660,-,7160,65,-,842,1,1,5,16673,9342,9354,4563,4790,1,9354,6712,497,1908,237,9354,1557,-,3282,69,-,4438,4,-,4
"합계",구로소방서,23060,15072,15349,15349,9650,1418,4281,15349,5763,52,9003,531,24591,15957,16258,8736,7522,16258,10170,1710,4378,16258,4911,46,8244,3057,25475,16627,16951,9142,7809,16951,10335,1839,4777,16951,5546,41,9708,1656,25664,17104,17453,9742,7711,17453,10367,2161,4925,17453,6063,63,10641,686,27409,18316,18663,10531,8132,18663,11443,2036,5184,18663,6637,87,11583,356,28328,19110,19470,11139,8331,19470,11909,2133,5428,19470,7234,84,11772,380,28577,19279,19625,11147,8478,19625,11842,2189,5594,19625,7095,196,12081,253,29735,20558,20881,11390,9491,20880,12885,2130,5865,20881,6774,320,13246,541,30006,20662,20935,11233,9702,20935,13068,2063,5804,20935,3325,1,3998,291,28,13251,5,13,23,32825,22959,23266,12584,10682,23266,14268,2358,6640,23266,1798,5,2490,350,15,18551,3,23,31,34637,23805,24099,13094,11005,24099,15365,2272,6462,24099,741,1,1690,333,18,21253,2,14,47,35772,24306,24630,12808,11822,24630,17452,1704,5474,24630,657,1,1124,263,1,22543,1,14,26,37521,24116,24407,12867,11540,24405,16022,2159,6224,24405,681,1,168,177,-,23349,2,14,13,38186,25280,25501,13362,12139,25501,16977,2128,6396,25501,779,1,-,142,-,24567,1,2,9,36912,23895,24152,12566,11586,24152,16274,2119,5759,24152,313,1,-,94,-,23739,-,3,2,34286,20052,20069,10526,9543,20069,13691,1794,4584,20488,290,285,-,167,-,19644,-,1,101,39448,22117,22130,11270,10860,22130,16061,1583,4486,22130,381,5,-,69,-,21429,1,2,243,30836,17085,17100,8496,8603,1,17100,12891,1101,3108,17100,583,1,-,110,-,16306,1,3,96,30238,18072,18076,8939,9137,-,18076,13320,1042,1525,2189,18076,473,-,-,52,-,17549,-,2,-,27715,15346,15356,7723,7633,-,15356,11024,899,3038,395,15356,1424,-,6600,63,-,7263,2,1,3,26292,14348,14373,7108,7264,1,14373,10156,850,2829,538,14373,1331,-,11339,69,-,1625,2,1,6
"합계",노원소방서,18535,12247,12459,12459,7984,1064,3411,12459,650,29,11227,553,18194,12588,12772,6715,6057,12772,8295,1156,3321,12772,654,35,10472,1611,18035,12775,12940,6864,6076,12940,8526,1112,3302,12940,728,25,11611,576,18828,13458,13626,7405,6221,13626,8774,1235,3617,13626,958,58,11750,860,20591,14506,14709,8278,6431,14709,9600,1316,3793,14709,751,100,13405,453,20412,14643,14825,8333,6492,14825,9768,1275,3782,14825,801,33,13483,508,20307,14312,14495,7906,6589,14495,9578,1260,3657,14495,864,164,13165,302,20988,15181,15360,7899,7461,15362,9858,1324,4180,15362,631,262,14248,221,21794,15294,15405,7975,7430,15405,10182,1174,4049,15405,706,-,356,162,4,14151,1,9,16,23714,16825,16948,8955,7993,16948,11139,1404,4405,16948,624,1,764,237,-,15304,1,6,11,25980,17585,17804,9282,8522,17804,11860,1443,4501,17804,619,7,-,273,-,16865,-,11,29,26234,17997,18200,9464,8736,18200,13147,1019,4034,18200,534,-,1,230,-,17406,1,8,20,26132,17689,17870,9062,8808,17881,12209,1281,4391,17881,578,-,-,204,-,17067,-,13,19,26003,18080,18174,9095,9079,18174,12957,1191,4026,18174,442,1,-,128,-,17584,1,10,8,24982,17351,17471,8615,8856,17471,12256,1180,4035,17471,425,-,-,88,-,16949,1,2,6,22863,14034,14052,7060,6992,14052,10045,950,3057,14178,499,97,-,149,-,13307,-,6,120,24411,14535,14546,7028,7518,14546,10641,927,2978,14546,510,11,-,86,-,13811,-,-,128,27099,16032,16035,7652,8383,-,16035,12186,877,2972,16035,924,3,-,101,-,14978,1,1,27,27780,17099,17099,8128,8970,1,17099,12890,864,1257,2088,17099,697,-,-,58,-,16331,1,4,8,25728,14069,14080,6718,7362,-,14080,10017,796,2883,384,14080,2417,-,10455,228,-,973,1,-,6,24976,13718,13738,6518,7220,-,13738,9799,686,2847,406,13738,1951,-,10457,186,-,1123,2,-,19
"합계",관악소방서,14956,9651,9748,9748,6353,666,2729,9748,2638,24,5991,1095,15636,9969,10086,5437,4649,10086,6455,834,2797,10086,2875,30,5808,1373,16101,10478,10612,5765,4847,10612,6742,1017,2853,10612,3547,31,5647,1387,16372,10819,10965,5818,5147,10965,6854,1067,3044,10965,4169,17,5844,935,17754,11982,12163,6667,5496,12163,7587,1179,3397,12163,4904,28,6824,407,17972,11948,12108,6482,5626,12108,7501,1066,3541,12108,4654,27,7060,367,18009,12379,12523,6843,5680,12523,7797,1076,3650,12523,4229,102,7921,271,20764,14642,14844,7761,7083,14843,9422,1206,4215,14844,4703,257,9772,112,21100,14594,14705,7620,7085,14705,9422,1113,4170,14705,2246,1,1335,199,5,10900,1,7,11,23311,16176,16333,8718,7615,16333,9902,1473,4958,16333,1315,-,1148,183,2,13669,-,9,7,24229,15916,16083,8475,7608,16083,10196,1254,4633,16083,532,1,425,199,-,14888,-,12,26,24292,16119,16279,8465,7814,16279,11226,972,4081,16279,411,-,264,181,-,15399,-,7,17,24577,15904,16149,8358,7791,16144,10198,1355,4591,16144,455,2,12,120,-,15552,-,2,1,25510,16396,16490,8487,8003,16490,10896,1191,4403,16490,423,-,-,110,-,15948,2,5,2,24433,15804,15942,8252,7690,15942,10467,1202,4273,15942,366,1,-,83,-,15489,-,2,1,22432,13891,13914,7321,6593,13914,9362,1132,3420,13993,198,110,-,99,-,13510,-,2,74,25764,15403,15434,7634,7800,15434,10954,1091,3389,15434,161,16,-,61,-,15127,1,2,66,30277,17090,17100,8344,8756,-,17100,12791,928,3381,17100,772,8,-,87,-,16185,2,1,45,29084,16918,16926,8448,8478,-,16926,12439,881,1526,2080,16926,681,-,-,29,-,16204,-,-,12,25688,13402,13418,6610,6808,-,13418,9523,679,2747,469,13418,1417,-,10786,56,-,1157,-,-,2,25574,12601,12615,6085,6529,1,12615,8843,759,2624,389,12615,6851,-,4696,72,-,985,1,-,10
"합계",송파소방서,16578,10153,10346,10346,5939,1280,3127,10346,545,57,9074,670,17579,10874,11119,6048,5071,11119,6377,1587,3155,11119,483,60,8601,1975,18192,11235,11479,6260,5219,11479,6520,1602,3357,11479,357,62,9633,1427,18917,11978,12158,6862,5296,12158,6946,1692,3520,12158,596,67,10245,1250,21230,13854,14103,7798,6305,14103,8064,1943,4096,14103,1172,93,12428,410,21917,14068,14320,7935,6385,14320,8320,1825,4175,14320,1030,88,12746,456,21121,13858,14119,7842,6277,14119,8165,1800,4154,14119,979,299,12549,292,21034,14564,14800,7892,6908,14800,8603,1834,4363,14800,2050,395,12176,179,21301,14393,14572,7622,6950,14572,8676,1709,4187,14572,2686,-,771,195,6,10885,3,4,22,24519,16187,16394,8538,7856,16394,9770,1937,4687,16394,3391,-,491,215,6,12271,-,10,10,25674,16581,16825,8877,7948,16825,10075,1990,4760,16825,3014,4,201,211,1,13335,1,5,53,26627,17200,17415,9056,8359,17415,11833,1394,4188,17415,3275,-,37,166,1,13908,1,16,11,28166,17488,17736,9176,8560,17736,11040,1992,4704,17736,3253,1,-,147,1,14303,2,18,11,28818,17545,17708,9073,8635,17708,11292,1692,4724,17708,3302,-,-,99,1,14297,1,7,1,27638,17097,17296,8779,8517,17296,11432,1674,4190,17296,3024,-,-,92,-,14173,1,3,3,26002,14810,14845,7714,7131,14845,9692,1779,3374,15216,3358,60,-,62,-,11699,1,5,31,29512,16839,16863,8594,8269,16863,11636,1564,3663,16863,4389,1,-,88,1,12162,1,7,214,33466,17917,17931,8850,9080,1,17931,12793,1489,3649,17931,4621,-,-,183,-,13096,1,5,25,32155,18931,18940,9282,9658,-,18940,13742,1445,1657,2096,18940,3697,-,-,108,-,15129,2,3,1,29225,14650,14680,7398,7282,-,14680,9922,1245,3086,427,14680,4636,-,7843,527,-,1664,4,-,6,29453,14146,14177,6996,7181,-,14177,9384,1195,3239,359,14177,6284,-,6738,501,-,614,23,1,16
"합계",양천소방서,13106,8604,8732,8732,5487,797,2448,8732,3890,15,4292,535,13723,9177,9367,5057,4310,9367,5749,1049,2569,9367,4123,11,3732,1501,14398,9538,9756,5200,4556,9756,6040,1227,2489,9756,4442,8,4539,767,16439,11142,11388,6193,5195,11388,6883,1471,3034,11388,5747,30,5118,493,17575,11888,12133,6452,5681,12133,7256,1433,3444,12133,5752,38,6028,315,17866,12293,12493,6782,5711,12493,7303,1407,3783,12493,5888,47,6218,340,17229,11532,11734,6457,5277,11734,7026,1400,3308,11734,5304,78,6149,203,17606,11982,12201,6299,5902,12201,7398,1435,3368,12201,5175,164,6743,119,17657,12101,12266,6360,5906,12266,7758,1331,3177,12266,1912,5,1136,113,4,9064,2,17,13,19515,13456,13631,7098,6533,13631,8645,1416,3570,13631,1895,1,976,167,2,10562,1,7,20,21192,14253,14452,7477,6975,14452,9182,1562,3708,14452,2073,1,1024,196,1,11121,1,9,26,22078,14891,15081,7842,7239,15081,10415,1133,3533,15081,2426,1,1106,140,-,11387,-,8,13,22597,14656,14836,7573,7263,14843,9715,1409,3719,14843,2045,-,302,128,-,12342,1,16,9,23130,14951,15102,7499,7603,15102,10039,1421,3642,15102,2364,-,-,99,-,12623,-,11,5,22413,14567,14699,7275,7424,14699,10079,1313,3307,14699,1155,-,-,74,-,13456,1,10,3,20749,12689,12695,6584,6111,12695,8738,1199,2758,12831,1134,59,-,93,-,11327,-,2,216,24542,14650,14659,7315,7344,14659,10445,1153,3061,14659,830,3,-,43,-,13570,-,1,212,28134,15949,15953,7825,8128,-,15953,11431,1175,3347,15953,893,2,-,102,-,14848,2,1,105,26401,15343,15345,7311,8034,-,15345,11012,1088,1257,1988,15345,754,-,-,35,-,14555,-,1,-,23848,13211,13210,6472,6738,-,13210,9175,979,2656,400,13210,2497,-,6162,64,-,4480,5,-,2,22967,13192,13224,6421,6802,1,13224,9248,1067,2497,412,13224,1121,-,7444,108,-,4539,2,1,9
"합계",중랑소방서,13335,9282,9480,9480,5820,947,2713,9480,5042,53,3752,633,13841,9584,9791,5357,4434,9791,6108,968,2715,9791,4366,39,3403,1983,14254,10189,10430,5680,4750,10430,6403,1229,2798,10430,4934,30,4029,1437,13940,9991,10165,5629,4536,10165,6356,1115,2694,10165,4933,33,4182,1017,14891,10617,10762,6081,4681,10762,6598,1193,2971,10762,5564,115,4693,390,16112,11335,11493,6301,5192,11493,7049,1098,3346,11493,5687,129,5340,337,15484,11131,11281,6435,4846,11281,6651,1063,3567,11281,4511,193,6344,233,17353,12473,12611,7031,5580,12611,7882,1104,3625,12611,4107,307,8096,101,17142,12260,12400,6992,5408,12400,7905,1081,3414,12400,943,1,1723,108,15,9591,1,5,13,19139,13836,13968,7828,6140,13968,8824,1236,3908,13968,1095,2,920,145,5,11780,-,11,10,19665,13921,14095,7813,6282,14095,8843,1284,3968,14095,941,8,50,161,1,12890,-,10,34,21743,15052,15220,7914,7306,15220,10515,954,3751,15220,688,-,3,117,-,14399,-,13,-,22232,14923,15099,8095,7004,15086,9879,1232,3975,15086,670,-,-,107,-,14286,1,5,17,22907,15829,15943,8478,7465,15943,11071,1187,3685,15943,631,-,1,62,-,15228,-,1,20,21424,14610,14721,7844,6877,14721,10105,1084,3532,14721,384,-,-,38,-,14278,-,2,19,19026,11823,11838,6182,5656,11838,8156,895,2787,11901,369,96,-,41,-,11285,-,-,110,19719,12517,12523,6388,6135,12523,8898,763,2862,12523,430,3,-,36,-,11959,-,1,94,22910,14236,14244,6934,7310,-,14244,10650,806,2788,14244,783,2,-,57,-,13366,-,-,36,24264,14681,14683,7271,7412,-,14683,10919,783,1198,1783,14683,746,1,-,24,-,13909,-,-,3,22148,11254,11268,5514,5754,-,11268,8237,544,2191,296,11268,1864,-,7073,152,-,2176,-,-,3,21481,10884,10906,5342,5563,1,10906,7735,669,2172,330,10906,2046,-,8598,149,-,100,3,-,10
"합계",동작소방서,11241,7366,7512,7512,4904,653,1955,7512,1186,5,4929,1392,11424,7749,7854,4002,3852,7854,5179,661,2014,7854,1038,82,5669,1065,12030,8171,8317,4322,3995,8317,5378,889,2050,8317,1007,82,6926,302,11836,7983,8149,4415,3734,8149,5121,901,2127,8149,951,65,6929,204,12617,8609,8787,4684,4103,8787,5631,903,2253,8787,1171,52,7412,152,13109,8987,9103,4827,4276,9103,5719,848,2536,9103,1164,65,7703,171,12874,8713,8819,4702,4117,8819,5667,769,2383,8819,1093,122,7487,117,12656,8567,8674,4462,4212,8674,5545,681,2448,8674,1024,116,7493,41,12518,8546,8651,4434,4217,8651,5680,716,2255,8651,935,1,24,98,1,7573,1,7,11,13812,9270,9365,4856,4509,9365,6082,846,2437,9365,924,2,-,105,-,8302,-,20,12,15768,9994,10161,5151,5010,10161,6649,829,2683,10161,972,1,-,132,-,9005,-,9,42,15940,10185,10321,5367,4954,10321,7257,585,2479,10321,950,1,4,123,1,9228,1,5,8,16766,10807,10960,5571,5389,10967,7346,875,2746,10967,857,1,-,139,1,9957,2,4,6,17060,11202,11276,5685,5591,11276,7798,786,2692,11276,828,-,-,98,-,10342,-,7,1,16500,10758,10839,5452,5387,10839,7453,804,2582,10839,461,-,-,54,-,10318,1,3,2,14053,8749,8754,4464,4290,8754,6049,751,1954,8811,284,46,-,40,-,8439,1,-,1,15130,9078,9088,4470,4618,9088,6590,566,1932,9088,265,9,-,19,-,8660,-,2,133,19177,10644,10649,5112,5537,-,10649,7692,618,2339,10649,459,3,-,45,-,10027,-,-,115,18270,10590,10591,5085,5506,-,10591,7573,561,827,1630,10591,244,-,-,12,-,10333,2,-,-,16657,8776,8767,4236,4531,-,8767,6159,461,1889,258,8767,678,-,7226,56,-,804,3,-,-,15387,8014,8032,3860,4172,-,8032,5642,464,1650,276,8032,1913,-,5567,57,-,474,2,-,19
"합계",서대문소방서,-,-,-,-,-,-,-,-,-,-,-,-,13278,8393,8539,4676,3863,8539,5456,818,2265,8539,2268,24,4241,2006,14471,9049,9191,5066,4125,9191,5902,938,2351,9191,2496,40,4711,1944,14817,9116,9243,5158,4085,9243,5878,972,2393,9243,2782,39,5770,652,15213,9329,9496,5303,4193,9496,5879,1041,2576,9496,2776,54,6487,179,15319,9773,9933,5480,4453,9933,6299,1005,2629,9933,2657,66,7017,193,15575,9797,9949,5811,4138,9949,6348,1036,2565,9949,2706,158,6947,138,16049,10545,10708,5663,5045,10709,6800,1107,2802,10709,3172,218,7220,99,16671,11132,11310,5865,5445,11310,7198,1002,3110,11310,3872,6,943,182,12,6276,1,4,14,18391,11909,12027,6314,5713,12027,7616,1064,3347,12027,2212,-,1376,168,18,8229,4,5,15,19130,11622,11757,6136,5621,11757,7649,1066,3042,11757,937,1,701,174,3,9920,2,2,17,18597,11279,11390,5923,5467,11390,8081,746,2563,11390,1051,-,275,132,-,9902,6,12,12,19166,11170,11323,5798,5525,11326,7501,917,2908,11326,874,-,27,91,-,10317,1,14,2,20973,12110,12179,6092,6087,12179,8356,892,2931,12179,797,-,-,64,-,11303,-,13,2,19374,11983,12107,6097,6010,12107,8196,862,3049,12107,781,-,-,32,-,11287,-,6,1,17807,10444,10439,5086,5353,10439,7372,669,2398,10526,708,81,-,115,-,9496,-,3,123,21134,12310,12320,6003,6317,12320,8817,800,2703,12320,823,2,-,39,-,11347,-,3,106,22186,12712,12720,6051,6668,1,12720,9343,704,2673,12720,588,2,-,52,-,11994,4,-,80,21622,12974,12976,5943,7033,-,12976,9549,726,1104,1597,12976,495,-,-,25,-,12452,-,3,1,19630,10664,10677,4936,5741,-,10677,7438,610,2334,295,10677,952,-,3716,91,-,5911,5,-,2,18335,9334,9353,4204,5148,1,9353,6499,554,2021,279,9353,1335,-,4962,162,-,2879,4,-,11
"합계",강북소방서,-,-,-,-,-,-,-,-,-,-,-,-,-,-,-,-,-,-,-,-,-,-,-,-,-,-,-,-,-,-,-,-,-,-,-,-,-,-,-,-,-,-,-,-,-,-,-,-,-,-,-,-,-,-,-,-,-,-,-,-,-,-,-,-,-,-,-,-,-,-,-,-,-,-,-,-,-,-,-,-,-,-,-,-,-,-,-,-,-,-,-,-,-,-,-,-,10624,7670,7760,4198,3562,7760,4851,587,2322,7752,1736,187,5727,102,16599,12300,12387,6562,5825,12387,7905,893,3589,12387,1725,2,1573,119,7,8952,-,4,5,19364,13938,14071,7448,6623,14071,9038,1011,4022,14071,1219,1,757,241,2,11842,-,3,6,18885,13199,13353,7138,6215,13353,8689,992,3672,13353,1199,-,-,253,-,11873,-,11,17,19430,13113,13248,6889,6359,13248,9291,659,3298,13248,1093,-,-,194,-,11940,1,4,16,20602,13194,13353,6902,6451,13354,8764,885,3705,13354,1073,-,-,161,-,12105,1,3,11,21500,13709,13791,7066,6725,13791,9231,873,3687,13791,1208,1,-,136,-,12429,-,4,13,20204,13077,13154,6684,6470,13154,9045,796,3313,13154,1104,-,-,92,-,11949,-,3,6,18729,10914,10918,5617,5301,10918,7544,675,2699,10315,975,131,-,129,-,8939,-,-,141,22371,13161,13167,6438,6729,13167,9029,755,3383,13167,1505,31,-,88,-,11498,1,-,44,24292,14086,14094,6832,7262,-,14094,10106,749,3239,14094,1661,9,-,1,-,12320,-,-,103,23890,14680,14688,7142,7546,-,14688,10742,650,1218,2078,14688,1539,-,-,42,-,13104,-,-,3,23064,12483,12491,5941,6550,-,12491,8961,560,2634,336,12491,2397,-,8441,101,-,1549,-,1,2,22345,11821,11838,5599,6239,-,11838,8530,543,2430,335,11838,2163,-,3587,102,-,5976,2,-,8
"합계",성동소방서,-,-,-,-,-,-,-,-,-,-,-,-,-,-,-,-,-,-,-,-,-,-,-,-,-,-,-,-,-,-,-,-,-,-,-,-,-,-,-,-,-,-,-,-,-,-,-,-,-,-,-,-,-,-,-,-,-,-,-,-,-,-,-,-,-,-,-,-,-,-,-,-,-,-,-,-,-,-,-,-,-,-,-,-,-,-,-,-,-,-,-,-,-,-,-,-,-,-,-,-,-,-,-,-,-,-,-,-,-,-,-,-,-,-,-,-,-,-,-,-,-,-,-,-,-,-,-,-,-,-,-,-,-,-,-,-,-,-,-,-,-,-,-,-,-,-,-,-,-,-,-,-,-,-,-,-,-,-,-,-,-,-,-,-,-,-,-,-,-,-,-,-,-,-,-,-,-,-,-,-,-,-,-,-,-,-,7359,4657,4736,2451,2285,4719,2905,579,1235,4719,178,1,-,54,-,4482,-,1,3,16722,10543,10628,5571,5057,10628,6859,1211,2558,10628,268,-,-,74,-,10278,-,1,7,15827,10029,10111,5178,4933,10111,6487,1054,2570,10111,213,1,-,57,-,9829,1,2,8,14476,8069,8072,4226,3846,8072,5027,1081,1964,7110,460,17,-,35,-,6542,1,-,55,16520,9163,9177,4676,4501,9177,6361,860,1956,9177,687,3,-,62,-,8337,-,1,87,17172,9349,9360,4601,4759,-,9360,6652,857,1851,9360,633,-,-,48,-,8637,3,-,39,15970,9469,9471,4629,4842,-,9471,6798,750,765,1158,9471,347,-,-,32,-,9087,-,1,4,14772,7238,7248,3627,3621,-,7248,4795,626,1642,185,7248,1223,-,5115,183,-,721,2,1,3,14711,7126,7136,3462,3674,-,7136,4737,567,1601,231,7136,1387,-,4844,129,-,766,2,-,8
"합계",금천소방서,-,-,-,-,-,-,-,-,-,-,-,-,-,-,-,-,-,-,-,-,-,-,-,-,-,-,-,-,-,-,-,-,-,-,-,-,-,-,-,-,-,-,-,-,-,-,-,-,-,-,-,-,-,-,-,-,-,-,-,-,-,-,-,-,-,-,-,-,-,-,-,-,-,-,-,-,-,-,-,-,-,-,-,-,-,-,-,-,-,-,-,-,-,-,-,-,-,-,-,-,-,-,-,-,-,-,-,-,-,-,-,-,-,-,-,-,-,-,-,-,-,-,-,-,-,-,-,-,-,-,-,-,-,-,-,-,-,-,-,-,-,-,-,-,-,-,-,-,-,-,-,-,-,-,-,-,-,-,-,-,-,-,-,-,-,-,-,-,-,-,-,-,-,-,-,-,-,-,-,-,-,-,-,-,-,-,-,-,-,-,-,-,-,-,-,-,-,-,-,-,-,-,-,-,-,-,-,-,-,-,-,-,-,-,-,-,-,-,-,-,-,-,-,-,-,-,-,-,-,-,-,-,-,-,-,-,-,-,-,-,-,-,-,-,-,-,-,-,-,-,-,-,-,-,-,-,-,-,-,-,-,-,-,-,-,-,-,-,-,-,-,-,-,-,-,-,-,-,-,-,-,13432,6993,6999,3514,3485,-,6999,5002,471,1526,6999,162,1,-,40,-,6749,1,1,45,14146,8105,8108,4056,4052,-,8108,5922,531,676,979,8108,208,-,-,19,-,7880,-,1,-,12941,7035,7048,3514,3534,-,7048,5046,499,1331,172,7048,240,-,1871,29,-,4906,1,-,1,13017,6943,6951,3520,3431,-,6951,4929,466,1361,195,6951,314,-,2162,52,-,4413,1,1,8
"합계",소방항공대,-,-,-,-,-,-,-,-,-,-,-,-,-,-,-,-,-,-,-,-,-,-,-,-,-,-,-,-,-,-,-,-,-,-,-,-,-,-,-,-,-,-,-,-,-,-,-,-,-,-,-,-,-,-,-,-,-,-,-,-,-,-,-,-,-,-,-,-,-,-,-,-,-,-,-,-,-,-,-,-,-,-,-,-,-,-,-,-,-,-,-,-,-,-,-,-,-,-,-,-,-,-,-,-,-,-,-,-,-,-,265,55,55,38,17,55,24,-,31,55,-,-,18,-,-,37,-,-,-,283,63,64,49,15,64,47,-,17,64,-,-,4,-,-,60,-,-,-,235,50,51,33,18,51,18,-,33,51,-,-,-,-,-,51,-,-,-,210,41,43,22,21,43,15,1,27,43,-,-,-,-,-,43,-,-,-,196,41,41,35,6,41,18,-,23,41,-,-,-,-,-,41,-,-,-,112,80,154,126,28,154,20,-,134,154,4,-,-,-,-,137,13,-,-,193,53,56,41,15,56,14,1,41,56,-,-,-,-,-,56,-,-,-,235,41,41,34,7,41,13,1,27,43,-,-,-,-,-,43,-,-,-,200,47,47,30,17,47,30,-,17,47,-,-,-,-,-,47,-,-,-,194,42,42,35,7,-,42,19,-,23,42,-,-,-,-,-,-,-,-,42,180,48,48,29,19,-,48,22,1,10,15,48,1,-,-,-,-,47,-,-,-,184,18,18,15,3,-,18,4,1,13,-,18,-,-,2,-,-,16,-,-,-,162,47,47,33,14,-,47,10,1,34,2,47,-,-,47,-,-,-,-,-,-
"합계",기타,-,-,-,-,-,-,-,-,-,-,-,-,-,-,-,-,-,-,-,-,-,-,-,-,-,-,-,-,-,-,-,-,-,-,-,-,-,-,-,-,-,-,-,-,-,-,-,-,-,-,-,-,-,-,-,-,-,-,-,-,-,-,-,-,-,-,-,-,-,-,-,-,-,-,-,-,-,-,-,-,-,-,-,-,-,-,-,-,-,-,-,-,-,-,-,-,211,61,62,48,14,62,18,-,44,62,1,-,61,-,-,-,-,-,-,-,-,-,-,-,-,-,-,-,-,-,-,-,-,-,-,-,-,-,-,-,-,-,-,-,-,-,-,-,-,-,-,-,-,-,-,-,-,-,-,-,-,-,-,-,-,-,-,-,-,-,-,-,-,-,-,-,-,-,-,-,-,-,-,-,-,-,-,-,-,-,-,-,-,-,-,-,-,-,-,-,-,-,-,-,-,-,-,-,-,-,-,-,-,-,-,-,-,-,-,-,-,-,-,-,-,-,-,-,-,-,-,-,-,-,-,-,-,-,-,-,-,-,-,-,-,-,-,-,-,-,-,-,-,-,-,-,-,-,-,-,-,-,-,-,-,-,-,-,-,-,-,-,-,-,-,-,-,-,-,-,-,-,-,-,-,-,-,-,-,-,-,-,-,-,-,-,-,-,-,-,-,-,-,-,-,-,-,-,-,-,-,-,-,-,-,-,-,-,-,-,-,-,-,-,-,-,-,-,-,-,-,-,-,-,-,-,-,-,-,-,-,-,-,-,-,-,-,-,-,-,-,-,-,-,-,-,-,-,-,-,-,-,-,-,-,-,-,-
