시도본부,외국인여부,환자성별,동물곤충원인,신고년월,구급사고발생장소,출동소방서,환자유형,환자연령,구급사고유형,신고시,발생유형,온열손상
서울소방재난본부,N,여,,202506,학교/교육시설,관악소방서,,10,,10,질병,
서울소방재난본부,N,남,,202506,집,관악소방서,,80,,10,질병,
서울소방재난본부,N,남,,202506,집,관악소방서,,80,,10,질병,
서울소방재난본부,N,남,,202506,집,관악소방서,,70,,21,질병,
서울소방재난본부,N,남,,202506,집,관악소방서,,70,,21,질병,
서울소방재난본부,N,남,,202506,도로,관악소방서,,40,오토바이사고,01,기타,
서울소방재난본부,N,여,,202506,도로외교통지역,관악소방서,,20,,16,질병,
서울소방재난본부,N,남,,202506,집,관악소방서,,10,,12,질병,
서울소방재난본부,N,남,,202506,집,관악소방서,,40,추락,07,기타,
서울소방재난본부,N,여,,202506,집,관악소방서,,-1,,08,,
서울소방재난본부,N,여,,202506,집,관악소방서,,-1,,08,,
서울소방재난본부,N,남,,202506,집,관악소방서,,60,,00,질병,
서울소방재난본부,N,여,,202506,집,관악소방서,,80,,02,질병,
서울소방재난본부,N,여,,202506,집,관악소방서,,80,,02,질병,
서울소방재난본부,N,여,,202506,집,관악소방서,,80,,02,질병,
서울소방재난본부,N,여,,202506,집,관악소방서,,80,,02,질병,
서울소방재난본부,N,여,,202506,,관악소방서,,20,,03,질병,
서울소방재난본부,N,남,,202506,,관악소방서,,-1,단순주취,05,기타,
서울소방재난본부,N,남,,202506,도로,관악소방서,,50,,20,,
서울소방재난본부,N,남,,202506,집,관악소방서,,80,,17,질병,
서울소방재난본부,N,남,,202506,집,관악소방서,,80,,17,질병,
서울소방재난본부,N,여,,202506,의료관련시설,관악소방서,,70,,06,질병,
서울소방재난본부,N,여,,202506,의료관련시설,관악소방서,,70,,06,질병,
서울소방재난본부,N,여,,202506,의료관련시설,관악소방서,,70,,06,질병,
서울소방재난본부,N,여,,202506,의료관련시설,관악소방서,,70,,06,질병,
서울소방재난본부,N,여,,202506,의료관련시설,관악소방서,,70,,06,질병,
서울소방재난본부,Y,남,,202506,집,관악소방서,,50,,01,질병,
서울소방재난본부,Y,남,,202506,집,관악소방서,,50,,01,질병,
서울소방재난본부,N,여,,202506,집,관악소방서,,50,,10,질병,
서울소방재난본부,N,여,,202506,집,관악소방서,,90,,19,질병,
서울소방재난본부,N,여,,202506,집,관악소방서,,90,,19,질병,
서울소방재난본부,N,여,,202506,집,관악소방서,,90,,19,질병,
서울소방재난본부,N,남,,202506,도로외교통지역,관악소방서,,80,,21,질병,
서울소방재난본부,N,남,,202506,상업시설,관악소방서,,70,,19,질병,
서울소방재난본부,N,남,,202506,도로외교통지역,관악소방서,,50,낙상,13,기타,
서울소방재난본부,N,여,,202506,집,관악소방서,,80,,08,질병,
서울소방재난본부,N,여,,202506,,관악소방서,,-1,기타 둔상,03,기타,
서울소방재난본부,N,여,,202506,집,관악소방서,,30,,00,질병,
서울소방재난본부,N,여,,202506,집,관악소방서,,80,,14,질병,
서울소방재난본부,N,여,,202506,집,관악소방서,,80,,14,질병,
서울소방재난본부,N,여,,202506,집,관악소방서,,70,,20,질병,
서울소방재난본부,N,여,,202506,집,관악소방서,,70,,20,질병,
서울소방재난본부,N,여,,202506,집,관악소방서,,70,,20,질병,
서울소방재난본부,N,여,,202506,집,관악소방서,,60,,09,질병,
서울소방재난본부,N,여,,202506,집,관악소방서,,60,,09,질병,
서울소방재난본부,N,남,,202506,집,관악소방서,,60,,21,질병,
서울소방재난본부,N,남,,202506,집,관악소방서,,-1,,10,질병,
서울소방재난본부,N,남,,202506,집,관악소방서,,-1,,10,질병,
서울소방재난본부,N,남,,202506,집,관악소방서,,-1,,10,질병,
서울소방재난본부,N,여,,202506,집,관악소방서,,70,낙상,15,기타,
서울소방재난본부,N,여,,202506,집,관악소방서,,70,낙상,15,기타,
서울소방재난본부,N,여,,202506,집,관악소방서,,70,낙상,15,기타,
서울소방재난본부,N,남,,202506,도로외교통지역,관악소방서,,60,낙상,18,기타,
서울소방재난본부,N,남,,202506,도로,관악소방서,,50,오토바이사고,23,기타,
서울소방재난본부,N,남,,202506,도로,관악소방서,,50,단순주취,19,기타,
서울소방재난본부,N,여,,202506,집,관악소방서,,20,,17,질병,
서울소방재난본부,N,여,,202506,의료관련시설,관악소방서,,50,,21,질병,
서울소방재난본부,N,여,,202506,의료관련시설,관악소방서,,50,,21,질병,
서울소방재난본부,N,여,,202506,의료관련시설,관악소방서,,50,,21,질병,
서울소방재난본부,N,여,,202506,집,관악소방서,,80,,19,질병,
서울소방재난본부,N,여,,202506,집,관악소방서,,80,,19,질병,
서울소방재난본부,N,남,,202506,상업시설,관악소방서,,80,,19,질병,
서울소방재난본부,N,남,,202506,상업시설,관악소방서,,80,,19,질병,
서울소방재난본부,N,남,,202506,상업시설,관악소방서,,80,,19,질병,
서울소방재난본부,N,여,,202506,집단거주시설,관악소방서,,40,,12,질병,
서울소방재난본부,N,남,,202506,,관악소방서,,-1,기타 둔상,04,기타,
서울소방재난본부,N,남,,202506,도로,관악소방서,,50,낙상,15,기타,
서울소방재난본부,N,여,,202506,집,관악소방서,,70,,19,질병,
서울소방재난본부,N,여,,202506,집,관악소방서,,70,,19,질병,
서울소방재난본부,N,여,,202506,집,관악소방서,,70,,19,질병,
서울소방재난본부,N,여,,202506,집,관악소방서,,80,낙상,14,기타,
서울소방재난본부,N,여,,202506,집,관악소방서,,80,낙상,14,기타,
서울소방재난본부,N,여,,202506,집,관악소방서,,30,,16,질병,
서울소방재난본부,N,여,,202506,상업시설,관악소방서,,40,관통상,03,기타,
서울소방재난본부,N,여,,202506,집,관악소방서,,80,,16,질병,
서울소방재난본부,N,여,,202506,집,관악소방서,,80,,16,질병,
서울소방재난본부,N,남,,202506,도로,관악소방서,,30,오토바이사고,01,기타,
서울소방재난본부,N,남,,202506,상업시설,관악소방서,,40,낙상,02,기타,
서울소방재난본부,N,남,,202506,도로외교통지역,관악소방서,,30,,21,질병,
서울소방재난본부,N,남,,202506,도로,관악소방서,,60,,18,,
서울소방재난본부,N,남,,202506,도로,관악소방서,,60,,18,,
서울소방재난본부,N,남,,202506,도로,관악소방서,,40,운전자,01,기타,
서울소방재난본부,N,여,,202506,집,관악소방서,,0,이물질에대의한기도막힘,21,기타,
서울소방재난본부,N,여,,202506,집,관악소방서,,20,,19,질병,
서울소방재난본부,N,여,,202506,집,관악소방서,,60,,09,질병,
서울소방재난본부,N,남,,202506,집,관악소방서,,70,낙상,09,기타,
서울소방재난본부,N,여,,202506,집,관악소방서,,20,단순주취,23,기타,
서울소방재난본부,N,여,,202506,집,관악소방서,,40,,21,질병,
서울소방재난본부,N,남,,202506,도로,관악소방서,,30,오토바이사고,14,기타,
서울소방재난본부,N,남,,202506,집,관악소방서,,40,,00,,
서울소방재난본부,N,남,,202506,집,관악소방서,,40,,00,,
서울소방재난본부,N,남,,202506,집,관악소방서,,40,,00,,
서울소방재난본부,N,남,,202506,집,관악소방서,,10,,07,질병,
서울소방재난본부,N,남,,202506,도로,관악소방서,,50,,21,질병,
서울소방재난본부,N,남,,202506,도로외교통지역,관악소방서,,70,단순주취,17,기타,
서울소방재난본부,N,남,,202506,도로외교통지역,관악소방서,,80,단순주취,18,기타,
서울소방재난본부,N,남,,202506,집,관악소방서,,40,,06,질병,
서울소방재난본부,N,남,,202506,집,관악소방서,,40,,06,질병,
서울소방재난본부,N,남,,202506,집,관악소방서,,40,,06,질병,
서울소방재난본부,N,여,,202506,의료관련시설,관악소방서,,50,,10,질병,
서울소방재난본부,N,남,,202506,집,관악소방서,,50,,03,질병,
서울소방재난본부,N,여,,202506,집,관악소방서,,60,기타,20,기타,
서울소방재난본부,N,여,,202506,집,관악소방서,,60,기타,20,기타,
서울소방재난본부,N,여,,202506,집,관악소방서,,80,낙상,05,기타,
서울소방재난본부,N,여,,202506,집,관악소방서,,80,낙상,05,기타,
서울소방재난본부,N,여,,202506,집,관악소방서,,20,,19,질병,
서울소방재난본부,N,여,,202506,집,관악소방서,,70,,01,질병,
서울소방재난본부,N,남,,202506,집,관악소방서,,40,,17,질병,
서울소방재난본부,N,여,,202506,집,관악소방서,,70,,01,질병,
서울소방재난본부,N,여,,202506,집,관악소방서,,70,,01,질병,
서울소방재난본부,N,남,,202506,집,관악소방서,,70,낙상,13,기타,
서울소방재난본부,N,여,,202506,집,관악소방서,,70,낙상,12,기타,
서울소방재난본부,N,여,,202506,집,관악소방서,,70,,01,질병,
서울소방재난본부,N,여,,202506,집,관악소방서,,70,낙상,12,기타,
서울소방재난본부,N,여,,202506,집,관악소방서,,60,,07,질병,
서울소방재난본부,N,여,,202506,도로외교통지역,관악소방서,,20,낙상,08,기타,
서울소방재난본부,N,남,,202506,도로,관악소방서,,60,,10,질병,
서울소방재난본부,N,남,,202506,집,관악소방서,,70,,07,질병,
서울소방재난본부,N,남,,202506,집,관악소방서,,70,,07,질병,
서울소방재난본부,N,남,,202506,집,관악소방서,,70,,07,질병,
서울소방재난본부,N,남,,202506,집,관악소방서,,70,,07,질병,
서울소방재난본부,N,남,,202506,집,관악소방서,,70,,07,질병,
서울소방재난본부,N,여,,202506,운동시설,관악소방서,,20,낙상,07,기타,
서울소방재난본부,N,남,,202506,집,관악소방서,,70,,22,질병,
서울소방재난본부,N,남,,202506,도로외교통지역,관악소방서,,60,낙상,20,기타,
서울소방재난본부,N,남,,202506,집,관악소방서,,20,낙상,08,기타,
서울소방재난본부,N,남,,202506,도로,관악소방서,,30,오토바이사고,08,기타,
서울소방재난본부,N,남,,202506,상업시설,관악소방서,,10,,19,질병,
서울소방재난본부,N,남,,202506,집,관악소방서,,90,,03,질병,
서울소방재난본부,N,남,,202506,집,관악소방서,,90,,03,질병,
서울소방재난본부,N,남,,202506,집,관악소방서,,70,,04,,
서울소방재난본부,N,남,,202506,집,관악소방서,,70,,04,,
서울소방재난본부,N,남,,202506,집,관악소방서,,50,,02,질병,
서울소방재난본부,N,여,,202506,,관악소방서,,60,,09,질병,
서울소방재난본부,N,여,,202506,운동시설,관악소방서,,70,낙상,15,기타,
서울소방재난본부,N,남,,202506,집,관악소방서,,80,,05,질병,
서울소방재난본부,N,여,,202506,집,관악소방서,,30,,09,질병,
서울소방재난본부,N,남,,202506,집,관악소방서,,80,,09,질병,
서울소방재난본부,N,남,,202506,집,관악소방서,,80,,09,질병,
서울소방재난본부,N,남,,202506,도로외교통지역,관악소방서,,20,,17,질병,
서울소방재난본부,N,남,,202506,기타,관악소방서,,60,중독,06,기타,
서울소방재난본부,N,남,,202506,집,관악소방서,,70,,05,질병,
서울소방재난본부,N,남,,202506,집,관악소방서,,70,,05,질병,
서울소방재난본부,N,남,,202506,집,관악소방서,,70,,05,질병,
서울소방재난본부,N,여,,202506,기타,관악소방서,,20,,20,질병,
서울소방재난본부,N,여,,202506,집,관악소방서,,90,,20,질병,
서울소방재난본부,N,여,,202506,집,관악소방서,,90,,20,질병,
서울소방재난본부,N,여,,202506,집,관악소방서,,90,,20,질병,
서울소방재난본부,N,여,,202506,도로외교통지역,관악소방서,,60,,21,질병,
서울소방재난본부,N,여,,202506,도로외교통지역,관악소방서,,60,,21,질병,
서울소방재난본부,N,남,,202506,집,관악소방서,,70,,05,질병,
서울소방재난본부,N,여,,202506,,관악소방서,,-1,,06,,
서울소방재난본부,N,여,,202506,의료관련시설,관악소방서,,80,낙상,14,기타,
서울소방재난본부,N,남,,202506,기타,관악소방서,,60,,16,질병,
서울소방재난본부,N,여,,202506,의료관련시설,관악소방서,,80,낙상,14,기타,
서울소방재난본부,N,여,,202506,집,관악소방서,,10,,13,질병,
서울소방재난본부,N,여,,202506,집,관악소방서,,90,낙상,20,기타,
서울소방재난본부,N,남,,202506,,관악소방서,,50,,02,질병,
서울소방재난본부,N,남,,202506,집,관악소방서,,60,,18,질병,
서울소방재난본부,N,남,,202506,집,관악소방서,,60,,18,질병,
서울소방재난본부,N,남,,202506,집,관악소방서,,60,,18,질병,
서울소방재난본부,N,여,,202506,집,관악소방서,,30,낙상,02,기타,
서울소방재난본부,N,남,,202506,도로,관악소방서,,40,오토바이사고,20,기타,
서울소방재난본부,N,남,,202506,집,관악소방서,,50,,20,질병,
서울소방재난본부,N,여,,202506,집,관악소방서,,20,,02,질병,
서울소방재난본부,N,여,,202506,집,관악소방서,,40,,07,질병,
서울소방재난본부,N,여,,202506,도로외교통지역,관악소방서,,30,,19,질병,
서울소방재난본부,N,남,,202506,도로외교통지역,관악소방서,,60,오토바이사고,22,기타,
서울소방재난본부,N,남,,202506,집,관악소방서,,60,,04,,
서울소방재난본부,N,미상,,202506,집,관악소방서,,-1,단순주취,05,기타,
서울소방재난본부,N,남,,202506,,관악소방서,,50,단순주취,22,기타,
서울소방재난본부,N,남,,202506,집,관악소방서,,20,,05,질병,
서울소방재난본부,N,여,,202506,집,관악소방서,,-1,,02,질병,
서울소방재난본부,N,여,,202506,집,관악소방서,,70,,18,질병,
서울소방재난본부,N,여,,202506,집,관악소방서,,70,,18,질병,
서울소방재난본부,N,여,,202506,집,관악소방서,,70,,18,질병,
서울소방재난본부,N,여,,202506,집,관악소방서,,80,,13,질병,
서울소방재난본부,N,여,,202506,집,관악소방서,,80,,13,질병,
서울소방재난본부,N,여,,202506,도로,관악소방서,,60,,19,질병,
서울소방재난본부,N,남,,202506,상업시설,관악소방서,,60,,22,질병,
서울소방재난본부,N,남,,202506,집,관악소방서,,20,,07,질병,
서울소방재난본부,N,남,,202506,집,관악소방서,,60,,12,질병,
서울소방재난본부,N,남,,202506,집,관악소방서,,60,,12,질병,
서울소방재난본부,N,남,,202506,집,관악소방서,,60,,12,질병,
서울소방재난본부,N,남,,202506,집,관악소방서,,60,,12,질병,
서울소방재난본부,N,남,,202506,집,관악소방서,,60,,08,질병,
서울소방재난본부,N,남,,202506,도로,관악소방서,,10,낙상,16,기타,
서울소방재난본부,N,여,,202506,집,관악소방서,,20,,09,질병,
서울소방재난본부,N,여,,202506,집,관악소방서,,20,,09,질병,
서울소방재난본부,N,남,,202506,집,관악소방서,,80,,21,질병,
서울소방재난본부,N,남,,202506,집,관악소방서,,80,,21,질병,
서울소방재난본부,N,여,,202506,오락/문화시설,관악소방서,,70,낙상,02,기타,
서울소방재난본부,N,여,,202506,오락/문화시설,관악소방서,,70,낙상,02,기타,
서울소방재난본부,N,남,,202506,집,관악소방서,,80,,19,질병,
서울소방재난본부,N,여,,202506,집,관악소방서,,-1,,14,질병,
서울소방재난본부,N,여,,202506,운동시설,관악소방서,,40,낙상,17,기타,
서울소방재난본부,N,남,,202506,집,관악소방서,,30,,19,질병,
서울소방재난본부,N,남,,202506,집,관악소방서,,80,,06,질병,
서울소방재난본부,N,여,,202506,집,관악소방서,,50,,03,질병,
서울소방재난본부,N,남,,202506,집,관악소방서,,50,,11,질병,
서울소방재난본부,N,남,,202506,집,관악소방서,,0,기타(질병외),19,기타,
서울소방재난본부,N,남,,202506,집,관악소방서,,40,,11,질병,
서울소방재난본부,N,남,,202506,학교/교육시설,관악소방서,,10,,10,질병,
서울소방재난본부,N,남,,202506,상업시설,관악소방서,,20,낙상,01,기타,
서울소방재난본부,N,남,,202506,집,관악소방서,,80,,10,질병,
서울소방재난본부,N,남,,202506,집,관악소방서,,80,,10,질병,
서울소방재난본부,N,남,,202506,집,관악소방서,,70,,01,질병,
서울소방재난본부,N,남,,202506,집,관악소방서,,80,,10,질병,
서울소방재난본부,N,남,,202506,도로,관악소방서,,60,단순주취,18,기타,
서울소방재난본부,N,여,,202506,집,관악소방서,,30,,20,질병,
서울소방재난본부,N,남,,202506,도로외교통지역,관악소방서,,20,,20,질병,
서울소방재난본부,N,남,,202506,집,관악소방서,,70,,00,질병,
서울소방재난본부,N,남,,202506,집,관악소방서,,70,,00,질병,
서울소방재난본부,N,여,,202506,집,관악소방서,,70,낙상,19,기타,
서울소방재난본부,N,여,,202506,집,관악소방서,,70,낙상,19,기타,
서울소방재난본부,N,여,,202506,집,관악소방서,,70,낙상,19,기타,
서울소방재난본부,N,여,,202506,집,관악소방서,,80,낙상,08,기타,
서울소방재난본부,N,여,,202506,집,관악소방서,,80,낙상,08,기타,
서울소방재난본부,N,여,,202506,집,관악소방서,,80,낙상,08,기타,
서울소방재난본부,N,여,,202506,집,관악소방서,,80,낙상,08,기타,
서울소방재난본부,N,남,,202506,집,관악소방서,,40,,18,질병,
서울소방재난본부,N,남,,202506,집,관악소방서,,70,,13,질병,
서울소방재난본부,N,남,,202506,집,관악소방서,,70,,13,질병,
서울소방재난본부,N,여,,202506,집,관악소방서,,70,,06,질병,
서울소방재난본부,N,여,,202506,집,관악소방서,,70,,06,질병,
서울소방재난본부,N,여,,202506,집,관악소방서,,20,,23,질병,
서울소방재난본부,N,남,,202506,도로외교통지역,관악소방서,,60,기타,22,기타,
서울소방재난본부,N,남,,202506,상업시설,관악소방서,,30,,16,질병,
서울소방재난본부,N,남,,202506,집,관악소방서,,70,,18,질병,
서울소방재난본부,N,남,,202506,집,관악소방서,,70,,18,질병,
서울소방재난본부,N,남,,202506,집,관악소방서,,70,,18,질병,
서울소방재난본부,N,여,,202506,집,관악소방서,,80,,07,질병,
서울소방재난본부,N,남,,202506,집,관악소방서,,70,,22,질병,
서울소방재난본부,N,남,,202506,집,관악소방서,,70,,22,질병,
서울소방재난본부,N,남,,202506,집,관악소방서,,70,,22,질병,
서울소방재난본부,N,남,,202506,집,관악소방서,,70,,22,질병,
서울소방재난본부,N,남,,202506,,관악소방서,,20,,01,,
서울소방재난본부,N,여,,202506,집,관악소방서,,20,,20,질병,
서울소방재난본부,N,남,,202506,집,관악소방서,,50,,15,질병,
서울소방재난본부,N,남,,202506,집,관악소방서,,50,,15,질병,
서울소방재난본부,N,남,,202506,집,관악소방서,,50,,15,질병,
서울소방재난본부,N,남,,202506,집,관악소방서,,50,,15,질병,
서울소방재난본부,N,여,,202506,집,관악소방서,,70,,03,질병,
서울소방재난본부,N,여,,202506,집,관악소방서,,70,,03,질병,
서울소방재난본부,N,남,,202506,집,관악소방서,,40,,21,질병,
서울소방재난본부,N,남,,202506,집,관악소방서,,70,,23,질병,
서울소방재난본부,N,여,,202506,,관악소방서,,20,,15,질병,
서울소방재난본부,N,여,,202506,집,관악소방서,,70,,08,질병,
서울소방재난본부,N,여,,202506,집,관악소방서,,70,,08,질병,
서울소방재난본부,N,여,,202506,도로,관악소방서,,20,,22,질병,
서울소방재난본부,N,여,,202506,집,관악소방서,,90,,23,질병,
서울소방재난본부,N,여,,202506,집,관악소방서,,90,,23,질병,
서울소방재난본부,N,남,,202506,의료관련시설,관악소방서,,90,,23,질병,
서울소방재난본부,N,여,,202506,집,관악소방서,,-1,,00,질병,
서울소방재난본부,N,남,,202506,집,관악소방서,,70,,07,질병,
서울소방재난본부,N,남,,202506,집,관악소방서,,70,,07,질병,
서울소방재난본부,N,남,,202506,집,관악소방서,,70,,07,질병,
서울소방재난본부,N,여,,202506,집,관악소방서,,80,낙상,12,기타,
서울소방재난본부,N,여,,202506,집,관악소방서,,80,낙상,12,기타,
서울소방재난본부,N,남,,202506,집,관악소방서,,70,,14,질병,
서울소방재난본부,N,남,,202506,집,관악소방서,,20,기타 둔상,00,기타,
서울소방재난본부,N,여,,202506,집,관악소방서,,90,,23,질병,
서울소방재난본부,N,여,,202506,집,관악소방서,,90,,23,질병,
서울소방재난본부,N,여,,202506,집,관악소방서,,90,,23,질병,
서울소방재난본부,N,여,,202506,의료관련시설,관악소방서,,80,,11,질병,
서울소방재난본부,N,여,,202506,의료관련시설,관악소방서,,80,,11,질병,
서울소방재난본부,N,여,,202506,의료관련시설,관악소방서,,80,,11,질병,
서울소방재난본부,N,여,,202506,의료관련시설,관악소방서,,80,,11,질병,
서울소방재난본부,N,여,,202506,의료관련시설,관악소방서,,80,,11,질병,
서울소방재난본부,N,남,,202506,집,관악소방서,,70,,09,질병,
서울소방재난본부,N,남,,202506,집,관악소방서,,70,,09,질병,
서울소방재난본부,N,남,,202506,도로외교통지역,관악소방서,,60,낙상,00,기타,
서울소방재난본부,N,여,,202506,상업시설,관악소방서,,60,물,15,기타,
서울소방재난본부,N,여,,202506,집,관악소방서,,60,,16,질병,
서울소방재난본부,N,남,,202506,집,관악소방서,,50,,07,질병,
서울소방재난본부,N,남,,202506,집,관악소방서,,70,,18,질병,
서울소방재난본부,N,남,,202506,집,관악소방서,,70,,18,질병,
서울소방재난본부,N,남,,202506,집,관악소방서,,60,,17,질병,
서울소방재난본부,N,남,,202506,집,관악소방서,,80,,08,질병,
서울소방재난본부,N,남,,202506,집,관악소방서,,50,,14,질병,
서울소방재난본부,N,남,,202506,집,관악소방서,,90,낙상,13,기타,
서울소방재난본부,N,남,,202506,집,관악소방서,,90,낙상,13,기타,
서울소방재난본부,N,남,,202506,도로,관악소방서,,20,오토바이사고,15,기타,
서울소방재난본부,N,여,,202506,도로,관악소방서,,20,낙상,08,기타,
서울소방재난본부,N,여,,202506,집,관악소방서,,80,,11,질병,
서울소방재난본부,N,여,,202506,집,관악소방서,,80,,10,질병,
서울소방재난본부,N,여,,202506,집,관악소방서,,80,,10,질병,
서울소방재난본부,N,여,,202506,집,관악소방서,,50,,10,질병,
서울소방재난본부,N,남,,202506,집,관악소방서,,80,,08,질병,
서울소방재난본부,N,여,,202506,집,관악소방서,,80,,05,질병,
서울소방재난본부,N,여,,202506,집,관악소방서,,80,,05,질병,
서울소방재난본부,N,여,,202506,집,관악소방서,,80,,16,질병,
서울소방재난본부,N,남,,202506,집,관악소방서,,80,,11,질병,
서울소방재난본부,N,남,,202506,집,관악소방서,,80,,11,질병,
서울소방재난본부,N,여,,202506,도로,관악소방서,,20,상해,22,기타,
서울소방재난본부,N,남,,202506,,관악소방서,,-1,단순주취,01,기타,
서울소방재난본부,N,남,,202506,집,관악소방서,,70,,14,질병,
서울소방재난본부,N,남,,202506,집,관악소방서,,70,,08,질병,
서울소방재난본부,N,남,,202506,집,관악소방서,,70,,08,질병,
서울소방재난본부,N,남,,202506,집,관악소방서,,70,,08,질병,
서울소방재난본부,N,여,,202506,집,관악소방서,,80,낙상,09,기타,
서울소방재난본부,N,여,,202506,집,관악소방서,,80,낙상,09,기타,
서울소방재난본부,N,여,,202506,의료관련시설,관악소방서,,20,,16,,
서울소방재난본부,N,남,,202506,운동시설,관악소방서,,20,기타(질병외),18,기타,
서울소방재난본부,N,남,,202506,집,관악소방서,,-1,,04,질병,
서울소방재난본부,N,남,,202506,상업시설,관악소방서,,50,낙상,03,기타,
서울소방재난본부,N,남,,202506,상업시설,관악소방서,,50,낙상,03,기타,
서울소방재난본부,N,여,,202506,집,관악소방서,,80,,10,질병,
서울소방재난본부,N,여,,202506,집,관악소방서,,80,,10,질병,
서울소방재난본부,N,남,,202506,집,관악소방서,,80,,16,질병,
서울소방재난본부,N,여,,202506,집,관악소방서,,60,,12,질병,
서울소방재난본부,N,여,,202506,집,관악소방서,,60,,12,질병,
서울소방재난본부,N,남,,202506,집,관악소방서,,70,,06,질병,
서울소방재난본부,N,여,,202506,집,관악소방서,,-1,,18,질병,
서울소방재난본부,N,여,,202506,집,관악소방서,,80,,22,질병,
서울소방재난본부,N,남,,202506,집,관악소방서,,10,,00,질병,
서울소방재난본부,N,남,,202506,도로,관악소방서,,60,단순주취,19,기타,
서울소방재난본부,N,여,,202506,집,관악소방서,,20,기타 둔상,21,기타,
서울소방재난본부,N,남,,202506,집,관악소방서,,80,,07,질병,
서울소방재난본부,N,남,,202506,집,관악소방서,,30,,05,질병,
서울소방재난본부,N,여,,202506,도로,관악소방서,,30,낙상,09,기타,
서울소방재난본부,N,남,,202506,집,관악소방서,,20,,03,질병,
서울소방재난본부,N,남,,202506,집,관악소방서,,30,단순주취,01,기타,
서울소방재난본부,N,여,,202506,집,관악소방서,,90,,14,질병,
서울소방재난본부,N,여,,202506,집,관악소방서,,90,,14,질병,
서울소방재난본부,N,여,,202506,집,관악소방서,,90,,14,질병,
서울소방재난본부,N,남,,202506,집,관악소방서,,70,,13,질병,
서울소방재난본부,N,남,,202506,집,관악소방서,,70,,13,질병,
서울소방재난본부,N,여,,202506,의료관련시설,관악소방서,,70,,11,질병,
서울소방재난본부,N,여,,202506,의료관련시설,관악소방서,,70,,11,질병,
서울소방재난본부,N,여,,202506,집,관악소방서,,80,,08,질병,
서울소방재난본부,N,여,,202506,집,관악소방서,,80,,08,질병,
서울소방재난본부,N,여,,202506,집,관악소방서,,80,,08,질병,
서울소방재난본부,N,미상,,202506,,관악소방서,,-1,,10,질병,
서울소방재난본부,N,여,,202506,집,관악소방서,,90,낙상,10,기타,
서울소방재난본부,N,여,,202506,집,관악소방서,,90,낙상,10,기타,
서울소방재난본부,N,미상,,202506,,관악소방서,,-1,상해,11,기타,
서울소방재난본부,N,남,,202506,의료관련시설,관악소방서,,80,,09,질병,
서울소방재난본부,N,남,,202506,의료관련시설,관악소방서,,80,,09,질병,
서울소방재난본부,N,여,,202506,집,관악소방서,,50,,15,질병,
서울소방재난본부,N,여,,202506,운동시설,관악소방서,,70,외력에의한압박,04,기타,
서울소방재난본부,N,남,,202506,집,관악소방서,,90,낙상,03,기타,
서울소방재난본부,N,남,,202506,집,관악소방서,,90,낙상,03,기타,
서울소방재난본부,N,남,,202506,집,관악소방서,,80,,16,질병,
서울소방재난본부,N,남,,202506,집,관악소방서,,80,,16,질병,
서울소방재난본부,N,남,,202506,집,관악소방서,,80,,16,질병,
서울소방재난본부,N,남,,202506,도로,관악소방서,,40,,14,질병,
서울소방재난본부,N,여,,202506,의료관련시설,관악소방서,,60,,12,질병,
서울소방재난본부,N,여,,202506,집,관악소방서,,20,낙상,00,기타,
서울소방재난본부,N,남,,202506,집,관악소방서,,20,,22,질병,
서울소방재난본부,N,여,,202506,집,관악소방서,,70,,00,질병,
서울소방재난본부,N,여,,202506,집,관악소방서,,70,,00,질병,
서울소방재난본부,N,여,,202506,집,관악소방서,,70,,00,질병,
서울소방재난본부,N,여,,202506,집,관악소방서,,70,,00,질병,
서울소방재난본부,N,여,,202506,상업시설,관악소방서,,-1,,23,질병,
서울소방재난본부,N,여,,202506,집,관악소방서,,20,,12,질병,
서울소방재난본부,N,여,,202506,집,관악소방서,,50,낙상,12,기타,
서울소방재난본부,N,남,,202506,도로외교통지역,관악소방서,,20,단순주취,22,기타,
서울소방재난본부,N,여,,202506,도로외교통지역,관악소방서,,20,,15,질병,
서울소방재난본부,N,남,,202506,집,관악소방서,,60,,11,질병,
서울소방재난본부,N,여,,202506,학교/교육시설,관악소방서,,10,,13,질병,
서울소방재난본부,N,남,,202506,집,관악소방서,,40,,08,질병,
서울소방재난본부,N,여,,202506,학교/교육시설,관악소방서,,10,,11,질병,
서울소방재난본부,N,여,,202506,오락/문화시설,관악소방서,,20,,23,질병,
서울소방재난본부,N,남,,202506,집,관악소방서,,20,,03,질병,
서울소방재난본부,N,남,,202506,집,관악소방서,,60,,22,질병,
서울소방재난본부,N,남,,202506,집,관악소방서,,60,,22,질병,
서울소방재난본부,N,남,,202506,집,관악소방서,,60,,22,질병,
서울소방재난본부,N,여,,202506,도로외교통지역,관악소방서,,30,,12,질병,
서울소방재난본부,N,남,,202506,상업시설,관악소방서,,10,단순주취,00,기타,
서울소방재난본부,N,남,,202506,집,관악소방서,,70,,18,질병,
서울소방재난본부,N,남,,202506,집,관악소방서,,60,,18,질병,
서울소방재난본부,N,남,,202506,도로외교통지역,관악소방서,,50,낙상,02,기타,
서울소방재난본부,N,남,,202506,집,관악소방서,,30,기타,02,기타,
서울소방재난본부,N,여,,202506,집,관악소방서,,30,,06,,
서울소방재난본부,N,남,,202506,집,관악소방서,,10,,02,질병,
서울소방재난본부,N,여,,202506,집,관악소방서,,30,,00,질병,
서울소방재난본부,N,여,,202506,집,관악소방서,,80,,22,질병,
서울소방재난본부,N,여,,202506,집,관악소방서,,80,,22,질병,
서울소방재난본부,N,남,,202506,학교/교육시설,관악소방서,,20,기타 둔상,21,기타,
서울소방재난본부,N,남,,202506,도로,관악소방서,,30,오토바이사고,12,기타,
서울소방재난본부,N,여,,202506,의료관련시설,관악소방서,,80,,13,질병,
서울소방재난본부,N,여,,202506,의료관련시설,관악소방서,,80,,13,질병,
서울소방재난본부,N,여,,202506,의료관련시설,관악소방서,,80,,13,질병,
서울소방재난본부,N,여,,202506,의료관련시설,관악소방서,,80,,13,질병,
서울소방재난본부,N,남,,202506,의료관련시설,관악소방서,,30,추락,23,기타,
서울소방재난본부,N,남,,202506,의료관련시설,관악소방서,,30,추락,23,기타,
서울소방재난본부,N,남,,202506,상업시설,관악소방서,,30,단순주취,00,기타,
서울소방재난본부,N,여,,202506,도로외교통지역,관악소방서,,60,보행자,10,기타,
서울소방재난본부,N,남,,202506,상업시설,관악소방서,,30,,11,질병,
서울소방재난본부,N,여,,202506,집,관악소방서,,20,,22,질병,
서울소방재난본부,N,여,,202506,,관악소방서,,30,,14,질병,
서울소방재난본부,N,남,,202506,집,관악소방서,,60,,05,질병,
서울소방재난본부,N,남,,202506,도로,관악소방서,,80,,14,,
서울소방재난본부,N,여,,202506,집,관악소방서,,20,,17,질병,
서울소방재난본부,N,여,,202506,집,관악소방서,,60,,23,질병,
서울소방재난본부,N,여,,202506,집,관악소방서,,60,,23,질병,
서울소방재난본부,N,여,,202506,집,관악소방서,,60,,23,질병,
서울소방재난본부,N,여,,202506,집,관악소방서,,80,,12,질병,
서울소방재난본부,N,여,,202506,집,관악소방서,,80,,12,질병,
서울소방재난본부,N,여,,202506,집,관악소방서,,80,,12,질병,
서울소방재난본부,N,여,,202506,집,관악소방서,,80,,12,질병,
서울소방재난본부,N,여,,202506,집,관악소방서,,50,,00,질병,
서울소방재난본부,N,남,,202506,집,관악소방서,,80,,23,질병,
서울소방재난본부,N,남,,202506,집,관악소방서,,80,,23,질병,
서울소방재난본부,N,남,,202506,집,관악소방서,,80,,23,질병,
서울소방재난본부,N,여,,202506,집,관악소방서,,60,,17,질병,
서울소방재난본부,N,여,,202506,집,관악소방서,,60,,17,질병,
서울소방재난본부,N,여,,202506,집,관악소방서,,60,,17,질병,
서울소방재난본부,N,남,,202506,집,관악소방서,,80,낙상,08,기타,
서울소방재난본부,N,남,,202506,집,관악소방서,,40,,06,질병,
서울소방재난본부,N,남,,202506,집,관악소방서,,70,,22,질병,
서울소방재난본부,N,남,,202506,집,관악소방서,,70,,22,질병,
서울소방재난본부,N,남,,202506,집,관악소방서,,70,,01,질병,
서울소방재난본부,N,남,,202506,집,관악소방서,,70,,01,질병,
서울소방재난본부,N,남,,202506,집,관악소방서,,30,,01,질병,
서울소방재난본부,N,남,,202506,,관악소방서,,80,,15,질병,
서울소방재난본부,N,여,,202506,상업시설,관악소방서,,10,,12,질병,
서울소방재난본부,N,미상,,202506,집,관악소방서,,-1,,14,질병,
서울소방재난본부,N,여,,202506,집,관악소방서,,90,,08,질병,
서울소방재난본부,N,남,,202506,집,관악소방서,,20,,01,질병,
서울소방재난본부,N,남,,202506,집,관악소방서,,50,,07,질병,
서울소방재난본부,N,남,,202506,집,관악소방서,,50,,07,질병,
서울소방재난본부,N,여,,202506,집,관악소방서,,70,,18,질병,
서울소방재난본부,N,여,,202506,집,관악소방서,,70,,18,질병,
서울소방재난본부,N,남,,202506,도로,관악소방서,,30,오토바이사고,19,기타,
서울소방재난본부,N,여,,202506,집,관악소방서,,90,,00,질병,
서울소방재난본부,N,여,,202506,집,관악소방서,,80,,15,질병,
서울소방재난본부,N,남,,202506,,관악소방서,,30,낙상,22,기타,
서울소방재난본부,N,여,,202506,집,관악소방서,,60,,00,질병,
서울소방재난본부,N,여,,202506,집,관악소방서,,80,,15,질병,
서울소방재난본부,N,여,,202506,집,관악소방서,,80,,15,질병,
서울소방재난본부,N,남,,202506,집,관악소방서,,70,낙상,14,기타,
서울소방재난본부,N,남,,202506,집,관악소방서,,80,,07,,
서울소방재난본부,N,남,,202506,집,관악소방서,,80,,07,,
서울소방재난본부,N,남,,202506,도로,관악소방서,,60,상해,22,기타,
서울소방재난본부,N,남,,202506,,관악소방서,,40,단순주취,15,기타,
서울소방재난본부,N,여,,202506,집,관악소방서,,70,,14,질병,
서울소방재난본부,N,여,,202506,집,관악소방서,,70,,14,질병,
서울소방재난본부,N,여,,202506,집,관악소방서,,70,,14,질병,
서울소방재난본부,N,여,,202506,집,관악소방서,,70,,14,질병,
서울소방재난본부,N,여,,202506,집,관악소방서,,70,,14,질병,
서울소방재난본부,N,남,,202506,상업시설,관악소방서,,80,낙상,11,기타,
서울소방재난본부,N,여,,202506,집,관악소방서,,30,,11,질병,
서울소방재난본부,N,여,,202506,집,관악소방서,,60,,08,질병,
서울소방재난본부,N,여,,202506,기타,관악소방서,,20,,14,질병,
서울소방재난본부,N,남,,202506,집,관악소방서,,20,운전자,23,기타,
서울소방재난본부,N,남,,202506,집,관악소방서,,60,중독,13,기타,
서울소방재난본부,N,남,,202506,집,관악소방서,,80,낙상,16,기타,
서울소방재난본부,N,남,,202506,집,관악소방서,,50,,19,질병,
서울소방재난본부,N,남,,202506,집,관악소방서,,80,,00,질병,
서울소방재난본부,N,남,,202506,집,관악소방서,,80,,00,질병,
서울소방재난본부,N,남,,202506,집,관악소방서,,80,,00,질병,
서울소방재난본부,N,남,,202506,집,관악소방서,,80,,00,질병,
서울소방재난본부,N,여,,202506,상업시설,관악소방서,,60,,10,질병,
서울소방재난본부,N,남,,202506,도로외교통지역,관악소방서,,10,,01,질병,
서울소방재난본부,N,여,,202506,집,관악소방서,,50,,08,질병,
서울소방재난본부,N,남,,202506,집,관악소방서,,80,낙상,15,기타,
서울소방재난본부,N,남,,202506,집,관악소방서,,80,낙상,15,기타,
서울소방재난본부,N,여,,202506,도로,관악소방서,,20,낙상,01,기타,
서울소방재난본부,N,여,,202506,집,관악소방서,,90,,20,질병,
서울소방재난본부,N,여,,202506,집,관악소방서,,90,,18,질병,
서울소방재난본부,N,여,,202506,집,관악소방서,,90,,18,질병,
서울소방재난본부,N,남,,202506,기타,관악소방서,,-1,단순주취,03,기타,
서울소방재난본부,N,여,,202506,집,관악소방서,,50,,21,질병,
서울소방재난본부,N,여,,202506,집,관악소방서,,10,,17,질병,
서울소방재난본부,N,남,,202506,집,관악소방서,,40,,17,,
서울소방재난본부,N,여,,202506,집,관악소방서,,70,낙상,14,기타,
서울소방재난본부,N,여,,202506,집,관악소방서,,70,,11,질병,
서울소방재난본부,N,남,,202506,집,관악소방서,,0,,21,질병,
서울소방재난본부,N,남,,202506,공장/산업/건설시설,관악소방서,,50,,19,질병,
서울소방재난본부,N,남,,202506,공장/산업/건설시설,관악소방서,,50,,19,질병,
서울소방재난본부,N,미상,,202506,집,관악소방서,,-1,,19,,
서울소방재난본부,N,남,,202506,상업시설,관악소방서,,50,,13,질병,
서울소방재난본부,N,남,,202506,집,관악소방서,,80,,06,질병,
서울소방재난본부,N,남,,202506,집,관악소방서,,80,,06,질병,
서울소방재난본부,N,남,,202506,집,관악소방서,,50,낙상,11,기타,
서울소방재난본부,N,여,,202506,도로,관악소방서,,30,오토바이사고,00,기타,
서울소방재난본부,N,여,,202506,집,관악소방서,,60,,10,질병,
서울소방재난본부,N,남,,202506,도로외교통지역,관악소방서,,80,,18,질병,
서울소방재난본부,N,남,,202506,집,관악소방서,,90,,15,질병,
서울소방재난본부,N,남,,202506,집,관악소방서,,40,,21,질병,
서울소방재난본부,N,남,,202506,집,관악소방서,,40,,21,질병,
서울소방재난본부,N,남,,202506,집,관악소방서,,20,연기흡입,11,기타,
서울소방재난본부,N,남,,202506,집,관악소방서,,0,,21,질병,
서울소방재난본부,N,여,,202506,집,관악소방서,,70,기타(질병외),22,기타,
서울소방재난본부,N,남,,202506,집,관악소방서,,90,,15,질병,
서울소방재난본부,N,여,,202506,집,관악소방서,,80,,10,질병,
서울소방재난본부,N,여,,202506,집,관악소방서,,70,,08,질병,
서울소방재난본부,N,여,,202506,집,관악소방서,,70,,08,질병,
서울소방재난본부,N,여,,202506,집,관악소방서,,70,,08,질병,
서울소방재난본부,N,여,,202506,집,관악소방서,,70,,08,질병,
서울소방재난본부,N,여,,202506,집,관악소방서,,70,,08,질병,
서울소방재난본부,N,여,,202506,집,관악소방서,,80,,13,질병,
서울소방재난본부,Y,남,,202506,도로,관악소방서,,20,오토바이사고,14,기타,
서울소방재난본부,N,남,,202506,오락/문화시설,관악소방서,,60,낙상,16,기타,
서울소방재난본부,N,남,,202506,오락/문화시설,관악소방서,,60,낙상,16,기타,
서울소방재난본부,N,여,,202506,집,관악소방서,,20,단순주취,23,기타,
서울소방재난본부,N,남,,202506,도로외교통지역,관악소방서,,70,자전거사고,12,기타,
서울소방재난본부,N,남,,202506,도로외교통지역,관악소방서,,60,,22,질병,
서울소방재난본부,N,여,,202506,집,관악소방서,,90,낙상,12,기타,
서울소방재난본부,N,여,,202506,상업시설,관악소방서,,60,,08,,
서울소방재난본부,N,여,,202506,집,관악소방서,,70,,01,질병,
서울소방재난본부,N,여,,202506,도로외교통지역,관악소방서,,20,,18,질병,
서울소방재난본부,N,여,,202506,집,관악소방서,,70,,01,질병,
서울소방재난본부,N,남,,202506,집,관악소방서,,-1,,20,,
서울소방재난본부,N,남,,202506,집,관악소방서,,-1,,20,,
서울소방재난본부,N,남,,202506,집,관악소방서,,-1,,20,,
서울소방재난본부,N,남,,202506,집,관악소방서,,-1,,20,,
서울소방재난본부,N,여,,202506,집,관악소방서,,80,,17,질병,
서울소방재난본부,N,미상,,202506,집,관악소방서,,-1,,09,질병,
서울소방재난본부,N,여,,202506,집,관악소방서,,30,,11,질병,
서울소방재난본부,N,여,,202506,의료관련시설,관악소방서,,20,,01,질병,
서울소방재난본부,N,여,,202506,학교/교육시설,관악소방서,,10,낙상,21,기타,
서울소방재난본부,N,남,,202506,도로,관악소방서,,20,오토바이사고,05,기타,
서울소방재난본부,N,여,,202506,상업시설,관악소방서,,20,,20,질병,
서울소방재난본부,N,여,,202506,도로,관악소방서,,60,낙상,21,기타,
서울소방재난본부,N,여,,202506,집,관악소방서,,70,낙상,13,기타,
서울소방재난본부,N,남,,202506,,관악소방서,,60,,19,,
서울소방재난본부,N,남,,202506,,관악소방서,,-1,,23,질병,
서울소방재난본부,N,여,,202506,,관악소방서,,40,,14,질병,
서울소방재난본부,N,남,,202506,집,관악소방서,,30,,10,질병,
서울소방재난본부,N,여,,202506,집,관악소방서,,70,,21,질병,
서울소방재난본부,N,여,,202506,집,관악소방서,,70,,21,질병,
서울소방재난본부,N,여,,202506,집,관악소방서,,70,,21,질병,
서울소방재난본부,N,여,,202506,집,관악소방서,,70,,21,질병,
서울소방재난본부,N,남,,202506,도로외교통지역,관악소방서,,60,,23,질병,
서울소방재난본부,N,남,,202506,도로외교통지역,관악소방서,,60,,23,질병,
서울소방재난본부,N,남,,202506,도로외교통지역,관악소방서,,60,,23,질병,
서울소방재난본부,N,여,,202506,집,관악소방서,,30,중독,23,기타,
서울소방재난본부,N,남,,202506,도로,관악소방서,,80,보행자,08,기타,
서울소방재난본부,N,여,,202506,,관악소방서,,20,,22,질병,
서울소방재난본부,N,남,,202506,도로,관악소방서,,20,오토바이사고,10,기타,
서울소방재난본부,N,남,,202506,집,관악소방서,,50,,23,질병,
서울소방재난본부,N,남,,202506,집,관악소방서,,50,,23,질병,
서울소방재난본부,N,남,,202506,집,관악소방서,,50,,23,질병,
서울소방재난본부,N,남,,202506,집,관악소방서,,50,,23,질병,
서울소방재난본부,N,남,,202506,집,관악소방서,,70,낙상,14,기타,
서울소방재난본부,N,남,,202506,집,관악소방서,,70,낙상,14,기타,
서울소방재난본부,N,남,,202506,집,관악소방서,,70,낙상,14,기타,
서울소방재난본부,N,남,,202506,집,관악소방서,,70,낙상,14,기타,
서울소방재난본부,N,여,,202506,상업시설,관악소방서,,20,,09,질병,
서울소방재난본부,N,남,,202506,집단거주시설,관악소방서,,50,,09,질병,
서울소방재난본부,N,여,,202506,집,관악소방서,,80,,12,질병,
서울소방재난본부,N,여,,202506,집,관악소방서,,80,,12,질병,
서울소방재난본부,N,여,,202506,집,관악소방서,,80,,12,질병,
서울소방재난본부,N,남,,202506,도로외교통지역,관악소방서,,40,,00,질병,
서울소방재난본부,N,여,,202506,집,관악소방서,,60,낙상,02,기타,
서울소방재난본부,N,여,,202506,집,관악소방서,,30,,11,질병,
서울소방재난본부,N,남,,202506,집,관악소방서,,70,,07,질병,
서울소방재난본부,N,여,,202506,집,관악소방서,,30,,19,질병,
서울소방재난본부,N,여,,202506,운동시설,관악소방서,,20,,23,질병,
서울소방재난본부,N,남,,202506,집,관악소방서,,70,,07,질병,
서울소방재난본부,N,남,,202506,집,관악소방서,,70,,07,질병,
서울소방재난본부,N,여,,202506,도로,관악소방서,,20,,14,질병,
서울소방재난본부,N,남,,202506,도로,관악소방서,,60,,12,질병,
서울소방재난본부,N,여,,202506,집,관악소방서,,40,낙상,23,기타,
서울소방재난본부,N,남,,202506,집,관악소방서,,50,,14,질병,
서울소방재난본부,N,남,,202506,집,관악소방서,,50,,19,질병,
서울소방재난본부,N,남,,202506,집,관악소방서,,50,,19,질병,
서울소방재난본부,N,남,,202506,집,관악소방서,,50,,19,질병,
서울소방재난본부,N,여,,202506,집,관악소방서,,60,,12,질병,
서울소방재난본부,N,여,,202506,집,관악소방서,,60,,12,질병,
서울소방재난본부,N,남,,202506,도로,관악소방서,,40,오토바이사고,12,기타,
서울소방재난본부,N,남,,202506,도로,관악소방서,,40,오토바이사고,12,기타,
서울소방재난본부,N,남,,202506,도로,관악소방서,,40,오토바이사고,12,기타,
서울소방재난본부,Y,남,,202506,도로,관악소방서,,20,오토바이사고,12,기타,
서울소방재난본부,N,남,,202506,집,관악소방서,,70,,10,질병,
서울소방재난본부,N,남,,202506,집,관악소방서,,70,,10,질병,
서울소방재난본부,N,남,,202506,집,관악소방서,,70,,10,질병,
서울소방재난본부,N,여,,202506,학교/교육시설,관악소방서,,20,낙상,20,기타,
서울소방재난본부,N,남,,202506,집,관악소방서,,40,,14,질병,
서울소방재난본부,N,남,,202506,집,관악소방서,,40,,14,질병,
서울소방재난본부,Y,여,,202506,집,관악소방서,,50,,08,질병,
서울소방재난본부,N,여,,202506,집,관악소방서,,50,,09,질병,
서울소방재난본부,N,여,,202506,집,관악소방서,,60,,00,질병,
서울소방재난본부,N,남,,202506,도로외교통지역,관악소방서,,70,단순주취,21,기타,
서울소방재난본부,N,여,,202506,집,관악소방서,,20,,21,질병,
서울소방재난본부,N,여,,202506,,관악소방서,,-1,단순주취,01,기타,
서울소방재난본부,N,여,,202506,도로,관악소방서,,70,,11,질병,
서울소방재난본부,N,여,,202506,도로,관악소방서,,70,,11,질병,
서울소방재난본부,N,여,,202506,집,관악소방서,,20,,01,질병,
서울소방재난본부,N,여,,202506,집,관악소방서,,80,,02,질병,
서울소방재난본부,N,여,,202506,의료관련시설,관악소방서,,80,,14,질병,
서울소방재난본부,N,여,,202506,의료관련시설,관악소방서,,80,,14,질병,
서울소방재난본부,N,남,,202506,집,관악소방서,,70,,19,질병,
서울소방재난본부,N,남,,202506,집,관악소방서,,70,,19,질병,
서울소방재난본부,N,남,,202506,집,관악소방서,,50,,04,질병,
서울소방재난본부,N,남,,202506,집,관악소방서,,70,,03,질병,
서울소방재난본부,N,남,,202506,집,관악소방서,,70,,03,질병,
서울소방재난본부,N,남,,202506,집,관악소방서,,70,,03,질병,
서울소방재난본부,N,남,,202506,집,관악소방서,,70,,03,질병,
서울소방재난본부,N,남,,202506,도로외교통지역,관악소방서,,-1,,21,,
서울소방재난본부,N,여,,202506,집,관악소방서,,40,,15,질병,
서울소방재난본부,N,남,,202506,집,관악소방서,,50,,04,질병,
서울소방재난본부,N,여,,202506,도로,관악소방서,,10,,04,질병,
서울소방재난본부,N,여,,202506,집,관악소방서,,10,,14,질병,
서울소방재난본부,N,여,,202506,도로,관악소방서,,40,보행자,15,기타,
서울소방재난본부,N,남,,202506,집,관악소방서,,20,,16,질병,
서울소방재난본부,N,여,,202506,도로,관악소방서,,-1,단순주취,03,기타,
서울소방재난본부,N,여,,202506,집,관악소방서,,20,,08,질병,
서울소방재난본부,N,남,,202506,집,관악소방서,,80,,11,질병,
서울소방재난본부,N,남,,202506,집,관악소방서,,80,,11,질병,
서울소방재난본부,N,남,,202506,집,관악소방서,,80,,11,질병,
서울소방재난본부,N,남,,202506,집,관악소방서,,80,,05,질병,
서울소방재난본부,N,남,,202506,집,관악소방서,,80,,05,질병,
서울소방재난본부,N,남,,202506,집,관악소방서,,80,,05,질병,
서울소방재난본부,N,남,,202506,,관악소방서,,30,오토바이사고,16,기타,
서울소방재난본부,N,여,,202506,집,관악소방서,,60,,04,질병,
서울소방재난본부,N,남,,202506,집,관악소방서,,20,,00,질병,
서울소방재난본부,N,남,,202506,집,관악소방서,,50,,09,질병,
서울소방재난본부,N,남,,202506,의료관련시설,관악소방서,,60,,07,질병,
서울소방재난본부,N,여,,202506,집,관악소방서,,50,,15,질병,
서울소방재난본부,N,여,,202506,집,관악소방서,,20,,20,,
서울소방재난본부,N,여,,202506,집,관악소방서,,80,,02,질병,
서울소방재난본부,N,여,,202506,집,관악소방서,,20,중독,08,기타,
서울소방재난본부,N,남,,202506,도로외교통지역,관악소방서,,50,,20,질병,
서울소방재난본부,N,남,,202506,집,관악소방서,,20,관통상,00,기타,
서울소방재난본부,N,남,,202506,의료관련시설,관악소방서,,70,,11,질병,
서울소방재난본부,N,여,,202506,집,관악소방서,,80,,14,질병,
서울소방재난본부,N,여,,202506,집,관악소방서,,80,,14,질병,
서울소방재난본부,N,여,,202506,집,관악소방서,,80,,14,질병,
서울소방재난본부,N,남,,202506,집,관악소방서,,80,,06,질병,
서울소방재난본부,N,남,,202506,집,관악소방서,,80,,06,질병,
서울소방재난본부,N,남,,202506,집,관악소방서,,80,,06,질병,
서울소방재난본부,N,여,,202506,집,관악소방서,,70,동승자,20,기타,
서울소방재난본부,N,남,,202506,집,관악소방서,,40,,15,질병,
서울소방재난본부,N,여,,202506,집,관악소방서,,80,낙상,10,기타,
서울소방재난본부,N,남,,202506,도로외교통지역,관악소방서,,60,낙상,20,기타,
서울소방재난본부,N,여,,202506,도로외교통지역,관악소방서,,30,,12,질병,
서울소방재난본부,N,남,,202506,오락/문화시설,관악소방서,,30,단순주취,21,기타,
서울소방재난본부,N,여,,202506,도로,관악소방서,,10,,11,질병,
서울소방재난본부,N,남,,202506,집,관악소방서,,70,낙상,03,기타,
서울소방재난본부,N,여,,202506,,관악소방서,,20,낙상,12,기타,
서울소방재난본부,N,여,,202506,집,관악소방서,,50,,17,질병,
서울소방재난본부,N,미상,,202506,의료관련시설,관악소방서,,-1,,04,질병,
서울소방재난본부,N,여,,202506,집,관악소방서,,50,,22,질병,
서울소방재난본부,N,여,,202506,집,관악소방서,,40,,14,질병,
서울소방재난본부,N,여,,202506,집,관악소방서,,60,,00,질병,
서울소방재난본부,N,남,,202506,의료관련시설,관악소방서,,60,,14,질병,
서울소방재난본부,N,남,,202506,의료관련시설,관악소방서,,60,,14,질병,
서울소방재난본부,N,남,,202506,의료관련시설,관악소방서,,60,,14,질병,
서울소방재난본부,N,남,,202506,의료관련시설,관악소방서,,60,,14,질병,
서울소방재난본부,N,남,,202506,상업시설,관악소방서,,10,중독,23,기타,
서울소방재난본부,N,남,,202506,상업시설,관악소방서,,20,,14,질병,
서울소방재난본부,N,남,,202506,집,관악소방서,,-1,,16,질병,
서울소방재난본부,N,남,,202506,도로,관악소방서,,20,단순주취,01,기타,
서울소방재난본부,N,남,,202506,집,관악소방서,,20,,02,질병,
서울소방재난본부,N,남,,202506,집,관악소방서,,50,,09,질병,
서울소방재난본부,N,미상,,202506,집,관악소방서,,-1,,13,질병,
서울소방재난본부,N,미상,,202506,집,관악소방서,,-1,,13,질병,
서울소방재난본부,N,미상,,202506,집,관악소방서,,-1,,13,질병,
서울소방재난본부,N,미상,,202506,집,관악소방서,,-1,,13,질병,
서울소방재난본부,N,여,,202506,집,관악소방서,,20,,01,질병,
서울소방재난본부,N,남,,202506,상업시설,관악소방서,,30,낙상,16,기타,
서울소방재난본부,N,남,,202506,도로,관악소방서,,60,보행자,23,기타,
서울소방재난본부,N,여,,202506,집,관악소방서,,70,,18,질병,
서울소방재난본부,N,남,,202506,집,관악소방서,,0,기타 둔상,19,기타,
서울소방재난본부,N,남,,202506,집,관악소방서,,20,,23,질병,
서울소방재난본부,N,여,,202506,집,관악소방서,,80,,12,질병,
서울소방재난본부,N,여,,202506,집,관악소방서,,80,,07,질병,
서울소방재난본부,N,여,,202506,집,관악소방서,,80,,07,질병,
서울소방재난본부,N,남,,202506,집,관악소방서,,70,,02,질병,
서울소방재난본부,N,남,,202506,집,관악소방서,,70,,02,질병,
서울소방재난본부,N,남,,202506,집,관악소방서,,70,,02,질병,
서울소방재난본부,N,여,,202506,집,관악소방서,,90,,20,질병,
서울소방재난본부,N,여,,202506,집,관악소방서,,90,,20,질병,
서울소방재난본부,N,남,,202506,집,관악소방서,,80,,12,질병,
서울소방재난본부,N,남,,202506,운동시설,관악소방서,,20,추락,18,기타,
서울소방재난본부,N,남,,202506,도로,관악소방서,,30,단순주취,14,기타,
서울소방재난본부,N,여,,202506,,관악소방서,,-1,기계,13,기타,
서울소방재난본부,N,여,,202506,집,관악소방서,,70,,09,질병,
서울소방재난본부,N,남,,202506,,관악소방서,,50,,22,질병,
서울소방재난본부,N,남,,202506,도로,관악소방서,,60,,15,,
서울소방재난본부,N,여,,202506,집,관악소방서,,70,,08,질병,
서울소방재난본부,N,남,,202506,집,관악소방서,,50,,22,질병,
서울소방재난본부,N,남,,202506,집,관악소방서,,30,,17,질병,
서울소방재난본부,N,여,,202506,집,관악소방서,,50,,23,질병,
서울소방재난본부,N,남,,202506,집,관악소방서,,50,,22,질병,
서울소방재난본부,N,남,,202506,도로,관악소방서,,30,오토바이사고,20,기타,
서울소방재난본부,N,여,,202506,집,관악소방서,,60,,21,질병,
서울소방재난본부,N,여,,202506,집,관악소방서,,60,,21,질병,
서울소방재난본부,N,여,,202506,집,관악소방서,,60,,21,질병,
서울소방재난본부,N,여,,202506,집,관악소방서,,40,,23,질병,
서울소방재난본부,N,남,,202506,집,관악소방서,,60,,19,질병,
서울소방재난본부,N,남,,202506,집,관악소방서,,20,,22,질병,
서울소방재난본부,N,남,,202506,집,관악소방서,,20,,22,질병,
서울소방재난본부,N,남,,202506,집,관악소방서,,60,,19,질병,
서울소방재난본부,N,남,,202506,집,관악소방서,,20,,22,질병,
서울소방재난본부,N,남,,202506,도로외교통지역,관악소방서,,60,,19,질병,
서울소방재난본부,N,여,,202506,기타,관악소방서,,30,,18,질병,
서울소방재난본부,N,여,,202506,기타,관악소방서,,30,,18,질병,
서울소방재난본부,N,여,,202506,집,관악소방서,,40,,20,질병,
서울소방재난본부,N,여,,202506,집,관악소방서,,70,,21,질병,
서울소방재난본부,N,여,,202506,집,관악소방서,,70,,21,질병,
서울소방재난본부,N,여,,202506,집,관악소방서,,20,,20,질병,
서울소방재난본부,N,여,,202506,바다/강/산/논밭,관악소방서,,70,낙상,13,기타,
서울소방재난본부,N,남,,202506,집,관악소방서,,20,기타 둔상,21,기타,
서울소방재난본부,N,여,,202506,집,관악소방서,,80,,07,질병,
서울소방재난본부,N,남,,202506,의료관련시설,관악소방서,,50,,12,질병,
서울소방재난본부,N,남,,202506,의료관련시설,관악소방서,,50,,12,질병,
서울소방재난본부,N,여,,202506,집,관악소방서,,-1,,15,질병,
서울소방재난본부,N,남,,202506,도로,관악소방서,,20,오토바이사고,19,기타,
서울소방재난본부,N,여,,202506,집,관악소방서,,50,,08,질병,
서울소방재난본부,N,여,,202506,집,관악소방서,,50,,08,질병,
서울소방재난본부,N,미상,,202506,의료관련시설,관악소방서,,-1,,14,,
서울소방재난본부,N,여,,202506,집,관악소방서,,20,,14,질병,
서울소방재난본부,N,여,,202506,집,관악소방서,,20,,04,질병,
서울소방재난본부,N,남,,202506,상업시설,관악소방서,,70,,18,질병,
서울소방재난본부,N,여,,202506,집,관악소방서,,80,,12,질병,
서울소방재난본부,N,여,,202506,집,관악소방서,,80,,12,질병,
서울소방재난본부,N,여,,202506,집,관악소방서,,80,,09,질병,
서울소방재난본부,N,여,,202506,집,관악소방서,,80,,09,질병,
서울소방재난본부,N,여,,202506,집,관악소방서,,80,,09,질병,
서울소방재난본부,N,남,,202506,집,관악소방서,,60,,11,질병,
서울소방재난본부,N,남,,202506,집,관악소방서,,60,,11,질병,
서울소방재난본부,N,미상,,202506,,관악소방서,,-1,,16,질병,
서울소방재난본부,N,남,,202506,집,관악소방서,,30,,14,질병,
서울소방재난본부,N,여,,202506,집,관악소방서,,30,,19,질병,
서울소방재난본부,N,남,,202506,집,관악소방서,,80,기타(질병외),19,기타,
서울소방재난본부,N,여,,202506,집,관악소방서,,90,,17,질병,
서울소방재난본부,N,여,,202506,집,관악소방서,,90,,17,질병,
서울소방재난본부,N,여,,202506,집,관악소방서,,90,,17,질병,
서울소방재난본부,N,여,,202506,집,관악소방서,,10,낙상,15,기타,
서울소방재난본부,N,남,,202506,집,관악소방서,,60,,06,질병,
서울소방재난본부,N,여,,202506,집,관악소방서,,30,,07,,
서울소방재난본부,N,여,,202506,집,관악소방서,,30,,07,,
서울소방재난본부,N,여,,202506,상업시설,관악소방서,,60,낙상,18,기타,
서울소방재난본부,N,남,,202506,집,관악소방서,,60,,19,질병,
서울소방재난본부,N,남,,202506,집,관악소방서,,60,,19,질병,
서울소방재난본부,N,남,,202506,상업시설,관악소방서,,70,낙상,16,기타,
서울소방재난본부,N,남,,202506,상업시설,관악소방서,,70,낙상,16,기타,
서울소방재난본부,N,남,,202506,도로외교통지역,관악소방서,,50,낙상,18,기타,
서울소방재난본부,N,여,,202506,도로,관악소방서,,10,,00,질병,
서울소방재난본부,N,남,,202506,집,관악소방서,,70,,03,질병,
서울소방재난본부,N,남,,202506,집,관악소방서,,70,,03,질병,
서울소방재난본부,N,남,,202506,집단거주시설,관악소방서,,60,,13,질병,
서울소방재난본부,N,여,,202506,도로외교통지역,관악소방서,,80,낙상,17,기타,
서울소방재난본부,N,여,,202506,집,관악소방서,,60,,05,질병,
서울소방재난본부,N,여,,202506,집,관악소방서,,60,,05,질병,
서울소방재난본부,N,남,,202506,집,관악소방서,,70,낙상,02,기타,
서울소방재난본부,N,미상,,202506,집,관악소방서,,-1,,14,,
서울소방재난본부,N,여,,202506,집,관악소방서,,80,,18,질병,
서울소방재난본부,N,여,,202506,집,관악소방서,,80,,18,질병,
서울소방재난본부,N,여,,202506,집,관악소방서,,80,,18,질병,
서울소방재난본부,N,여,,202506,집,관악소방서,,80,,18,질병,
서울소방재난본부,N,남,,202506,집,관악소방서,,20,낙상,13,기타,
서울소방재난본부,N,남,,202506,도로,관악소방서,,30,오토바이사고,11,기타,
서울소방재난본부,N,여,,202506,오락/문화시설,관악소방서,,20,,21,질병,
서울소방재난본부,N,미상,,202506,집,관악소방서,,20,,21,질병,
서울소방재난본부,N,남,,202506,도로외교통지역,관악소방서,,60,,11,질병,
서울소방재난본부,N,남,,202506,도로외교통지역,관악소방서,,60,,11,질병,
서울소방재난본부,N,남,,202506,도로외교통지역,관악소방서,,60,,11,질병,
서울소방재난본부,N,여,,202506,도로,관악소방서,,10,자전거사고,13,기타,
서울소방재난본부,N,여,,202506,도로외교통지역,관악소방서,,70,낙상,21,기타,
서울소방재난본부,N,여,,202506,집,관악소방서,,20,,13,질병,
서울소방재난본부,N,남,,202506,도로,관악소방서,,50,동승자,20,기타,
서울소방재난본부,N,여,,202506,집,관악소방서,,80,,23,질병,
서울소방재난본부,N,여,,202506,집,관악소방서,,80,,23,질병,
서울소방재난본부,N,여,,202506,,관악소방서,,30,,23,질병,
서울소방재난본부,N,여,,202506,도로,관악소방서,,80,낙상,14,기타,
서울소방재난본부,N,여,,202506,도로,관악소방서,,80,낙상,14,기타,
서울소방재난본부,N,남,,202506,집,관악소방서,,-1,낙상,15,기타,
서울소방재난본부,N,여,,202506,집,관악소방서,,20,,14,질병,
서울소방재난본부,N,남,,202506,집,관악소방서,,-1,낙상,15,기타,
서울소방재난본부,N,여,,202506,집,관악소방서,,20,,02,질병,
서울소방재난본부,N,남,,202506,,관악소방서,,70,,09,,
서울소방재난본부,N,남,,202506,,관악소방서,,50,낙상,22,기타,
서울소방재난본부,N,여,,202506,집,관악소방서,,60,낙상,22,기타,
서울소방재난본부,N,여,,202506,집,관악소방서,,60,낙상,22,기타,
서울소방재난본부,N,여,,202506,집,관악소방서,,60,낙상,22,기타,
서울소방재난본부,N,여,,202506,운동시설,관악소방서,,50,낙상,09,기타,
서울소방재난본부,N,여,,202506,운동시설,관악소방서,,50,낙상,09,기타,
서울소방재난본부,N,여,,202506,도로,관악소방서,,80,낙상,17,기타,
서울소방재난본부,N,여,,202506,도로,관악소방서,,80,낙상,17,기타,
서울소방재난본부,N,남,,202506,기타,관악소방서,,50,중독,08,기타,
서울소방재난본부,N,남,,202506,도로,관악소방서,,30,오토바이사고,20,기타,
서울소방재난본부,N,여,,202506,집,관악소방서,,80,,09,질병,
서울소방재난본부,N,여,,202506,집,관악소방서,,10,,12,질병,
서울소방재난본부,N,여,,202506,집,관악소방서,,60,,10,질병,
서울소방재난본부,N,여,,202506,집,관악소방서,,60,,10,질병,
서울소방재난본부,N,여,,202506,집,관악소방서,,50,외력에의한압박,18,기타,
서울소방재난본부,N,여,,202506,집,관악소방서,,50,,02,질병,
서울소방재난본부,N,여,,202506,집,관악소방서,,20,,08,질병,
서울소방재난본부,N,남,,202506,학교/교육시설,관악소방서,,40,기타 둔상,14,기타,
서울소방재난본부,N,여,,202506,도로,관악소방서,,70,,10,질병,
서울소방재난본부,N,여,,202506,도로,관악소방서,,70,,10,질병,
서울소방재난본부,N,남,,202506,도로,관악소방서,,-1,기타(질병외),02,기타,
서울소방재난본부,N,남,,202506,집,관악소방서,,-1,,09,질병,
서울소방재난본부,N,여,,202506,집,관악소방서,,30,중독,20,기타,
서울소방재난본부,N,남,,202506,집,관악소방서,,70,,17,질병,
서울소방재난본부,N,남,,202506,집,관악소방서,,70,,17,질병,
서울소방재난본부,N,남,,202506,집,관악소방서,,70,,17,질병,
서울소방재난본부,N,여,,202506,집,관악소방서,,80,기타 둔상,17,기타,
서울소방재난본부,N,남,,202506,집,관악소방서,,40,,22,질병,
서울소방재난본부,N,여,,202506,집,관악소방서,,40,,10,질병,
서울소방재난본부,N,여,,202506,집,관악소방서,,80,낙상,10,기타,
서울소방재난본부,N,여,,202506,집,관악소방서,,80,낙상,10,기타,
서울소방재난본부,N,남,,202506,상업시설,관악소방서,,50,,13,질병,
서울소방재난본부,N,여,,202506,집,관악소방서,,70,,13,질병,
서울소방재난본부,N,여,,202506,의료관련시설,관악소방서,,40,,10,질병,
서울소방재난본부,N,여,,202506,도로,관악소방서,,40,오토바이사고,16,기타,
서울소방재난본부,N,남,,202506,,관악소방서,,50,낙상,12,기타,
서울소방재난본부,N,여,,202506,집,관악소방서,,70,,14,질병,
서울소방재난본부,N,남,,202506,집,관악소방서,,80,,11,질병,
서울소방재난본부,N,남,,202506,집,관악소방서,,-1,,20,,
서울소방재난본부,N,남,,202506,집,관악소방서,,70,,01,질병,
서울소방재난본부,N,여,,202506,집,관악소방서,,60,낙상,17,기타,
서울소방재난본부,N,여,,202506,집,관악소방서,,60,낙상,17,기타,
서울소방재난본부,N,여,,202506,집,관악소방서,,60,낙상,17,기타,
서울소방재난본부,N,남,,202506,집,관악소방서,,80,중독,20,기타,
서울소방재난본부,N,남,,202506,집,관악소방서,,80,중독,20,기타,
서울소방재난본부,N,남,,202506,집,관악소방서,,80,중독,20,기타,
서울소방재난본부,N,남,,202506,집,관악소방서,,80,중독,20,기타,
서울소방재난본부,N,남,,202506,도로,관악소방서,,40,오토바이사고,19,기타,
서울소방재난본부,N,여,,202506,집,관악소방서,,50,,20,질병,
서울소방재난본부,N,남,,202506,집,관악소방서,,70,,15,질병,
서울소방재난본부,N,남,,202506,집,관악소방서,,70,,15,질병,
서울소방재난본부,N,남,,202506,집,관악소방서,,70,,15,질병,
서울소방재난본부,N,남,,202506,집,관악소방서,,70,,15,질병,
서울소방재난본부,N,여,,202506,집,관악소방서,,50,,20,질병,
서울소방재난본부,N,여,,202506,집,관악소방서,,50,,20,질병,
서울소방재난본부,N,남,,202506,상업시설,관악소방서,,50,기타 둔상,23,기타,
서울소방재난본부,N,남,,202506,상업시설,관악소방서,,50,기타 둔상,23,기타,
서울소방재난본부,N,남,,202506,상업시설,관악소방서,,50,기타 둔상,23,기타,
서울소방재난본부,N,남,,202506,집,관악소방서,,90,,01,질병,
서울소방재난본부,N,여,,202506,바다/강/산/논밭,관악소방서,,20,추락,17,기타,
서울소방재난본부,N,남,,202506,상업시설,관악소방서,,60,단순주취,03,기타,
서울소방재난본부,N,여,,202506,집,관악소방서,,70,,11,질병,
서울소방재난본부,N,여,,202506,집,관악소방서,,70,,11,질병,
서울소방재난본부,N,여,,202506,집,관악소방서,,70,,22,질병,
서울소방재난본부,N,남,,202506,도로외교통지역,관악소방서,,60,,09,질병,
서울소방재난본부,N,남,,202506,도로,관악소방서,,40,단순주취,23,기타,
서울소방재난본부,N,남,,202506,도로,관악소방서,,70,낙상,16,기타,
서울소방재난본부,N,남,,202506,집,관악소방서,,80,,11,질병,
서울소방재난본부,N,남,,202506,집,관악소방서,,60,,09,질병,
서울소방재난본부,N,남,,202506,집,관악소방서,,60,,09,질병,
서울소방재난본부,N,여,,202506,집,관악소방서,,20,,17,질병,
서울소방재난본부,N,여,,202506,집,관악소방서,,20,,17,질병,
서울소방재난본부,N,남,,202506,상업시설,관악소방서,,-1,,21,,
서울소방재난본부,N,여,,202506,의료관련시설,관악소방서,,50,,06,질병,
서울소방재난본부,N,여,,202506,집,관악소방서,,40,,18,질병,
서울소방재난본부,N,여,,202506,도로외교통지역,관악소방서,,60,기타 둔상,18,기타,
서울소방재난본부,N,여,,202506,집,관악소방서,,30,,19,질병,
서울소방재난본부,N,여,,202506,집,관악소방서,,0,,11,질병,
서울소방재난본부,N,남,,202506,집,관악소방서,,60,기타(질병외),11,기타,
서울소방재난본부,N,남,,202506,,관악소방서,,20,운전자,05,기타,
서울소방재난본부,N,여,,202506,집,관악소방서,,60,,09,질병,
서울소방재난본부,N,남,,202506,의료관련시설,관악소방서,,80,,14,,
서울소방재난본부,N,남,,202506,집단거주시설,관악소방서,,70,,10,질병,
서울소방재난본부,N,남,,202506,집단거주시설,관악소방서,,70,,10,질병,
서울소방재난본부,N,여,,202506,집,관악소방서,,80,낙상,18,기타,
서울소방재난본부,N,여,,202506,집,관악소방서,,80,낙상,18,기타,
서울소방재난본부,N,여,,202506,집,관악소방서,,80,낙상,17,기타,
서울소방재난본부,N,여,,202506,집,관악소방서,,80,낙상,17,기타,
서울소방재난본부,Y,여,,202506,학교/교육시설,관악소방서,,20,,01,질병,
서울소방재난본부,N,남,,202506,집,관악소방서,,60,,17,질병,
서울소방재난본부,N,남,,202506,도로,관악소방서,,70,,17,질병,
서울소방재난본부,N,여,,202506,상업시설,관악소방서,,60,,19,질병,
서울소방재난본부,N,여,,202506,상업시설,관악소방서,,40,,13,질병,
서울소방재난본부,N,여,,202506,도로외교통지역,관악소방서,,-1,단순주취,20,기타,
서울소방재난본부,N,여,,202506,도로,관악소방서,,60,동승자,00,기타,
서울소방재난본부,N,여,,202506,집,관악소방서,,30,기타(질병외),20,기타,
서울소방재난본부,N,남,,202506,상업시설,관악소방서,,40,,14,질병,
서울소방재난본부,N,여,,202506,집,관악소방서,,60,,23,질병,
서울소방재난본부,N,남,,202506,집,관악소방서,,60,,22,질병,
서울소방재난본부,Y,여,,202506,집,관악소방서,,20,,00,질병,
서울소방재난본부,N,여,,202506,상업시설,관악소방서,,40,낙상,21,기타,
서울소방재난본부,N,여,,202506,집,관악소방서,,50,,20,질병,
서울소방재난본부,N,남,,202506,집,관악소방서,,20,,13,질병,
서울소방재난본부,N,남,,202506,집,관악소방서,,50,,19,질병,
서울소방재난본부,N,여,,202506,집,관악소방서,,50,낙상,20,기타,
서울소방재난본부,N,여,,202506,도로외교통지역,관악소방서,,10,,08,질병,
서울소방재난본부,N,남,,202506,집,관악소방서,,20,,08,질병,
서울소방재난본부,N,남,,202506,도로,관악소방서,,70,낙상,21,기타,
서울소방재난본부,N,여,,202506,,관악소방서,,20,,20,질병,
서울소방재난본부,N,남,,202506,집,관악소방서,,90,,14,질병,
서울소방재난본부,N,남,,202506,집,관악소방서,,90,,14,질병,
서울소방재난본부,N,남,,202506,집,관악소방서,,90,,14,질병,
서울소방재난본부,N,남,,202506,도로,관악소방서,,60,,12,질병,
서울소방재난본부,N,남,,202506,집,관악소방서,,40,,19,질병,
서울소방재난본부,N,여,,202506,집,관악소방서,,20,,21,질병,
서울소방재난본부,N,남,,202506,집,관악소방서,,70,,22,질병,
서울소방재난본부,N,남,,202506,집,관악소방서,,70,,22,질병,
서울소방재난본부,N,여,,202506,상업시설,관악소방서,,50,낙상,15,기타,
서울소방재난본부,N,여,,202506,상업시설,관악소방서,,50,낙상,15,기타,
서울소방재난본부,N,여,,202506,집,관악소방서,,80,,21,질병,
서울소방재난본부,N,남,,202506,도로외교통지역,관악소방서,,20,,19,질병,
서울소방재난본부,N,여,,202506,,관악소방서,,-1,,19,질병,
서울소방재난본부,N,남,,202506,집,관악소방서,,80,낙상,11,기타,
서울소방재난본부,N,남,,202506,집,관악소방서,,0,,03,질병,
서울소방재난본부,N,남,,202506,도로,관악소방서,,-1,낙상,20,기타,
서울소방재난본부,N,남,,202506,도로,관악소방서,,80,,15,질병,
서울소방재난본부,N,남,,202506,도로,관악소방서,,80,,15,질병,
서울소방재난본부,N,남,,202506,도로,관악소방서,,80,,15,질병,
서울소방재난본부,N,남,,202506,집,관악소방서,,70,,22,질병,
서울소방재난본부,N,남,,202506,,관악소방서,,-1,,22,,
서울소방재난본부,N,남,,202506,집,관악소방서,,30,,09,질병,
서울소방재난본부,N,여,,202506,집,관악소방서,,80,,20,질병,
서울소방재난본부,N,남,,202506,의료관련시설,관악소방서,,70,,17,질병,
서울소방재난본부,N,남,,202506,의료관련시설,관악소방서,,70,,17,질병,
서울소방재난본부,N,남,,202506,의료관련시설,관악소방서,,70,,17,질병,
서울소방재난본부,N,남,,202506,의료관련시설,관악소방서,,70,,17,질병,
서울소방재난본부,N,남,,202506,의료관련시설,관악소방서,,70,,17,질병,
서울소방재난본부,N,남,,202506,집,관악소방서,,70,,21,질병,
서울소방재난본부,N,남,,202506,집,관악소방서,,70,,21,질병,
서울소방재난본부,N,미상,,202506,도로외교통지역,관악소방서,,-1,,19,,
서울소방재난본부,N,미상,,202506,도로외교통지역,관악소방서,,-1,,19,,
서울소방재난본부,N,남,,202506,도로외교통지역,관악소방서,,70,,08,질병,
서울소방재난본부,N,남,,202506,도로외교통지역,관악소방서,,70,,08,질병,
서울소방재난본부,N,여,,202506,집,관악소방서,,50,,19,질병,
서울소방재난본부,N,남,,202506,도로외교통지역,관악소방서,,-1,낙상,03,기타,
서울소방재난본부,N,남,,202506,집단거주시설,관악소방서,,50,낙상,23,기타,
서울소방재난본부,N,여,,202506,집,관악소방서,,70,,17,질병,
서울소방재난본부,N,남,,202506,집,관악소방서,,80,낙상,10,기타,
서울소방재난본부,N,남,,202506,집,관악소방서,,80,낙상,10,기타,
서울소방재난본부,N,남,,202506,집,관악소방서,,40,,22,질병,
서울소방재난본부,N,여,,202506,집,관악소방서,,40,연기흡입,02,기타,
서울소방재난본부,N,남,,202506,집,관악소방서,,50,,05,질병,
서울소방재난본부,N,남,,202506,도로외교통지역,관악소방서,,80,,11,질병,
서울소방재난본부,N,남,,202506,도로,관악소방서,,60,기계,16,기타,
서울소방재난본부,N,여,,202506,집,관악소방서,,90,,00,,
서울소방재난본부,N,남,,202506,집,관악소방서,,80,,06,질병,
서울소방재난본부,N,남,,202506,집,관악소방서,,80,,06,질병,
서울소방재난본부,N,남,,202506,도로,관악소방서,,30,오토바이사고,22,기타,
서울소방재난본부,N,여,,202506,집,관악소방서,,60,,14,질병,
서울소방재난본부,N,여,,202506,집,관악소방서,,60,,14,질병,
서울소방재난본부,N,여,,202506,도로외교통지역,관악소방서,,20,,02,질병,
서울소방재난본부,N,남,,202506,집,관악소방서,,60,중독,13,기타,
서울소방재난본부,N,남,,202506,집,관악소방서,,20,,16,질병,
서울소방재난본부,N,여,,202506,도로외교통지역,관악소방서,,20,,07,질병,
서울소방재난본부,N,남,,202506,집,관악소방서,,20,기타 둔상,05,기타,
서울소방재난본부,N,여,,202506,집,관악소방서,,20,,02,질병,
서울소방재난본부,N,남,,202506,도로,관악소방서,,-1,오토바이사고,12,기타,
서울소방재난본부,N,남,,202506,집,관악소방서,,70,,00,질병,
서울소방재난본부,N,남,,202506,집,관악소방서,,-1,,17,질병,
서울소방재난본부,N,남,,202506,도로,관악소방서,,60,보행자,17,기타,
서울소방재난본부,N,남,,202506,도로,관악소방서,,60,보행자,17,기타,
서울소방재난본부,N,여,,202506,바다/강/산/논밭,관악소방서,,60,낙상,17,기타,
서울소방재난본부,N,여,,202506,집,관악소방서,,50,,13,질병,
서울소방재난본부,N,여,,202506,집,관악소방서,,50,,13,질병,
서울소방재난본부,N,남,,202506,집,관악소방서,,80,,08,질병,
서울소방재난본부,N,남,,202506,집,관악소방서,,80,,08,질병,
서울소방재난본부,N,남,,202506,집,관악소방서,,20,기타 둔상,19,기타,
서울소방재난본부,N,남,,202506,집,관악소방서,,30,,13,질병,
서울소방재난본부,N,여,,202506,학교/교육시설,관악소방서,,20,,17,질병,
서울소방재난본부,N,남,,202506,도로외교통지역,관악소방서,,60,보행자,14,기타,
서울소방재난본부,N,남,,202506,도로외교통지역,관악소방서,,60,보행자,14,기타,
서울소방재난본부,N,남,,202506,집,관악소방서,,30,,20,질병,
서울소방재난본부,N,여,,202506,집,관악소방서,,30,,17,질병,
서울소방재난본부,N,여,,202506,도로,관악소방서,,80,낙상,18,기타,
서울소방재난본부,N,여,,202506,도로,관악소방서,,80,낙상,18,기타,
서울소방재난본부,N,여,,202506,도로,관악소방서,,80,낙상,18,기타,
서울소방재난본부,N,남,,202506,집,관악소방서,,20,,06,질병,
서울소방재난본부,N,남,,202506,집,관악소방서,,20,,06,질병,
서울소방재난본부,N,남,,202506,도로외교통지역,관악소방서,,70,낙상,10,기타,
서울소방재난본부,N,남,,202506,도로외교통지역,관악소방서,,70,낙상,10,기타,
서울소방재난본부,N,남,,202506,도로외교통지역,관악소방서,,70,낙상,10,기타,
서울소방재난본부,N,여,,202506,집,관악소방서,,70,,19,질병,
서울소방재난본부,N,여,,202506,집,관악소방서,,70,,19,질병,
서울소방재난본부,N,여,,202506,집,관악소방서,,70,,19,질병,
서울소방재난본부,N,여,,202506,집,관악소방서,,20,,04,질병,
서울소방재난본부,N,남,,202506,도로,관악소방서,,70,,05,질병,
서울소방재난본부,N,여,,202506,,관악소방서,,60,,06,질병,
서울소방재난본부,N,여,,202506,,관악소방서,,60,,06,질병,
서울소방재난본부,N,여,,202506,집,관악소방서,,40,,15,질병,
서울소방재난본부,N,남,,202506,,관악소방서,,20,,06,질병,
서울소방재난본부,N,여,,202506,집,관악소방서,,60,,05,질병,
서울소방재난본부,N,여,,202506,집,관악소방서,,60,,02,질병,
서울소방재난본부,N,남,,202506,집,관악소방서,,60,낙상,17,기타,
서울소방재난본부,N,남,,202506,집,관악소방서,,70,,07,질병,
서울소방재난본부,N,남,,202506,집,관악소방서,,70,,07,질병,
서울소방재난본부,N,여,,202506,집,관악소방서,,70,,06,질병,
서울소방재난본부,N,여,,202506,집,관악소방서,,70,,06,질병,
서울소방재난본부,N,여,,202506,도로외교통지역,관악소방서,,60,,15,질병,
서울소방재난본부,N,여,,202506,집,관악소방서,,80,,20,질병,
서울소방재난본부,N,여,,202506,집,관악소방서,,80,,20,질병,
서울소방재난본부,N,여,,202506,집,관악소방서,,80,,20,질병,
서울소방재난본부,N,여,,202506,집,관악소방서,,80,,20,질병,
서울소방재난본부,N,여,,202506,집,관악소방서,,70,,06,질병,
서울소방재난본부,N,여,,202506,집,관악소방서,,0,기타,16,기타,
서울소방재난본부,N,여,,202506,집,관악소방서,,70,,08,질병,
서울소방재난본부,N,여,,202506,집,관악소방서,,70,,08,질병,
서울소방재난본부,N,여,,202506,상업시설,관악소방서,,30,,22,질병,
서울소방재난본부,N,남,,202506,,관악소방서,,50,,08,,
서울소방재난본부,N,여,,202506,집,관악소방서,,60,,06,질병,
서울소방재난본부,N,여,,202506,도로,관악소방서,,50,,11,질병,
서울소방재난본부,N,여,,202506,집,관악소방서,,90,,00,질병,
서울소방재난본부,N,여,,202506,집,관악소방서,,20,,23,질병,
서울소방재난본부,N,여,,202506,집,관악소방서,,90,,09,질병,
서울소방재난본부,N,여,,202506,집,관악소방서,,90,,09,질병,
서울소방재난본부,N,여,,202506,집,관악소방서,,20,,13,질병,
서울소방재난본부,N,남,,202506,도로외교통지역,관악소방서,,60,,13,질병,
서울소방재난본부,N,남,,202506,집,관악소방서,,60,,01,질병,
서울소방재난본부,N,남,,202506,집,관악소방서,,60,,01,질병,
서울소방재난본부,N,남,,202506,집,관악소방서,,60,,01,질병,
서울소방재난본부,N,여,,202506,도로외교통지역,관악소방서,,80,보행자,20,기타,
서울소방재난본부,N,여,,202506,도로외교통지역,관악소방서,,80,보행자,20,기타,
서울소방재난본부,N,여,,202506,도로외교통지역,관악소방서,,80,보행자,20,기타,
서울소방재난본부,N,여,,202506,도로외교통지역,관악소방서,,80,보행자,20,기타,
