ds,District,건물사고,교통사고,기계사고,기타/미상,산악사고,수난사고,승강기사고,안전조치,위치추적,인명갇힘,자살추정,잠금장치개방,폭발사고,화재
2006-01-01,강남구,378.0,134.0,11.0,0.0,153.0,19.0,5.0,0.0,0.0,0.0,0.0,0.0,95.0,53.0
2006-01-01,강동구,174.0,92.0,7.0,0.0,254.0,14.0,3.0,0.0,0.0,0.0,0.0,0.0,78.0,46.0
2006-01-01,강북구,62.0,12.0,1.0,0.0,95.0,0.0,55.0,0.0,0.0,0.0,0.0,0.0,28.0,14.0
2006-01-01,강서구,203.0,205.0,6.0,0.0,297.0,22.0,6.0,0.0,0.0,9.0,0.0,0.0,102.0,224.0
2006-01-01,관악구,159.0,31.0,7.0,0.0,204.0,1.0,139.0,0.0,0.0,0.0,0.0,0.0,61.0,11.0
2006-01-01,광진구,65.0,48.0,3.0,0.0,105.0,29.0,36.0,0.0,0.0,0.0,0.0,0.0,35.0,23.0
2006-01-01,구로구,109.0,57.0,4.0,0.0,211.0,1.0,6.0,0.0,0.0,0.0,0.0,0.0,54.0,7.0
2006-01-01,금천구,53.0,35.0,8.0,0.0,75.0,0.0,7.0,0.0,0.0,1.0,0.0,0.0,27.0,1.0
2006-01-01,노원구,106.0,24.0,4.0,0.0,184.0,2.0,126.0,0.0,0.0,0.0,0.0,0.0,53.0,5.0
2006-01-01,도봉구,119.0,46.0,3.0,0.0,126.0,2.0,77.0,0.0,0.0,1.0,0.0,0.0,44.0,17.0
2006-01-01,동대문구,118.0,51.0,6.0,0.0,81.0,3.0,5.0,0.0,0.0,0.0,0.0,0.0,35.0,33.0
2006-01-01,동작구,105.0,51.0,2.0,0.0,97.0,21.0,4.0,0.0,0.0,0.0,0.0,0.0,47.0,38.0
2006-01-01,마포구,109.0,68.0,9.0,0.0,156.0,28.0,0.0,0.0,0.0,2.0,0.0,0.0,65.0,2.0
2006-01-01,서대문구,233.0,95.0,1.0,0.0,181.0,0.0,14.0,0.0,0.0,0.0,0.0,0.0,44.0,28.0
2006-01-01,서초구,162.0,99.0,2.0,0.0,80.0,14.0,30.0,0.0,0.0,2.0,0.0,0.0,34.0,47.0
2006-01-01,성동구,34.0,22.0,2.0,0.0,45.0,17.0,1.0,0.0,0.0,0.0,0.0,0.0,53.0,36.0
2006-01-01,성북구,80.0,36.0,6.0,0.0,101.0,1.0,18.0,0.0,0.0,0.0,0.0,0.0,39.0,11.0
2006-01-01,송파구,211.0,99.0,7.0,0.0,195.0,28.0,23.0,0.0,0.0,0.0,0.0,0.0,96.0,22.0
2006-01-01,양천구,189.0,57.0,5.0,0.0,175.0,0.0,1.0,0.0,0.0,0.0,0.0,0.0,51.0,10.0
2006-01-01,영등포구,215.0,87.0,6.0,0.0,194.0,84.0,0.0,0.0,0.0,0.0,0.0,0.0,82.0,20.0
2006-01-01,용산구,76.0,143.0,3.0,0.0,109.0,49.0,0.0,0.0,0.0,0.0,0.0,0.0,104.0,195.0
2006-01-01,은평구,103.0,65.0,7.0,0.0,225.0,0.0,88.0,0.0,0.0,1.0,0.0,0.0,86.0,27.0
2006-01-01,종로구,87.0,116.0,8.0,0.0,79.0,0.0,46.0,0.0,0.0,0.0,0.0,0.0,95.0,80.0
2006-01-01,중구,99.0,41.0,7.0,0.0,74.0,0.0,0.0,0.0,0.0,0.0,0.0,0.0,28.0,12.0
2006-01-01,중랑구,120.0,36.0,6.0,0.0,215.0,1.0,25.0,0.0,0.0,1.0,0.0,0.0,61.0,22.0
2007-01-01,강남구,0.0,102.0,10.0,74.0,12.0,16.0,270.0,0.0,0.0,149.0,0.0,0.0,1.0,150.0
2007-01-01,강동구,0.0,81.0,5.0,97.0,3.0,12.0,197.0,0.0,0.0,284.0,0.0,0.0,1.0,90.0
2007-01-01,강북구,0.0,30.0,2.0,24.0,36.0,0.0,52.0,0.0,0.0,54.0,0.0,0.0,0.0,14.0
2007-01-01,강서구,0.0,135.0,7.0,160.0,11.0,14.0,312.0,0.0,0.0,434.0,0.0,0.0,0.0,44.0
2007-01-01,관악구,0.0,45.0,15.0,85.0,139.0,0.0,245.0,0.0,0.0,217.0,0.0,0.0,0.0,2.0
2007-01-01,광진구,0.0,54.0,8.0,45.0,26.0,35.0,82.0,0.0,0.0,116.0,0.0,0.0,0.0,34.0
2007-01-01,구로구,0.0,72.0,8.0,64.0,2.0,0.0,162.0,0.0,0.0,160.0,0.0,0.0,0.0,204.0
2007-01-01,금천구,0.0,27.0,5.0,31.0,9.0,0.0,49.0,0.0,0.0,71.0,0.0,0.0,0.0,11.0
2007-01-01,노원구,0.0,27.0,5.0,65.0,156.0,0.0,209.0,0.0,0.0,194.0,0.0,0.0,0.0,1.0
2007-01-01,도봉구,0.0,42.0,4.0,31.0,93.0,1.0,93.0,0.0,0.0,115.0,0.0,0.0,0.0,3.0
2007-01-01,동대문구,0.0,41.0,9.0,48.0,2.0,2.0,142.0,0.0,0.0,131.0,0.0,0.0,0.0,38.0
2007-01-01,동작구,0.0,61.0,6.0,67.0,1.0,15.0,149.0,0.0,0.0,98.0,0.0,0.0,1.0,64.0
2007-01-01,마포구,0.0,164.0,5.0,139.0,0.0,38.0,242.0,0.0,0.0,203.0,0.0,0.0,0.0,38.0
2007-01-01,서대문구,0.0,70.0,5.0,110.0,24.0,0.0,142.0,0.0,0.0,172.0,0.0,0.0,0.0,59.0
2007-01-01,서초구,0.0,106.0,6.0,72.0,18.0,15.0,186.0,0.0,0.0,92.0,0.0,0.0,1.0,117.0
2007-01-01,성동구,0.0,47.0,7.0,103.0,1.0,24.0,49.0,0.0,0.0,59.0,0.0,0.0,0.0,10.0
2007-01-01,성북구,0.0,19.0,2.0,73.0,19.0,0.0,94.0,0.0,0.0,146.0,0.0,0.0,0.0,47.0
2007-01-01,송파구,0.0,110.0,11.0,119.0,21.0,26.0,213.0,0.0,0.0,294.0,0.0,0.0,0.0,51.0
2007-01-01,양천구,0.0,77.0,4.0,66.0,5.0,0.0,268.0,0.0,0.0,233.0,0.0,0.0,0.0,11.0
2007-01-01,영등포구,0.0,213.0,8.0,108.0,0.0,107.0,311.0,0.0,0.0,204.0,0.0,0.0,4.0,61.0
2007-01-01,용산구,0.0,269.0,14.0,133.0,0.0,89.0,82.0,0.0,0.0,141.0,0.0,0.0,0.0,71.0
2007-01-01,은평구,0.0,65.0,4.0,76.0,74.0,0.0,142.0,0.0,0.0,199.0,0.0,0.0,0.0,27.0
2007-01-01,종로구,0.0,44.0,5.0,73.0,63.0,0.0,114.0,0.0,0.0,120.0,0.0,0.0,0.0,19.0
2007-01-01,중구,0.0,45.0,9.0,39.0,0.0,0.0,138.0,0.0,0.0,88.0,0.0,0.0,4.0,7.0
2007-01-01,중랑구,0.0,82.0,2.0,54.0,28.0,0.0,142.0,0.0,0.0,162.0,0.0,0.0,1.0,20.0
2008-01-01,강남구,0.0,85.0,11.0,113.0,17.0,30.0,286.0,0.0,0.0,171.0,0.0,0.0,1.0,62.0
2008-01-01,강동구,0.0,70.0,10.0,93.0,5.0,10.0,184.0,0.0,0.0,247.0,0.0,0.0,0.0,63.0
2008-01-01,강북구,0.0,29.0,5.0,86.0,88.0,0.0,82.0,0.0,0.0,115.0,0.0,0.0,0.0,52.0
2008-01-01,강서구,0.0,200.0,16.0,143.0,8.0,22.0,358.0,0.0,0.0,389.0,0.0,0.0,0.0,33.0
2008-01-01,관악구,0.0,25.0,3.0,61.0,157.0,0.0,212.0,0.0,0.0,244.0,0.0,0.0,0.0,34.0
2008-01-01,광진구,0.0,67.0,8.0,59.0,36.0,39.0,97.0,0.0,0.0,156.0,0.0,0.0,0.0,2.0
2008-01-01,구로구,0.0,48.0,6.0,116.0,2.0,0.0,237.0,0.0,0.0,192.0,0.0,0.0,0.0,18.0
2008-01-01,금천구,0.0,68.0,3.0,67.0,14.0,0.0,122.0,0.0,0.0,120.0,0.0,0.0,0.0,2.0
2008-01-01,노원구,0.0,44.0,6.0,95.0,155.0,0.0,176.0,0.0,0.0,174.0,0.0,0.0,0.0,7.0
2008-01-01,도봉구,0.0,61.0,2.0,88.0,147.0,2.0,130.0,0.0,0.0,179.0,0.0,0.0,0.0,43.0
2008-01-01,동대문구,0.0,47.0,7.0,55.0,2.0,5.0,103.0,0.0,0.0,158.0,0.0,0.0,0.0,100.0
2008-01-01,동작구,0.0,103.0,6.0,102.0,3.0,13.0,126.0,0.0,0.0,122.0,0.0,0.0,1.0,25.0
2008-01-01,마포구,0.0,76.0,8.0,153.0,0.0,35.0,184.0,0.0,0.0,247.0,0.0,0.0,0.0,36.0
2008-01-01,서대문구,0.0,45.0,11.0,180.0,12.0,0.0,105.0,0.0,0.0,118.0,0.0,0.0,0.0,39.0
2008-01-01,서초구,0.0,296.0,12.0,58.0,41.0,44.0,203.0,0.0,0.0,104.0,0.0,0.0,0.0,128.0
2008-01-01,성동구,0.0,33.0,2.0,38.0,1.0,29.0,68.0,0.0,0.0,87.0,0.0,0.0,0.0,9.0
2008-01-01,성북구,0.0,15.0,6.0,64.0,33.0,0.0,124.0,0.0,0.0,100.0,0.0,0.0,0.0,10.0
2008-01-01,송파구,0.0,46.0,9.0,126.0,13.0,23.0,197.0,0.0,0.0,222.0,0.0,0.0,0.0,12.0
2008-01-01,양천구,0.0,38.0,8.0,50.0,0.0,0.0,141.0,0.0,0.0,156.0,0.0,0.0,0.0,13.0
2008-01-01,영등포구,0.0,135.0,6.0,53.0,0.0,110.0,154.0,0.0,0.0,202.0,0.0,0.0,0.0,90.0
2008-01-01,용산구,0.0,166.0,2.0,95.0,0.0,74.0,43.0,0.0,0.0,112.0,0.0,0.0,0.0,30.0
2008-01-01,은평구,0.0,86.0,6.0,369.0,91.0,0.0,119.0,0.0,0.0,225.0,0.0,0.0,1.0,27.0
2008-01-01,종로구,0.0,42.0,9.0,53.0,77.0,1.0,84.0,0.0,0.0,82.0,0.0,0.0,0.0,10.0
2008-01-01,중구,0.0,30.0,7.0,50.0,0.0,0.0,133.0,0.0,0.0,100.0,0.0,0.0,0.0,24.0
2008-01-01,중랑구,0.0,45.0,11.0,62.0,23.0,0.0,108.0,0.0,0.0,152.0,0.0,0.0,0.0,20.0
2009-01-01,강남구,0.0,111.0,10.0,110.0,17.0,25.0,238.0,0.0,0.0,199.0,0.0,0.0,2.0,55.0
2009-01-01,강동구,1.0,36.0,8.0,78.0,3.0,4.0,164.0,0.0,0.0,208.0,0.0,0.0,0.0,13.0
2009-01-01,강북구,1.0,68.0,0.0,79.0,80.0,1.0,107.0,0.0,0.0,121.0,0.0,0.0,0.0,12.0
2009-01-01,강서구,2.0,108.0,12.0,111.0,10.0,18.0,341.0,0.0,0.0,342.0,0.0,0.0,0.0,57.0
2009-01-01,관악구,0.0,53.0,3.0,102.0,146.0,4.0,168.0,0.0,0.0,175.0,0.0,0.0,0.0,9.0
2009-01-01,광진구,0.0,57.0,11.0,69.0,38.0,57.0,124.0,0.0,0.0,178.0,0.0,0.0,0.0,37.0
2009-01-01,구로구,5.0,39.0,5.0,220.0,3.0,0.0,336.0,0.0,0.0,248.0,0.0,0.0,1.0,32.0
2009-01-01,금천구,1.0,39.0,6.0,74.0,22.0,0.0,122.0,0.0,0.0,97.0,0.0,0.0,0.0,69.0
2009-01-01,노원구,3.0,73.0,6.0,92.0,188.0,9.0,217.0,0.0,0.0,229.0,0.0,0.0,0.0,25.0
2009-01-01,도봉구,0.0,56.0,2.0,110.0,192.0,0.0,133.0,0.0,0.0,184.0,0.0,0.0,0.0,32.0
2009-01-01,동대문구,0.0,44.0,12.0,49.0,4.0,1.0,82.0,0.0,0.0,97.0,0.0,0.0,0.0,22.0
2009-01-01,동작구,0.0,54.0,7.0,74.0,7.0,18.0,132.0,0.0,0.0,113.0,0.0,0.0,0.0,95.0
2009-01-01,마포구,0.0,51.0,14.0,94.0,0.0,38.0,182.0,0.0,0.0,215.0,0.0,0.0,0.0,12.0
2009-01-01,서대문구,0.0,80.0,9.0,168.0,18.0,0.0,145.0,0.0,0.0,164.0,0.0,0.0,0.0,23.0
2009-01-01,서초구,1.0,244.0,7.0,220.0,44.0,18.0,257.0,0.0,0.0,89.0,0.0,0.0,0.0,77.0
2009-01-01,성동구,3.0,30.0,4.0,40.0,1.0,26.0,82.0,0.0,0.0,60.0,0.0,0.0,0.0,37.0
2009-01-01,성북구,32.0,24.0,5.0,62.0,34.0,0.0,155.0,0.0,0.0,162.0,0.0,0.0,2.0,24.0
2009-01-01,송파구,1.0,97.0,6.0,106.0,12.0,37.0,140.0,0.0,0.0,168.0,0.0,0.0,0.0,23.0
2009-01-01,양천구,0.0,60.0,6.0,74.0,4.0,1.0,223.0,0.0,0.0,198.0,0.0,0.0,0.0,7.0
2009-01-01,영등포구,16.0,120.0,9.0,140.0,0.0,118.0,179.0,0.0,0.0,173.0,0.0,0.0,0.0,25.0
2009-01-01,용산구,0.0,99.0,10.0,148.0,0.0,54.0,64.0,0.0,0.0,152.0,0.0,0.0,0.0,58.0
2009-01-01,은평구,2.0,42.0,3.0,315.0,101.0,0.0,95.0,0.0,0.0,212.0,0.0,0.0,4.0,12.0
2009-01-01,종로구,2.0,39.0,2.0,51.0,102.0,0.0,72.0,0.0,0.0,79.0,0.0,0.0,0.0,25.0
2009-01-01,중구,1.0,57.0,5.0,66.0,1.0,1.0,128.0,0.0,0.0,98.0,0.0,0.0,1.0,57.0
2009-01-01,중랑구,1.0,72.0,2.0,58.0,37.0,2.0,83.0,0.0,0.0,142.0,0.0,0.0,0.0,44.0
2010-01-01,강남구,4.0,86.0,13.0,71.0,21.0,20.0,296.0,0.0,0.0,182.0,0.0,0.0,0.0,70.0
2010-01-01,강동구,2.0,23.0,6.0,88.0,5.0,7.0,149.0,0.0,0.0,204.0,0.0,0.0,0.0,14.0
2010-01-01,강북구,0.0,44.0,5.0,71.0,72.0,1.0,69.0,0.0,0.0,72.0,0.0,0.0,0.0,47.0
2010-01-01,강서구,0.0,179.0,15.0,123.0,10.0,19.0,768.0,0.0,0.0,296.0,0.0,0.0,0.0,169.0
2010-01-01,관악구,1.0,24.0,11.0,92.0,194.0,0.0,196.0,0.0,0.0,210.0,0.0,0.0,0.0,22.0
2010-01-01,광진구,0.0,48.0,8.0,75.0,43.0,30.0,113.0,0.0,0.0,196.0,0.0,0.0,0.0,86.0
2010-01-01,구로구,0.0,48.0,9.0,145.0,2.0,1.0,383.0,0.0,0.0,227.0,0.0,0.0,0.0,12.0
2010-01-01,금천구,2.0,89.0,6.0,56.0,14.0,0.0,130.0,0.0,0.0,76.0,0.0,0.0,0.0,26.0
2010-01-01,노원구,6.0,83.0,4.0,235.0,192.0,1.0,330.0,0.0,0.0,333.0,0.0,0.0,0.0,56.0
2010-01-01,도봉구,0.0,25.0,2.0,62.0,216.0,2.0,122.0,0.0,0.0,172.0,0.0,0.0,0.0,19.0
2010-01-01,동대문구,0.0,46.0,5.0,40.0,3.0,7.0,128.0,0.0,0.0,112.0,0.0,0.0,0.0,117.0
2010-01-01,동작구,1.0,33.0,6.0,78.0,1.0,11.0,104.0,0.0,0.0,114.0,0.0,0.0,0.0,25.0
2010-01-01,마포구,2.0,95.0,4.0,107.0,3.0,41.0,130.0,0.0,0.0,196.0,0.0,0.0,0.0,45.0
2010-01-01,서대문구,2.0,102.0,0.0,106.0,25.0,1.0,193.0,0.0,0.0,211.0,0.0,0.0,2.0,278.0
2010-01-01,서초구,2.0,111.0,2.0,97.0,39.0,15.0,186.0,0.0,0.0,64.0,0.0,0.0,0.0,21.0
2010-01-01,성동구,0.0,26.0,5.0,34.0,0.0,24.0,87.0,0.0,0.0,65.0,0.0,0.0,1.0,73.0
2010-01-01,성북구,2.0,40.0,9.0,85.0,37.0,0.0,152.0,0.0,0.0,172.0,0.0,0.0,0.0,130.0
2010-01-01,송파구,0.0,107.0,14.0,132.0,9.0,54.0,183.0,0.0,0.0,148.0,0.0,0.0,0.0,49.0
2010-01-01,양천구,0.0,46.0,3.0,65.0,1.0,1.0,168.0,0.0,0.0,139.0,0.0,0.0,1.0,6.0
2010-01-01,영등포구,1.0,102.0,3.0,159.0,0.0,130.0,305.0,0.0,0.0,189.0,0.0,0.0,0.0,122.0
2010-01-01,용산구,1.0,40.0,4.0,74.0,0.0,64.0,85.0,0.0,0.0,132.0,0.0,0.0,1.0,25.0
2010-01-01,은평구,12.0,73.0,6.0,414.0,89.0,0.0,92.0,0.0,0.0,250.0,0.0,0.0,0.0,59.0
2010-01-01,종로구,0.0,34.0,4.0,54.0,110.0,0.0,257.0,0.0,0.0,109.0,0.0,0.0,0.0,32.0
2010-01-01,중구,0.0,118.0,10.0,49.0,1.0,0.0,140.0,0.0,0.0,74.0,0.0,0.0,0.0,33.0
2010-01-01,중랑구,0.0,36.0,6.0,50.0,27.0,1.0,110.0,0.0,0.0,71.0,0.0,0.0,0.0,13.0
2011-01-01,강남구,34.0,108.0,12.0,135.0,15.0,26.0,444.0,0.0,0.0,264.0,0.0,0.0,3.0,141.0
2011-01-01,강동구,15.0,30.0,7.0,66.0,2.0,8.0,225.0,0.0,0.0,101.0,0.0,0.0,0.0,16.0
2011-01-01,강북구,26.0,14.0,11.0,49.0,77.0,0.0,99.0,0.0,0.0,75.0,0.0,0.0,4.0,54.0
2011-01-01,강서구,30.0,190.0,8.0,100.0,7.0,37.0,866.0,0.0,0.0,283.0,0.0,0.0,0.0,120.0
2011-01-01,관악구,79.0,29.0,7.0,119.0,237.0,0.0,319.0,0.0,0.0,203.0,0.0,0.0,0.0,48.0
2011-01-01,광진구,46.0,46.0,10.0,50.0,32.0,54.0,170.0,0.0,0.0,157.0,0.0,0.0,4.0,57.0
2011-01-01,구로구,44.0,53.0,3.0,180.0,4.0,1.0,374.0,0.0,0.0,180.0,0.0,0.0,0.0,42.0
2011-01-01,금천구,29.0,24.0,5.0,66.0,13.0,0.0,241.0,0.0,0.0,108.0,0.0,0.0,0.0,12.0
2011-01-01,노원구,72.0,94.0,7.0,222.0,154.0,3.0,332.0,0.0,0.0,285.0,0.0,0.0,2.0,26.0
2011-01-01,도봉구,22.0,80.0,8.0,83.0,173.0,3.0,165.0,0.0,0.0,130.0,0.0,0.0,0.0,39.0
2011-01-01,동대문구,19.0,70.0,4.0,77.0,1.0,2.0,264.0,0.0,0.0,131.0,0.0,0.0,0.0,36.0
2011-01-01,동작구,72.0,67.0,7.0,259.0,7.0,17.0,264.0,0.0,0.0,105.0,0.0,0.0,4.0,80.0
2011-01-01,마포구,24.0,98.0,11.0,149.0,1.0,134.0,239.0,0.0,0.0,158.0,0.0,0.0,0.0,27.0
2011-01-01,서대문구,81.0,119.0,2.0,116.0,24.0,6.0,184.0,0.0,0.0,134.0,0.0,0.0,0.0,35.0
2011-01-01,서초구,42.0,97.0,8.0,129.0,32.0,18.0,183.0,0.0,0.0,103.0,0.0,0.0,0.0,37.0
2011-01-01,성동구,27.0,52.0,5.0,59.0,0.0,28.0,168.0,0.0,0.0,52.0,0.0,0.0,0.0,27.0
2011-01-01,성북구,33.0,52.0,0.0,51.0,37.0,0.0,256.0,0.0,0.0,148.0,0.0,0.0,0.0,30.0
2011-01-01,송파구,38.0,52.0,9.0,74.0,10.0,29.0,317.0,0.0,0.0,124.0,0.0,0.0,0.0,14.0
2011-01-01,양천구,65.0,41.0,4.0,72.0,1.0,1.0,179.0,0.0,0.0,136.0,0.0,0.0,0.0,74.0
2011-01-01,영등포구,68.0,94.0,13.0,159.0,0.0,107.0,436.0,0.0,0.0,163.0,0.0,0.0,1.0,639.0
2011-01-01,용산구,13.0,47.0,6.0,57.0,0.0,54.0,162.0,0.0,0.0,111.0,0.0,0.0,0.0,92.0
2011-01-01,은평구,34.0,32.0,10.0,377.0,112.0,1.0,208.0,0.0,0.0,179.0,0.0,0.0,0.0,27.0
2011-01-01,종로구,32.0,39.0,4.0,105.0,132.0,0.0,324.0,0.0,0.0,59.0,0.0,0.0,0.0,26.0
2011-01-01,중구,8.0,30.0,10.0,38.0,2.0,0.0,230.0,0.0,0.0,54.0,0.0,0.0,0.0,23.0
2011-01-01,중랑구,38.0,40.0,5.0,88.0,36.0,1.0,166.0,0.0,0.0,129.0,0.0,0.0,0.0,51.0
2012-01-01,강남구,12.0,117.0,9.0,219.0,10.0,16.0,479.0,0.0,0.0,270.0,0.0,0.0,1.0,198.0
2012-01-01,강동구,0.0,34.0,3.0,58.0,6.0,8.0,200.0,0.0,0.0,99.0,0.0,0.0,0.0,3.0
2012-01-01,강북구,0.0,31.0,1.0,44.0,66.0,0.0,86.0,0.0,0.0,79.0,0.0,0.0,0.0,61.0
2012-01-01,강서구,3.0,211.0,9.0,136.0,9.0,33.0,504.0,0.0,0.0,333.0,0.0,0.0,0.0,39.0
2012-01-01,관악구,0.0,30.0,4.0,122.0,156.0,0.0,320.0,0.0,0.0,296.0,0.0,0.0,1.0,56.0
2012-01-01,광진구,0.0,54.0,8.0,35.0,31.0,42.0,154.0,0.0,0.0,161.0,0.0,0.0,0.0,48.0
2012-01-01,구로구,0.0,29.0,1.0,71.0,3.0,2.0,256.0,0.0,0.0,193.0,0.0,0.0,0.0,29.0
2012-01-01,금천구,12.0,39.0,5.0,47.0,19.0,0.0,111.0,0.0,0.0,96.0,0.0,0.0,0.0,5.0
2012-01-01,노원구,0.0,77.0,5.0,285.0,147.0,0.0,364.0,0.0,0.0,400.0,0.0,0.0,1.0,40.0
2012-01-01,도봉구,2.0,37.0,8.0,71.0,179.0,0.0,169.0,0.0,0.0,155.0,0.0,0.0,1.0,65.0
2012-01-01,동대문구,2.0,47.0,4.0,52.0,0.0,0.0,291.0,0.0,0.0,120.0,0.0,0.0,0.0,106.0
2012-01-01,동작구,0.0,42.0,8.0,87.0,3.0,13.0,160.0,0.0,0.0,118.0,0.0,0.0,0.0,75.0
2012-01-01,마포구,8.0,130.0,4.0,108.0,0.0,52.0,296.0,0.0,0.0,271.0,0.0,0.0,4.0,12.0
2012-01-01,서대문구,0.0,147.0,5.0,75.0,18.0,0.0,208.0,0.0,0.0,187.0,0.0,0.0,0.0,204.0
2012-01-01,서초구,1.0,54.0,1.0,57.0,31.0,10.0,261.0,0.0,0.0,95.0,0.0,0.0,0.0,35.0
2012-01-01,성동구,0.0,49.0,7.0,30.0,1.0,16.0,137.0,0.0,0.0,63.0,0.0,0.0,0.0,79.0
2012-01-01,성북구,0.0,37.0,4.0,140.0,25.0,0.0,271.0,0.0,0.0,204.0,0.0,0.0,0.0,77.0
2012-01-01,송파구,0.0,90.0,27.0,101.0,17.0,26.0,381.0,0.0,0.0,207.0,0.0,0.0,2.0,939.0
2012-01-01,양천구,1.0,28.0,5.0,71.0,4.0,3.0,212.0,0.0,0.0,177.0,0.0,0.0,1.0,110.0
2012-01-01,영등포구,0.0,98.0,6.0,142.0,0.0,110.0,482.0,0.0,0.0,177.0,0.0,0.0,0.0,556.0
2012-01-01,용산구,1.0,86.0,2.0,83.0,0.0,94.0,150.0,0.0,0.0,140.0,0.0,0.0,0.0,106.0
2012-01-01,은평구,0.0,60.0,8.0,303.0,119.0,0.0,243.0,0.0,0.0,182.0,0.0,0.0,0.0,13.0
2012-01-01,종로구,0.0,53.0,14.0,59.0,85.0,0.0,263.0,0.0,0.0,85.0,0.0,0.0,0.0,46.0
2012-01-01,중구,3.0,25.0,7.0,158.0,0.0,4.0,224.0,0.0,0.0,115.0,0.0,0.0,0.0,18.0
2012-01-01,중랑구,1.0,61.0,2.0,65.0,39.0,2.0,200.0,0.0,0.0,157.0,0.0,0.0,0.0,44.0
2013-01-01,강남구,0.0,106.0,7.0,205.0,10.0,28.0,379.0,0.0,0.0,264.0,0.0,0.0,0.0,29.0
2013-01-01,강동구,1.0,42.0,3.0,58.0,6.0,17.0,371.0,0.0,0.0,176.0,0.0,0.0,0.0,248.0
2013-01-01,강북구,0.0,28.0,5.0,44.0,84.0,0.0,114.0,0.0,0.0,90.0,0.0,0.0,0.0,48.0
2013-01-01,강서구,6.0,407.0,11.0,156.0,6.0,29.0,488.0,0.0,0.0,331.0,0.0,0.0,0.0,118.0
2013-01-01,관악구,1.0,21.0,3.0,70.0,176.0,0.0,129.0,0.0,0.0,207.0,0.0,0.0,0.0,178.0
2013-01-01,광진구,0.0,45.0,4.0,88.0,45.0,50.0,122.0,0.0,0.0,140.0,0.0,0.0,0.0,74.0
2013-01-01,구로구,0.0,72.0,3.0,97.0,1.0,0.0,253.0,0.0,0.0,217.0,0.0,0.0,0.0,66.0
2013-01-01,금천구,0.0,52.0,7.0,35.0,18.0,1.0,113.0,0.0,0.0,98.0,0.0,0.0,2.0,15.0
2013-01-01,노원구,0.0,67.0,12.0,262.0,154.0,2.0,317.0,0.0,0.0,358.0,0.0,0.0,1.0,15.0
2013-01-01,도봉구,0.0,32.0,15.0,72.0,238.0,1.0,234.0,0.0,0.0,187.0,0.0,0.0,0.0,0.0
2013-01-01,동대문구,2.0,49.0,9.0,77.0,4.0,1.0,186.0,0.0,0.0,144.0,0.0,0.0,2.0,5.0
2013-01-01,동작구,43.0,73.0,9.0,919.0,1.0,12.0,318.0,0.0,0.0,380.0,0.0,0.0,0.0,87.0
2013-01-01,마포구,0.0,178.0,4.0,138.0,2.0,108.0,322.0,0.0,0.0,233.0,0.0,0.0,0.0,98.0
2013-01-01,서대문구,0.0,103.0,6.0,99.0,18.0,0.0,156.0,0.0,0.0,111.0,0.0,0.0,0.0,50.0
2013-01-01,서초구,0.0,99.0,5.0,73.0,49.0,25.0,335.0,0.0,0.0,173.0,0.0,0.0,0.0,34.0
2013-01-01,성동구,0.0,37.0,4.0,37.0,2.0,22.0,99.0,0.0,0.0,35.0,0.0,0.0,0.0,33.0
2013-01-01,성북구,0.0,71.0,6.0,107.0,17.0,0.0,272.0,0.0,0.0,210.0,0.0,0.0,0.0,99.0
2013-01-01,송파구,6.0,161.0,7.0,124.0,9.0,27.0,360.0,0.0,0.0,226.0,0.0,0.0,31.0,1245.0
2013-01-01,양천구,0.0,52.0,7.0,78.0,2.0,1.0,272.0,0.0,0.0,178.0,0.0,0.0,2.0,220.0
2013-01-01,영등포구,0.0,114.0,8.0,135.0,0.0,253.0,294.0,0.0,0.0,190.0,0.0,0.0,0.0,147.0
2013-01-01,용산구,0.0,99.0,8.0,68.0,1.0,85.0,122.0,0.0,0.0,118.0,0.0,0.0,0.0,23.0
2013-01-01,은평구,1.0,43.0,9.0,402.0,117.0,0.0,335.0,0.0,0.0,286.0,0.0,0.0,0.0,56.0
2013-01-01,종로구,2.0,77.0,6.0,63.0,92.0,0.0,184.0,0.0,0.0,84.0,0.0,0.0,0.0,60.0
2013-01-01,중구,2.0,48.0,26.0,100.0,1.0,0.0,173.0,0.0,0.0,84.0,0.0,0.0,0.0,109.0
2013-01-01,중랑구,0.0,61.0,6.0,75.0,36.0,2.0,190.0,0.0,0.0,112.0,0.0,0.0,0.0,83.0
2014-01-01,강남구,1.0,130.0,4.0,250.0,23.0,44.0,352.0,0.0,0.0,360.0,0.0,0.0,0.0,131.0
2014-01-01,강동구,2.0,69.0,4.0,85.0,6.0,34.0,203.0,0.0,0.0,177.0,0.0,0.0,0.0,126.0
2014-01-01,강북구,0.0,44.0,3.0,49.0,110.0,0.0,150.0,0.0,0.0,110.0,0.0,0.0,0.0,45.0
2014-01-01,강서구,0.0,227.0,9.0,134.0,8.0,35.0,362.0,0.0,0.0,395.0,0.0,0.0,0.0,136.0
2014-01-01,관악구,0.0,35.0,7.0,101.0,127.0,0.0,159.0,0.0,0.0,210.0,0.0,0.0,0.0,29.0
2014-01-01,광진구,0.0,68.0,3.0,151.0,41.0,53.0,145.0,0.0,0.0,214.0,0.0,0.0,0.0,150.0
2014-01-01,구로구,0.0,94.0,10.0,118.0,5.0,0.0,255.0,0.0,0.0,251.0,0.0,0.0,0.0,96.0
2014-01-01,금천구,0.0,75.0,4.0,36.0,27.0,0.0,100.0,0.0,0.0,90.0,0.0,0.0,1.0,10.0
2014-01-01,노원구,0.0,81.0,14.0,177.0,146.0,0.0,497.0,0.0,0.0,342.0,0.0,0.0,0.0,11.0
2014-01-01,도봉구,1.0,48.0,3.0,98.0,194.0,0.0,143.0,0.0,0.0,252.0,0.0,0.0,0.0,47.0
2014-01-01,동대문구,0.0,60.0,5.0,157.0,1.0,4.0,362.0,0.0,0.0,268.0,0.0,0.0,0.0,42.0
2014-01-01,동작구,0.0,45.0,7.0,127.0,4.0,20.0,214.0,0.0,0.0,220.0,0.0,0.0,0.0,34.0
2014-01-01,마포구,0.0,107.0,14.0,131.0,2.0,157.0,297.0,0.0,0.0,261.0,0.0,0.0,0.0,34.0
2014-01-01,서대문구,0.0,130.0,7.0,83.0,39.0,0.0,119.0,0.0,0.0,114.0,0.0,0.0,1.0,107.0
2014-01-01,서초구,0.0,156.0,7.0,104.0,47.0,37.0,256.0,0.0,0.0,198.0,0.0,0.0,0.0,54.0
2014-01-01,성동구,0.0,686.0,10.0,86.0,0.0,55.0,83.0,0.0,0.0,72.0,0.0,0.0,0.0,35.0
2014-01-01,성북구,0.0,17.0,2.0,94.0,22.0,0.0,155.0,0.0,0.0,174.0,0.0,0.0,0.0,104.0
2014-01-01,송파구,1.0,135.0,20.0,113.0,22.0,39.0,249.0,0.0,0.0,286.0,0.0,0.0,0.0,426.0
2014-01-01,양천구,0.0,33.0,5.0,99.0,2.0,1.0,169.0,0.0,0.0,163.0,0.0,0.0,0.0,371.0
2014-01-01,영등포구,2.0,108.0,12.0,153.0,0.0,448.0,324.0,0.0,0.0,225.0,0.0,0.0,1.0,216.0
2014-01-01,용산구,0.0,91.0,3.0,88.0,2.0,133.0,122.0,0.0,0.0,163.0,0.0,0.0,0.0,21.0
2014-01-01,은평구,0.0,53.0,12.0,175.0,180.0,0.0,132.0,0.0,0.0,199.0,0.0,0.0,8.0,51.0
2014-01-01,종로구,0.0,49.0,15.0,65.0,128.0,0.0,161.0,0.0,0.0,84.0,0.0,0.0,0.0,20.0
2014-01-01,중구,0.0,56.0,9.0,62.0,1.0,0.0,183.0,0.0,0.0,114.0,0.0,0.0,1.0,255.0
2014-01-01,중랑구,1.0,39.0,9.0,71.0,57.0,2.0,171.0,0.0,0.0,110.0,0.0,0.0,0.0,54.0
2015-01-01,강남구,10.0,187.0,12.0,543.0,9.0,38.0,485.0,0.0,0.0,119.0,0.0,0.0,0.0,111.0
2015-01-01,강동구,0.0,72.0,9.0,232.0,2.0,28.0,206.0,0.0,0.0,73.0,0.0,0.0,0.0,15.0
2015-01-01,강북구,0.0,40.0,7.0,128.0,86.0,0.0,95.0,0.0,0.0,60.0,0.0,0.0,0.0,24.0
2015-01-01,강서구,4.0,138.0,11.0,434.0,8.0,16.0,242.0,0.0,0.0,90.0,0.0,0.0,0.0,8.0
2015-01-01,관악구,2.0,49.0,4.0,915.0,184.0,2.0,203.0,0.0,0.0,162.0,0.0,0.0,0.0,39.0
2015-01-01,광진구,0.0,74.0,5.0,329.0,49.0,75.0,200.0,0.0,0.0,63.0,0.0,0.0,0.0,55.0
2015-01-01,구로구,0.0,34.0,10.0,220.0,4.0,1.0,285.0,0.0,0.0,143.0,0.0,0.0,0.0,20.0
2015-01-01,금천구,6.0,15.0,7.0,82.0,18.0,0.0,103.0,0.0,0.0,58.0,0.0,0.0,0.0,2.0
2015-01-01,노원구,0.0,55.0,15.0,296.0,145.0,4.0,342.0,0.0,0.0,103.0,0.0,0.0,0.0,27.0
2015-01-01,도봉구,1.0,29.0,8.0,290.0,221.0,0.0,236.0,0.0,0.0,89.0,0.0,0.0,0.0,34.0
2015-01-01,동대문구,1.0,54.0,3.0,171.0,1.0,2.0,203.0,0.0,0.0,88.0,0.0,0.0,0.0,23.0
2015-01-01,동작구,65.0,31.0,9.0,181.0,3.0,21.0,195.0,0.0,0.0,110.0,0.0,0.0,0.0,17.0
2015-01-01,마포구,5.0,110.0,11.0,318.0,1.0,131.0,273.0,0.0,0.0,106.0,0.0,0.0,0.0,33.0
2015-01-01,서대문구,2.0,66.0,7.0,120.0,35.0,0.0,140.0,0.0,0.0,101.0,0.0,0.0,1.0,23.0
2015-01-01,서초구,0.0,123.0,4.0,224.0,64.0,41.0,230.0,0.0,0.0,102.0,0.0,0.0,0.0,27.0
2015-01-01,성동구,0.0,50.0,6.0,111.0,0.0,32.0,169.0,0.0,0.0,38.0,0.0,0.0,0.0,23.0
2015-01-01,성북구,0.0,30.0,6.0,185.0,23.0,0.0,126.0,0.0,0.0,101.0,0.0,0.0,0.0,7.0
2015-01-01,송파구,0.0,114.0,10.0,308.0,9.0,54.0,191.0,0.0,0.0,68.0,0.0,0.0,0.0,42.0
2015-01-01,양천구,0.0,43.0,2.0,235.0,1.0,0.0,275.0,0.0,0.0,111.0,0.0,0.0,0.0,48.0
2015-01-01,영등포구,4.0,157.0,4.0,411.0,0.0,344.0,439.0,0.0,0.0,91.0,0.0,0.0,0.0,75.0
2015-01-01,용산구,3.0,94.0,1.0,284.0,3.0,110.0,187.0,0.0,0.0,30.0,0.0,0.0,0.0,53.0
2015-01-01,은평구,1.0,46.0,10.0,316.0,186.0,0.0,193.0,0.0,0.0,81.0,0.0,0.0,0.0,7.0
2015-01-01,종로구,0.0,59.0,5.0,230.0,109.0,0.0,214.0,0.0,0.0,55.0,0.0,0.0,3.0,5.0
2015-01-01,중구,1.0,97.0,19.0,213.0,3.0,0.0,265.0,0.0,0.0,38.0,0.0,0.0,1.0,51.0
2015-01-01,중랑구,0.0,30.0,1.0,163.0,26.0,0.0,177.0,0.0,0.0,46.0,0.0,0.0,0.0,23.0
2016-01-01,강남구,3.0,92.0,20.0,222.0,9.0,40.0,401.0,0.0,0.0,350.0,0.0,0.0,0.0,70.0
2016-01-01,강동구,5.0,68.0,4.0,101.0,0.0,27.0,345.0,0.0,0.0,254.0,0.0,0.0,0.0,17.0
2016-01-01,강북구,1.0,13.0,7.0,75.0,102.0,0.0,147.0,0.0,0.0,173.0,0.0,0.0,0.0,4.0
2016-01-01,강서구,7.0,126.0,7.0,111.0,4.0,47.0,430.0,0.0,0.0,268.0,0.0,0.0,0.0,63.0
2016-01-01,관악구,1.0,39.0,4.0,322.0,173.0,0.0,354.0,0.0,0.0,342.0,0.0,0.0,0.0,101.0
2016-01-01,광진구,0.0,111.0,8.0,142.0,44.0,41.0,265.0,0.0,0.0,240.0,0.0,0.0,0.0,75.0
2016-01-01,구로구,0.0,45.0,5.0,73.0,3.0,2.0,265.0,0.0,0.0,184.0,0.0,0.0,0.0,22.0
2016-01-01,금천구,0.0,35.0,4.0,46.0,17.0,0.0,154.0,0.0,0.0,107.0,0.0,0.0,1.0,7.0
2016-01-01,노원구,1.0,104.0,7.0,233.0,123.0,11.0,557.0,0.0,0.0,514.0,0.0,0.0,0.0,33.0
2016-01-01,도봉구,1.0,46.0,7.0,358.0,180.0,2.0,156.0,0.0,0.0,242.0,0.0,0.0,0.0,41.0
2016-01-01,동대문구,0.0,44.0,8.0,140.0,2.0,0.0,284.0,0.0,0.0,257.0,0.0,0.0,0.0,43.0
2016-01-01,동작구,0.0,75.0,11.0,77.0,2.0,12.0,223.0,0.0,0.0,203.0,0.0,0.0,0.0,18.0
2016-01-01,마포구,0.0,119.0,5.0,160.0,1.0,122.0,311.0,0.0,0.0,290.0,0.0,0.0,1.0,24.0
2016-01-01,서대문구,5.0,76.0,6.0,98.0,23.0,1.0,258.0,0.0,0.0,193.0,0.0,0.0,0.0,7.0
2016-01-01,서초구,1.0,90.0,14.0,129.0,38.0,30.0,339.0,0.0,0.0,140.0,0.0,0.0,0.0,58.0
2016-01-01,성동구,1.0,309.0,8.0,80.0,0.0,69.0,182.0,0.0,0.0,144.0,0.0,0.0,2.0,60.0
2016-01-01,성북구,0.0,44.0,6.0,141.0,22.0,0.0,189.0,0.0,0.0,191.0,0.0,0.0,0.0,29.0
2016-01-01,송파구,0.0,81.0,9.0,129.0,5.0,65.0,270.0,0.0,0.0,309.0,0.0,0.0,4.0,32.0
2016-01-01,양천구,5.0,39.0,9.0,96.0,0.0,3.0,437.0,0.0,0.0,167.0,0.0,0.0,0.0,5.0
2016-01-01,영등포구,6.0,104.0,9.0,180.0,0.0,329.0,511.0,0.0,0.0,290.0,0.0,0.0,0.0,66.0
2016-01-01,용산구,0.0,120.0,5.0,109.0,0.0,92.0,175.0,0.0,0.0,194.0,0.0,0.0,0.0,79.0
2016-01-01,은평구,0.0,42.0,10.0,117.0,196.0,1.0,176.0,0.0,0.0,307.0,0.0,0.0,0.0,22.0
2016-01-01,종로구,6.0,52.0,8.0,356.0,131.0,0.0,287.0,0.0,0.0,135.0,0.0,0.0,1.0,18.0
2016-01-01,중구,0.0,48.0,16.0,98.0,0.0,0.0,200.0,0.0,0.0,149.0,0.0,0.0,0.0,10.0
2016-01-01,중랑구,2.0,38.0,6.0,77.0,39.0,0.0,191.0,0.0,0.0,190.0,0.0,0.0,0.0,128.0
2017-01-01,강남구,6.0,169.0,8.0,268.0,8.0,32.0,580.0,0.0,0.0,337.0,0.0,0.0,0.0,36.0
2017-01-01,강동구,0.0,58.0,3.0,158.0,2.0,26.0,356.0,0.0,0.0,301.0,0.0,0.0,0.0,13.0
2017-01-01,강북구,1.0,25.0,5.0,90.0,56.0,0.0,199.0,0.0,0.0,148.0,0.0,0.0,0.0,17.0
2017-01-01,강서구,0.0,97.0,4.0,116.0,6.0,21.0,407.0,0.0,0.0,286.0,0.0,0.0,0.0,27.0
2017-01-01,관악구,0.0,64.0,3.0,288.0,202.0,4.0,346.0,0.0,0.0,348.0,0.0,0.0,0.0,48.0
2017-01-01,광진구,3.0,113.0,3.0,165.0,34.0,59.0,294.0,0.0,0.0,282.0,0.0,0.0,0.0,68.0
2017-01-01,구로구,1.0,57.0,7.0,125.0,3.0,1.0,389.0,0.0,0.0,256.0,0.0,0.0,0.0,62.0
2017-01-01,금천구,0.0,26.0,5.0,40.0,24.0,0.0,182.0,0.0,0.0,119.0,0.0,0.0,1.0,33.0
2017-01-01,노원구,1.0,108.0,4.0,274.0,77.0,5.0,663.0,0.0,0.0,467.0,0.0,0.0,0.0,85.0
2017-01-01,도봉구,2.0,59.0,0.0,367.0,201.0,3.0,212.0,0.0,0.0,234.0,0.0,0.0,0.0,46.0
2017-01-01,동대문구,0.0,80.0,5.0,104.0,4.0,0.0,365.0,0.0,0.0,222.0,0.0,0.0,0.0,31.0
2017-01-01,동작구,0.0,90.0,7.0,88.0,3.0,28.0,158.0,0.0,0.0,178.0,0.0,0.0,0.0,39.0
2017-01-01,마포구,0.0,111.0,2.0,201.0,0.0,128.0,533.0,0.0,0.0,258.0,0.0,0.0,0.0,26.0
2017-01-01,서대문구,0.0,62.0,2.0,107.0,21.0,1.0,244.0,0.0,0.0,158.0,0.0,0.0,0.0,35.0
2017-01-01,서초구,0.0,85.0,5.0,126.0,33.0,30.0,398.0,0.0,0.0,167.0,0.0,0.0,0.0,48.0
2017-01-01,성동구,2.0,89.0,10.0,127.0,0.0,33.0,233.0,0.0,0.0,165.0,0.0,0.0,0.0,60.0
2017-01-01,성북구,0.0,81.0,3.0,117.0,28.0,0.0,271.0,0.0,0.0,197.0,0.0,0.0,0.0,20.0
2017-01-01,송파구,0.0,161.0,146.0,136.0,8.0,44.0,369.0,0.0,0.0,236.0,0.0,0.0,0.0,77.0
2017-01-01,양천구,0.0,39.0,0.0,89.0,0.0,2.0,439.0,0.0,0.0,200.0,0.0,0.0,0.0,100.0
2017-01-01,영등포구,0.0,186.0,13.0,341.0,0.0,274.0,376.0,0.0,0.0,327.0,0.0,0.0,0.0,134.0
2017-01-01,용산구,0.0,60.0,1.0,110.0,0.0,125.0,357.0,0.0,0.0,163.0,0.0,0.0,0.0,29.0
2017-01-01,은평구,0.0,50.0,2.0,107.0,128.0,0.0,276.0,0.0,0.0,267.0,0.0,0.0,0.0,16.0
2017-01-01,종로구,10.0,44.0,5.0,200.0,106.0,9.0,151.0,0.0,0.0,110.0,0.0,0.0,0.0,8.0
2017-01-01,중구,0.0,37.0,7.0,79.0,0.0,0.0,432.0,0.0,0.0,130.0,0.0,0.0,0.0,17.0
2017-01-01,중랑구,0.0,45.0,5.0,91.0,29.0,2.0,234.0,0.0,0.0,178.0,0.0,0.0,0.0,108.0
2018-01-01,강남구,0.0,53.0,6.0,167.0,4.0,28.0,467.0,0.0,0.0,268.0,0.0,0.0,0.0,42.0
2018-01-01,강동구,0.0,53.0,5.0,129.0,5.0,39.0,359.0,0.0,0.0,171.0,0.0,0.0,0.0,25.0
2018-01-01,강북구,0.0,15.0,1.0,67.0,80.0,0.0,180.0,0.0,0.0,113.0,0.0,0.0,0.0,12.0
2018-01-01,강서구,0.0,72.0,3.0,116.0,3.0,19.0,364.0,0.0,0.0,243.0,0.0,0.0,0.0,25.0
2018-01-01,관악구,1.0,43.0,5.0,125.0,188.0,1.0,313.0,0.0,0.0,272.0,0.0,0.0,0.0,40.0
2018-01-01,광진구,0.0,40.0,4.0,120.0,31.0,61.0,176.0,0.0,0.0,202.0,0.0,0.0,1.0,82.0
2018-01-01,구로구,3.0,28.0,6.0,77.0,8.0,0.0,434.0,0.0,0.0,194.0,0.0,0.0,0.0,17.0
2018-01-01,금천구,0.0,23.0,11.0,38.0,24.0,0.0,180.0,0.0,0.0,100.0,0.0,0.0,0.0,33.0
2018-01-01,노원구,0.0,82.0,3.0,126.0,93.0,11.0,464.0,0.0,0.0,235.0,0.0,0.0,0.0,40.0
2018-01-01,도봉구,0.0,30.0,1.0,465.0,168.0,2.0,245.0,0.0,0.0,219.0,0.0,0.0,0.0,47.0
2018-01-01,동대문구,0.0,58.0,4.0,107.0,4.0,1.0,340.0,0.0,0.0,188.0,0.0,0.0,0.0,10.0
2018-01-01,동작구,1.0,26.0,3.0,77.0,3.0,28.0,239.0,0.0,0.0,176.0,0.0,0.0,0.0,14.0
2018-01-01,마포구,0.0,48.0,2.0,135.0,0.0,142.0,297.0,0.0,0.0,184.0,0.0,0.0,0.0,12.0
2018-01-01,서대문구,0.0,72.0,7.0,138.0,28.0,0.0,186.0,0.0,0.0,174.0,0.0,0.0,0.0,25.0
2018-01-01,서초구,0.0,76.0,1.0,115.0,28.0,13.0,350.0,0.0,0.0,121.0,0.0,0.0,0.0,41.0
2018-01-01,성동구,0.0,56.0,7.0,96.0,0.0,29.0,253.0,0.0,0.0,151.0,0.0,0.0,0.0,12.0
2018-01-01,성북구,0.0,34.0,3.0,62.0,27.0,1.0,162.0,0.0,0.0,118.0,0.0,0.0,0.0,6.0
2018-01-01,송파구,0.0,89.0,9.0,157.0,2.0,47.0,372.0,0.0,0.0,202.0,0.0,0.0,0.0,38.0
2018-01-01,양천구,0.0,20.0,1.0,69.0,2.0,0.0,351.0,0.0,0.0,91.0,0.0,0.0,0.0,13.0
2018-01-01,영등포구,0.0,102.0,8.0,305.0,0.0,364.0,511.0,0.0,0.0,292.0,0.0,0.0,0.0,72.0
2018-01-01,용산구,0.0,25.0,1.0,120.0,0.0,103.0,193.0,0.0,0.0,92.0,0.0,0.0,0.0,24.0
2018-01-01,은평구,0.0,24.0,1.0,86.0,171.0,0.0,216.0,0.0,0.0,233.0,0.0,0.0,0.0,14.0
2018-01-01,종로구,0.0,28.0,4.0,114.0,77.0,0.0,181.0,0.0,0.0,84.0,0.0,0.0,0.0,26.0
2018-01-01,중구,0.0,24.0,11.0,115.0,2.0,0.0,351.0,0.0,0.0,147.0,0.0,0.0,0.0,38.0
2018-01-01,중랑구,1.0,36.0,5.0,80.0,18.0,6.0,163.0,0.0,0.0,152.0,0.0,0.0,0.0,35.0
2019-01-01,강남구,0.0,29.0,1.0,174.0,8.0,71.0,434.0,0.0,0.0,226.0,0.0,0.0,0.0,7.0
2019-01-01,강동구,0.0,47.0,2.0,67.0,5.0,54.0,255.0,0.0,0.0,140.0,0.0,0.0,0.0,61.0
2019-01-01,강북구,0.0,6.0,0.0,71.0,77.0,1.0,100.0,0.0,0.0,108.0,0.0,0.0,0.0,4.0
2019-01-01,강서구,0.0,34.0,3.0,74.0,1.0,26.0,139.0,0.0,0.0,109.0,0.0,0.0,0.0,6.0
2019-01-01,관악구,0.0,32.0,0.0,114.0,164.0,4.0,192.0,0.0,0.0,285.0,0.0,0.0,0.0,32.0
2019-01-01,광진구,0.0,34.0,2.0,92.0,28.0,89.0,182.0,0.0,0.0,179.0,0.0,0.0,0.0,29.0
2019-01-01,구로구,0.0,66.0,3.0,74.0,1.0,0.0,304.0,0.0,0.0,166.0,0.0,0.0,0.0,17.0
2019-01-01,금천구,0.0,81.0,7.0,54.0,21.0,0.0,219.0,0.0,0.0,81.0,0.0,0.0,0.0,23.0
2019-01-01,노원구,0.0,39.0,2.0,123.0,78.0,4.0,277.0,0.0,0.0,234.0,0.0,0.0,0.0,43.0
2019-01-01,도봉구,0.0,522.0,2.0,299.0,103.0,1.0,270.0,0.0,0.0,191.0,0.0,0.0,0.0,89.0
2019-01-01,동대문구,0.0,28.0,3.0,75.0,3.0,0.0,222.0,0.0,0.0,158.0,0.0,0.0,0.0,26.0
2019-01-01,동작구,0.0,23.0,4.0,67.0,13.0,66.0,190.0,0.0,0.0,152.0,0.0,0.0,0.0,9.0
2019-01-01,마포구,0.0,74.0,5.0,194.0,3.0,242.0,246.0,0.0,0.0,203.0,0.0,0.0,0.0,18.0
2019-01-01,서대문구,0.0,44.0,2.0,112.0,16.0,1.0,130.0,0.0,0.0,161.0,0.0,0.0,0.0,9.0
2019-01-01,서초구,0.0,46.0,3.0,77.0,12.0,84.0,260.0,0.0,0.0,89.0,0.0,0.0,0.0,36.0
2019-01-01,성동구,0.0,50.0,1.0,102.0,0.0,46.0,246.0,0.0,0.0,151.0,0.0,0.0,0.0,15.0
2019-01-01,성북구,0.0,17.0,4.0,78.0,20.0,2.0,147.0,0.0,0.0,106.0,0.0,0.0,0.0,19.0
2019-01-01,송파구,0.0,52.0,2.0,117.0,10.0,66.0,285.0,0.0,0.0,183.0,0.0,0.0,0.0,19.0
2019-01-01,양천구,0.0,32.0,3.0,55.0,3.0,11.0,229.0,0.0,0.0,92.0,0.0,0.0,0.0,13.0
2019-01-01,영등포구,0.0,172.0,0.0,412.0,0.0,506.0,430.0,0.0,0.0,272.0,0.0,0.0,1.0,107.0
2019-01-01,용산구,0.0,32.0,2.0,123.0,0.0,205.0,177.0,0.0,0.0,85.0,0.0,0.0,0.0,15.0
2019-01-01,은평구,0.0,36.0,4.0,74.0,219.0,0.0,166.0,0.0,0.0,166.0,0.0,0.0,0.0,24.0
2019-01-01,종로구,0.0,22.0,1.0,69.0,86.0,0.0,130.0,0.0,0.0,97.0,0.0,0.0,2.0,14.0
2019-01-01,중구,0.0,22.0,8.0,77.0,1.0,1.0,240.0,0.0,0.0,106.0,0.0,0.0,2.0,21.0
2019-01-01,중랑구,0.0,32.0,1.0,84.0,15.0,1.0,192.0,0.0,0.0,153.0,0.0,0.0,0.0,16.0
2020-01-01,강남구,0.0,33.0,0.0,154.0,13.0,76.0,286.0,0.0,0.0,204.0,0.0,0.0,0.0,43.0
2020-01-01,강동구,0.0,26.0,3.0,66.0,5.0,34.0,153.0,0.0,0.0,76.0,0.0,0.0,0.0,11.0
2020-01-01,강북구,8.0,8.0,0.0,43.0,88.0,0.0,63.0,0.0,0.0,92.0,0.0,0.0,0.0,16.0
2020-01-01,강서구,0.0,18.0,0.0,46.0,5.0,27.0,107.0,0.0,0.0,88.0,0.0,0.0,0.0,2.0
2020-01-01,관악구,0.0,27.0,1.0,87.0,214.0,10.0,170.0,0.0,0.0,185.0,0.0,0.0,0.0,8.0
2020-01-01,광진구,0.0,35.0,1.0,64.0,34.0,109.0,72.0,0.0,0.0,106.0,0.0,0.0,0.0,4.0
2020-01-01,구로구,0.0,18.0,2.0,43.0,6.0,2.0,198.0,0.0,0.0,110.0,0.0,0.0,1.0,12.0
2020-01-01,금천구,0.0,27.0,0.0,30.0,19.0,0.0,91.0,0.0,0.0,78.0,0.0,0.0,0.0,3.0
2020-01-01,노원구,0.0,29.0,0.0,67.0,122.0,3.0,160.0,0.0,0.0,140.0,0.0,0.0,1.0,53.0
2020-01-01,도봉구,0.0,44.0,0.0,60.0,158.0,4.0,154.0,0.0,0.0,98.0,0.0,0.0,0.0,28.0
2020-01-01,동대문구,0.0,22.0,1.0,76.0,7.0,1.0,150.0,0.0,0.0,108.0,0.0,0.0,0.0,9.0
2020-01-01,동작구,0.0,22.0,1.0,48.0,18.0,85.0,133.0,0.0,0.0,104.0,0.0,0.0,0.0,2.0
2020-01-01,마포구,0.0,60.0,1.0,166.0,2.0,264.0,194.0,0.0,0.0,153.0,0.0,0.0,0.0,17.0
2020-01-01,서대문구,1.0,16.0,1.0,62.0,31.0,1.0,75.0,0.0,0.0,119.0,0.0,0.0,0.0,24.0
2020-01-01,서초구,0.0,24.0,1.0,90.0,27.0,98.0,181.0,0.0,0.0,77.0,0.0,0.0,0.0,16.0
2020-01-01,성동구,0.0,18.0,2.0,67.0,1.0,63.0,90.0,0.0,0.0,92.0,0.0,0.0,0.0,27.0
2020-01-01,성북구,0.0,23.0,1.0,53.0,19.0,2.0,131.0,0.0,0.0,92.0,0.0,0.0,0.0,2.0
2020-01-01,송파구,0.0,32.0,8.0,94.0,5.0,95.0,225.0,0.0,0.0,151.0,0.0,0.0,1.0,15.0
2020-01-01,양천구,0.0,10.0,2.0,24.0,2.0,0.0,147.0,0.0,0.0,53.0,0.0,0.0,0.0,1.0
2020-01-01,영등포구,3.0,43.0,2.0,235.0,0.0,422.0,308.0,0.0,0.0,166.0,0.0,0.0,0.0,20.0
2020-01-01,용산구,0.0,20.0,0.0,50.0,1.0,210.0,69.0,0.0,0.0,35.0,0.0,0.0,0.0,7.0
2020-01-01,은평구,0.0,24.0,1.0,68.0,163.0,10.0,159.0,0.0,0.0,143.0,0.0,0.0,0.0,10.0
2020-01-01,종로구,0.0,15.0,2.0,52.0,121.0,0.0,119.0,0.0,0.0,65.0,0.0,0.0,0.0,5.0
2020-01-01,중구,0.0,34.0,4.0,56.0,0.0,0.0,101.0,0.0,0.0,55.0,0.0,0.0,0.0,131.0
2020-01-01,중랑구,0.0,28.0,2.0,74.0,29.0,2.0,121.0,0.0,0.0,96.0,0.0,0.0,0.0,10.0
2021-01-01,강남구,0.0,51.0,4.0,246.0,18.0,144.0,313.0,0.0,0.0,258.0,0.0,0.0,0.0,51.0
2021-01-01,강동구,0.0,16.0,1.0,55.0,0.0,26.0,127.0,0.0,0.0,73.0,0.0,0.0,0.0,9.0
2021-01-01,강북구,1.0,14.0,1.0,74.0,129.0,3.0,82.0,0.0,0.0,129.0,0.0,0.0,0.0,7.0
2021-01-01,강서구,0.0,10.0,2.0,48.0,10.0,24.0,143.0,0.0,0.0,86.0,0.0,0.0,0.0,11.0
2021-01-01,관악구,0.0,35.0,1.0,187.0,265.0,2.0,251.0,0.0,0.0,304.0,0.0,0.0,1.0,23.0
2021-01-01,광진구,0.0,23.0,4.0,120.0,78.0,152.0,64.0,0.0,0.0,144.0,0.0,0.0,1.0,21.0
2021-01-01,구로구,1.0,8.0,0.0,54.0,3.0,0.0,193.0,0.0,0.0,73.0,0.0,0.0,0.0,7.0
2021-01-01,금천구,0.0,20.0,0.0,58.0,23.0,0.0,66.0,0.0,0.0,73.0,0.0,0.0,0.0,1.0
2021-01-01,노원구,0.0,16.0,2.0,70.0,137.0,1.0,109.0,0.0,0.0,140.0,0.0,0.0,0.0,24.0
2021-01-01,도봉구,0.0,13.0,0.0,84.0,180.0,0.0,105.0,0.0,0.0,81.0,0.0,0.0,0.0,1.0
2021-01-01,동대문구,0.0,10.0,4.0,72.0,8.0,1.0,100.0,0.0,0.0,96.0,0.0,0.0,0.0,14.0
2021-01-01,동작구,0.0,11.0,0.0,60.0,8.0,76.0,115.0,0.0,0.0,90.0,0.0,0.0,0.0,13.0
2021-01-01,마포구,0.0,30.0,0.0,109.0,5.0,312.0,174.0,0.0,0.0,101.0,0.0,0.0,0.0,10.0
2021-01-01,서대문구,0.0,12.0,1.0,39.0,18.0,0.0,59.0,0.0,0.0,60.0,0.0,0.0,0.0,0.0
2021-01-01,서초구,0.0,19.0,1.0,72.0,28.0,141.0,168.0,0.0,0.0,53.0,0.0,0.0,0.0,12.0
2021-01-01,성동구,0.0,31.0,3.0,93.0,1.0,85.0,90.0,0.0,0.0,117.0,0.0,0.0,1.0,9.0
2021-01-01,성북구,2.0,11.0,1.0,60.0,23.0,1.0,100.0,0.0,0.0,78.0,0.0,0.0,0.0,40.0
2021-01-01,송파구,1.0,28.0,3.0,144.0,0.0,102.0,189.0,0.0,0.0,148.0,0.0,0.0,0.0,20.0
2021-01-01,양천구,0.0,7.0,2.0,34.0,4.0,0.0,130.0,0.0,0.0,49.0,0.0,0.0,0.0,10.0
2021-01-01,영등포구,0.0,44.0,2.0,127.0,0.0,693.0,337.0,0.0,0.0,172.0,0.0,0.0,0.0,29.0
2021-01-01,용산구,0.0,20.0,2.0,72.0,0.0,340.0,143.0,0.0,0.0,60.0,0.0,0.0,0.0,6.0
2021-01-01,은평구,0.0,11.0,1.0,56.0,167.0,0.0,119.0,0.0,0.0,113.0,0.0,0.0,0.0,11.0
2021-01-01,종로구,2.0,6.0,2.0,53.0,116.0,1.0,114.0,0.0,0.0,69.0,0.0,0.0,1.0,39.0
2021-01-01,중구,1.0,6.0,0.0,34.0,5.0,0.0,93.0,0.0,0.0,36.0,0.0,0.0,0.0,82.0
2021-01-01,중랑구,0.0,9.0,3.0,43.0,13.0,5.0,81.0,0.0,0.0,67.0,0.0,0.0,0.0,3.0
2022-01-01,강남구,3.0,34.0,32.0,490.0,32.0,95.0,447.0,0.0,0.0,253.0,0.0,0.0,0.0,51.0
2022-01-01,강동구,2.0,19.0,15.0,254.0,15.0,48.0,215.0,0.0,0.0,142.0,0.0,0.0,0.0,12.0
2022-01-01,강북구,1.0,16.0,18.0,280.0,55.0,2.0,212.0,0.0,0.0,101.0,0.0,0.0,0.0,13.0
2022-01-01,강서구,1.0,18.0,15.0,273.0,15.0,18.0,210.0,0.0,0.0,100.0,0.0,0.0,0.0,12.0
2022-01-01,관악구,3.0,32.0,34.0,433.0,176.0,4.0,375.0,0.0,0.0,214.0,0.0,0.0,0.0,37.0
2022-01-01,광진구,0.0,26.0,11.0,215.0,34.0,28.0,359.0,0.0,0.0,57.0,0.0,0.0,0.0,17.0
2022-01-01,구로구,1.0,17.0,15.0,269.0,14.0,2.0,204.0,0.0,0.0,97.0,0.0,0.0,0.0,12.0
2022-01-01,금천구,2.0,22.0,18.0,319.0,18.0,3.0,251.0,0.0,0.0,119.0,0.0,0.0,0.0,14.0
2022-01-01,노원구,1.0,22.0,17.0,275.0,67.0,2.0,218.0,0.0,0.0,104.0,0.0,0.0,0.0,13.0
2022-01-01,도봉구,3.0,11.0,15.0,188.0,181.0,1.0,145.0,0.0,0.0,69.0,0.0,0.0,0.0,16.0
2022-01-01,동대문구,1.0,14.0,13.0,239.0,13.0,22.0,183.0,0.0,0.0,103.0,0.0,0.0,0.0,12.0
2022-01-01,동작구,1.0,16.0,15.0,279.0,50.0,99.0,212.0,0.0,0.0,134.0,0.0,0.0,0.0,12.0
2022-01-01,마포구,3.0,19.0,19.0,249.0,26.0,319.0,234.0,0.0,0.0,111.0,0.0,0.0,0.0,18.0
2022-01-01,서대문구,1.0,19.0,12.0,226.0,22.0,2.0,172.0,0.0,0.0,83.0,0.0,0.0,0.0,14.0
2022-01-01,서초구,3.0,18.0,18.0,239.0,33.0,88.0,188.0,0.0,0.0,139.0,0.0,0.0,0.0,16.0
2022-01-01,성동구,1.0,14.0,15.0,227.0,22.0,32.0,173.0,0.0,0.0,98.0,0.0,0.0,0.0,11.0
2022-01-01,성북구,1.0,13.0,12.0,205.0,28.0,1.0,143.0,0.0,0.0,84.0,0.0,0.0,0.0,11.0
2022-01-01,송파구,2.0,24.0,23.0,405.0,41.0,65.0,262.0,0.0,0.0,164.0,0.0,0.0,0.0,18.0
2022-01-01,양천구,1.0,18.0,11.0,215.0,11.0,2.0,157.0,0.0,0.0,75.0,0.0,0.0,0.0,14.0
2022-01-01,영등포구,3.0,38.0,45.0,410.0,32.0,291.0,453.0,0.0,0.0,256.0,0.0,0.0,0.0,27.0
2022-01-01,용산구,1.0,24.0,13.0,544.0,0.0,59.0,352.0,0.0,0.0,85.0,0.0,0.0,0.0,18.0
2022-01-01,은평구,1.0,25.0,13.0,213.0,137.0,1.0,152.0,0.0,0.0,63.0,0.0,0.0,0.0,20.0
2022-01-01,종로구,2.0,21.0,20.0,84.0,59.0,0.0,388.0,0.0,0.0,60.0,0.0,0.0,0.0,13.0
2022-01-01,중구,0.0,12.0,12.0,38.0,0.0,0.0,186.0,0.0,0.0,37.0,0.0,0.0,0.0,11.0
2022-01-01,중랑구,1.0,12.0,11.0,218.0,11.0,2.0,164.0,0.0,0.0,94.0,0.0,0.0,0.0,12.0
2023-01-01,강남구,2.0,56.0,18.0,632.0,14.0,57.0,428.0,0.0,0.0,136.0,0.0,0.0,0.0,10.0
2023-01-01,강동구,1.0,33.0,21.0,270.0,9.0,10.0,256.0,0.0,0.0,59.0,0.0,0.0,0.0,18.0
2023-01-01,강북구,0.0,12.0,18.0,196.0,128.0,0.0,132.0,0.0,0.0,51.0,0.0,0.0,0.0,5.0
2023-01-01,강서구,0.0,53.0,18.0,202.0,10.0,21.0,229.0,0.0,0.0,78.0,0.0,0.0,0.0,13.0
2023-01-01,관악구,0.0,38.0,11.0,601.0,244.0,0.0,259.0,0.0,0.0,136.0,0.0,0.0,0.0,128.0
2023-01-01,광진구,0.0,35.0,9.0,200.0,50.0,41.0,144.0,0.0,0.0,87.0,0.0,0.0,0.0,16.0
2023-01-01,구로구,1.0,20.0,11.0,169.0,2.0,1.0,246.0,0.0,0.0,65.0,0.0,0.0,0.0,21.0
2023-01-01,금천구,0.0,23.0,8.0,230.0,20.0,2.0,179.0,0.0,0.0,73.0,0.0,0.0,0.0,5.0
2023-01-01,노원구,2.0,18.0,13.0,149.0,125.0,1.0,191.0,0.0,0.0,66.0,0.0,0.0,0.0,13.0
2023-01-01,도봉구,3.0,16.0,11.0,159.0,186.0,3.0,132.0,0.0,0.0,44.0,0.0,0.0,0.0,19.0
2023-01-01,동대문구,1.0,17.0,17.0,212.0,10.0,1.0,224.0,0.0,0.0,107.0,0.0,0.0,0.0,10.0
2023-01-01,동작구,0.0,8.0,5.0,245.0,11.0,49.0,223.0,0.0,0.0,78.0,0.0,0.0,0.0,36.0
2023-01-01,마포구,0.0,31.0,15.0,684.0,5.0,213.0,252.0,0.0,0.0,87.0,0.0,0.0,0.0,24.0
2023-01-01,서대문구,0.0,16.0,7.0,170.0,32.0,9.0,232.0,0.0,0.0,90.0,0.0,0.0,0.0,20.0
2023-01-01,서초구,1.0,32.0,13.0,397.0,37.0,62.0,232.0,0.0,0.0,74.0,0.0,0.0,0.0,18.0
2023-01-01,성동구,2.0,41.0,14.0,138.0,0.0,27.0,210.0,0.0,0.0,60.0,0.0,0.0,0.0,9.0
2023-01-01,성북구,2.0,19.0,13.0,242.0,22.0,0.0,167.0,0.0,0.0,109.0,0.0,0.0,0.0,10.0
2023-01-01,송파구,0.0,58.0,33.0,415.0,3.0,281.0,338.0,0.0,0.0,130.0,0.0,0.0,0.0,34.0
2023-01-01,양천구,0.0,21.0,6.0,225.0,3.0,0.0,209.0,0.0,0.0,27.0,0.0,0.0,0.0,2.0
2023-01-01,영등포구,2.0,67.0,18.0,657.0,0.0,131.0,409.0,0.0,0.0,130.0,0.0,0.0,0.0,36.0
2023-01-01,용산구,0.0,37.0,11.0,362.0,3.0,95.0,171.0,0.0,0.0,58.0,0.0,0.0,0.0,17.0
2023-01-01,은평구,3.0,44.0,22.0,262.0,218.0,1.0,210.0,0.0,0.0,111.0,0.0,0.0,0.0,17.0
2023-01-01,종로구,2.0,34.0,5.0,203.0,102.0,0.0,125.0,0.0,0.0,79.0,0.0,0.0,0.0,17.0
2023-01-01,중구,0.0,9.0,12.0,286.0,1.0,1.0,114.0,0.0,0.0,32.0,0.0,0.0,0.0,13.0
2023-01-01,중랑구,6.0,26.0,10.0,157.0,34.0,0.0,197.0,0.0,0.0,78.0,0.0,0.0,0.0,34.0
2024-01-01,강남구,0.0,38.0,0.0,80.0,10.0,36.0,356.0,29.0,155.0,103.0,82.0,19.0,0.0,43.0
2024-01-01,강동구,0.0,13.0,0.0,38.0,0.0,31.0,219.0,7.0,54.0,59.0,80.0,16.0,0.0,60.0
2024-01-01,강북구,0.0,20.0,0.0,51.0,158.0,1.0,124.0,4.0,101.0,97.0,26.0,8.0,0.0,6.0
2024-01-01,강서구,0.0,39.0,0.0,52.0,9.0,9.0,311.0,11.0,94.0,87.0,104.0,30.0,0.0,20.0
2024-01-01,관악구,0.0,53.0,0.0,307.0,302.0,0.0,381.0,12.0,313.0,155.0,66.0,64.0,0.0,118.0
2024-01-01,광진구,0.0,27.0,0.0,26.0,36.0,14.0,128.0,5.0,80.0,105.0,58.0,10.0,0.0,16.0
2024-01-01,구로구,0.0,31.0,0.0,33.0,3.0,1.0,322.0,15.0,92.0,78.0,40.0,14.0,0.0,13.0
2024-01-01,금천구,0.0,33.0,0.0,12.0,17.0,1.0,134.0,6.0,70.0,60.0,28.0,6.0,0.0,28.0
2024-01-01,노원구,0.0,10.0,0.0,88.0,109.0,0.0,156.0,6.0,138.0,71.0,20.0,12.0,0.0,3.0
2024-01-01,도봉구,0.0,22.0,0.0,33.0,185.0,0.0,90.0,6.0,39.0,43.0,19.0,16.0,0.0,2.0
2024-01-01,동대문구,0.0,20.0,0.0,102.0,5.0,1.0,236.0,10.0,121.0,112.0,35.0,36.0,0.0,52.0
2024-01-01,동작구,0.0,30.0,0.0,79.0,13.0,37.0,270.0,4.0,110.0,65.0,115.0,19.0,0.0,55.0
2024-01-01,마포구,0.0,19.0,0.0,70.0,11.0,42.0,207.0,5.0,90.0,97.0,480.0,22.0,0.0,8.0
2024-01-01,서대문구,0.0,15.0,0.0,22.0,33.0,0.0,152.0,7.0,72.0,102.0,25.0,9.0,0.0,22.0
2024-01-01,서초구,0.0,45.0,0.0,82.0,38.0,82.0,221.0,9.0,95.0,80.0,133.0,17.0,0.0,20.0
2024-01-01,성동구,0.0,71.0,0.0,47.0,0.0,10.0,173.0,1.0,54.0,70.0,43.0,21.0,0.0,19.0
2024-01-01,성북구,0.0,47.0,0.0,89.0,24.0,0.0,205.0,6.0,98.0,90.0,36.0,25.0,0.0,8.0
2024-01-01,송파구,0.0,62.0,0.0,118.0,2.0,72.0,342.0,10.0,188.0,92.0,115.0,37.0,0.0,74.0
2024-01-01,양천구,0.0,27.0,0.0,53.0,1.0,0.0,209.0,11.0,27.0,33.0,12.0,27.0,0.0,50.0
2024-01-01,영등포구,0.0,56.0,0.0,80.0,0.0,36.0,350.0,12.0,185.0,135.0,201.0,37.0,0.0,10.0
2024-01-01,용산구,0.0,18.0,0.0,54.0,0.0,51.0,125.0,6.0,68.0,48.0,127.0,13.0,0.0,11.0
2024-01-01,은평구,0.0,22.0,0.0,68.0,159.0,0.0,190.0,13.0,84.0,92.0,24.0,41.0,0.0,25.0
2024-01-01,종로구,0.0,24.0,0.0,68.0,100.0,0.0,93.0,12.0,38.0,42.0,18.0,9.0,0.0,12.0
2024-01-01,중구,0.0,19.0,0.0,27.0,0.0,0.0,160.0,4.0,25.0,32.0,21.0,12.0,0.0,1.0
2024-01-01,중랑구,0.0,23.0,0.0,53.0,15.0,1.0,178.0,13.0,89.0,55.0,30.0,5.0,0.0,13.0
2025-01-01,강남구,0.0,38.0,0.0,49.0,13.0,53.0,321.0,26.0,88.0,102.0,83.0,8.0,0.0,37.0
2025-01-01,강동구,0.0,18.0,0.0,22.0,3.0,35.0,174.0,7.0,41.0,58.0,64.0,11.0,0.0,15.0
2025-01-01,강북구,0.0,7.0,0.0,41.0,142.0,0.0,96.0,0.0,58.0,25.0,29.0,23.0,0.0,9.0
2025-01-01,강서구,0.0,35.0,0.0,39.0,18.0,29.0,281.0,4.0,96.0,75.0,85.0,16.0,0.0,33.0
2025-01-01,관악구,0.0,25.0,0.0,313.0,200.0,0.0,210.0,10.0,267.0,162.0,69.0,69.0,0.0,137.0
2025-01-01,광진구,0.0,20.0,0.0,29.0,27.0,30.0,177.0,8.0,83.0,104.0,37.0,12.0,0.0,8.0
2025-01-01,구로구,0.0,23.0,0.0,40.0,6.0,2.0,320.0,18.0,103.0,65.0,20.0,13.0,0.0,12.0
2025-01-01,금천구,0.0,43.0,0.0,15.0,19.0,2.0,214.0,6.0,63.0,51.0,30.0,4.0,0.0,23.0
2025-01-01,노원구,0.0,17.0,0.0,31.0,110.0,1.0,143.0,7.0,108.0,53.0,24.0,17.0,0.0,8.0
2025-01-01,도봉구,0.0,3.0,0.0,32.0,123.0,2.0,91.0,3.0,41.0,31.0,9.0,19.0,0.0,8.0
2025-01-01,동대문구,0.0,20.0,0.0,53.0,5.0,1.0,184.0,12.0,110.0,98.0,29.0,21.0,0.0,19.0
2025-01-01,동작구,0.0,20.0,0.0,50.0,3.0,57.0,201.0,11.0,89.0,80.0,92.0,14.0,0.0,36.0
2025-01-01,마포구,0.0,10.0,0.0,29.0,2.0,188.0,154.0,6.0,99.0,77.0,469.0,18.0,0.0,9.0
2025-01-01,서대문구,0.0,28.0,0.0,34.0,27.0,2.0,120.0,6.0,47.0,100.0,20.0,6.0,0.0,15.0
2025-01-01,서초구,0.0,29.0,0.0,53.0,20.0,74.0,206.0,10.0,56.0,64.0,145.0,8.0,0.0,30.0
2025-01-01,성동구,0.0,32.0,0.0,26.0,1.0,27.0,156.0,4.0,60.0,64.0,26.0,21.0,0.0,18.0
2025-01-01,성북구,0.0,19.0,0.0,29.0,24.0,0.0,165.0,2.0,68.0,77.0,13.0,18.0,0.0,8.0
2025-01-01,송파구,0.0,34.0,0.0,51.0,2.0,114.0,307.0,7.0,124.0,96.0,80.0,19.0,0.0,33.0
2025-01-01,양천구,0.0,27.0,0.0,9.0,0.0,0.0,246.0,13.0,28.0,21.0,9.0,21.0,0.0,19.0
2025-01-01,영등포구,0.0,58.0,0.0,48.0,0.0,99.0,388.0,23.0,131.0,120.0,192.0,33.0,0.0,11.0
2025-01-01,용산구,0.0,27.0,0.0,42.0,0.0,58.0,129.0,9.0,46.0,48.0,117.0,24.0,0.0,4.0
2025-01-01,은평구,0.0,20.0,0.0,46.0,111.0,9.0,183.0,10.0,121.0,83.0,32.0,39.0,0.0,84.0
2025-01-01,종로구,0.0,30.0,0.0,49.0,81.0,0.0,103.0,5.0,29.0,70.0,17.0,19.0,0.0,7.0
2025-01-01,중구,0.0,23.0,0.0,45.0,3.0,0.0,115.0,4.0,32.0,60.0,19.0,11.0,0.0,5.0
2025-01-01,중랑구,0.0,16.0,0.0,36.0,20.0,1.0,109.0,6.0,65.0,42.0,13.0,9.0,0.0,7.0
