ds,District,y
2022-01-01,강남구,2601.0
2022-02-01,강남구,2667.0
2022-03-01,강남구,3465.0
2022-04-01,강남구,3048.0
2022-05-01,강남구,3226.0
2022-06-01,강남구,3163.0
2022-07-01,강남구,3614.0
2022-08-01,강남구,3781.0
2022-09-01,강남구,3232.0
2022-10-01,강남구,3093.0
2022-11-01,강남구,3139.0
2022-12-01,강남구,3572.0
2023-01-01,강남구,3012.0
2023-02-01,강남구,2691.0
2023-03-01,강남구,3081.0
2023-04-01,강남구,3259.0
2023-05-01,강남구,3549.0
2023-06-01,강남구,3465.0
2023-07-01,강남구,3688.0
2023-08-01,강남구,3569.0
2023-09-01,강남구,3283.0
2023-10-01,강남구,3187.0
2023-11-01,강남구,2892.0
2023-12-01,강남구,3274.0
2024-01-01,강남구,2882.0
2024-02-01,강남구,2621.0
2024-03-01,강남구,2799.0
2024-04-01,강남구,2980.0
2024-05-01,강남구,3131.0
2024-06-01,강남구,3167.0
2024-07-01,강남구,3471.0
2024-08-01,강남구,3560.0
2024-09-01,강남구,2774.0
2024-10-01,강남구,2670.0
2024-11-01,강남구,2869.0
2024-12-01,강남구,2890.0
2022-01-01,강동구,1844.0
2022-02-01,강동구,2074.0
2022-03-01,강동구,2519.0
2022-04-01,강동구,2037.0
2022-05-01,강동구,1960.0
2022-06-01,강동구,2004.0
2022-07-01,강동구,2258.0
2022-08-01,강동구,2348.0
2022-09-01,강동구,2029.0
2022-10-01,강동구,2084.0
2022-11-01,강동구,2075.0
2022-12-01,강동구,2159.0
2023-01-01,강동구,2035.0
2023-02-01,강동구,1850.0
2023-03-01,강동구,2014.0
2023-04-01,강동구,2097.0
2023-05-01,강동구,2247.0
2023-06-01,강동구,2032.0
2023-07-01,강동구,2283.0
2023-08-01,강동구,2261.0
2023-09-01,강동구,2215.0
2023-10-01,강동구,2006.0
2023-11-01,강동구,1924.0
2023-12-01,강동구,2136.0
2024-01-01,강동구,1876.0
2024-02-01,강동구,1667.0
2024-03-01,강동구,1885.0
2024-04-01,강동구,1971.0
2024-05-01,강동구,2051.0
2024-06-01,강동구,1986.0
2024-07-01,강동구,2032.0
2024-08-01,강동구,2239.0
2024-09-01,강동구,1910.0
2024-10-01,강동구,1801.0
2024-11-01,강동구,1776.0
2024-12-01,강동구,1904.0
2022-01-01,강북구,1637.0
2022-02-01,강북구,1731.0
2022-03-01,강북구,2301.0
2022-04-01,강북구,1830.0
2022-05-01,강북구,1898.0
2022-06-01,강북구,1711.0
2022-07-01,강북구,2035.0
2022-08-01,강북구,2151.0
2022-09-01,강북구,1836.0
2022-10-01,강북구,1750.0
2022-11-01,강북구,1826.0
2022-12-01,강북구,1833.0
2023-01-01,강북구,1817.0
2023-02-01,강북구,1535.0
2023-03-01,강북구,1784.0
2023-04-01,강북구,1710.0
2023-05-01,강북구,1941.0
2023-06-01,강북구,1804.0
2023-07-01,강북구,2038.0
2023-08-01,강북구,1965.0
2023-09-01,강북구,1939.0
2023-10-01,강북구,1806.0
2023-11-01,강북구,1644.0
2023-12-01,강북구,1820.0
2024-01-01,강북구,1743.0
2024-02-01,강북구,1518.0
2024-03-01,강북구,1617.0
2024-04-01,강북구,1714.0
2024-05-01,강북구,1701.0
2024-06-01,강북구,1680.0
2024-07-01,강북구,1845.0
2024-08-01,강북구,1956.0
2024-09-01,강북구,1685.0
2024-10-01,강북구,1552.0
2024-11-01,강북구,1545.0
2024-12-01,강북구,1685.0
2022-01-01,강서구,2547.0
2022-02-01,강서구,2680.0
2022-03-01,강서구,3520.0
2022-04-01,강서구,2820.0
2022-05-01,강서구,2767.0
2022-06-01,강서구,2693.0
2022-07-01,강서구,3134.0
2022-08-01,강서구,3277.0
2022-09-01,강서구,2825.0
2022-10-01,강서구,2906.0
2022-11-01,강서구,2884.0
2022-12-01,강서구,2960.0
2023-01-01,강서구,2799.0
2023-02-01,강서구,2220.0
2023-03-01,강서구,2747.0
2023-04-01,강서구,2882.0
2023-05-01,강서구,3053.0
2023-06-01,강서구,2811.0
2023-07-01,강서구,3145.0
2023-08-01,강서구,3045.0
2023-09-01,강서구,2795.0
2023-10-01,강서구,2767.0
2023-11-01,강서구,2545.0
2023-12-01,강서구,2798.0
2024-01-01,강서구,2478.0
2024-02-01,강서구,2204.0
2024-03-01,강서구,2404.0
2024-04-01,강서구,2419.0
2024-05-01,강서구,2687.0
2024-06-01,강서구,2629.0
2024-07-01,강서구,2857.0
2024-08-01,강서구,2874.0
2024-09-01,강서구,2405.0
2024-10-01,강서구,2430.0
2024-11-01,강서구,2365.0
2024-12-01,강서구,2416.0
2022-01-01,관악구,2360.0
2022-02-01,관악구,2334.0
2022-03-01,관악구,3016.0
2022-04-01,관악구,2550.0
2022-05-01,관악구,2497.0
2022-06-01,관악구,2388.0
2022-07-01,관악구,2743.0
2022-08-01,관악구,3132.0
2022-09-01,관악구,2604.0
2022-10-01,관악구,2576.0
2022-11-01,관악구,2476.0
2022-12-01,관악구,2776.0
2023-01-01,관악구,2510.0
2023-02-01,관악구,2267.0
2023-03-01,관악구,2435.0
2023-04-01,관악구,2533.0
2023-05-01,관악구,2754.0
2023-06-01,관악구,2632.0
2023-07-01,관악구,2647.0
2023-08-01,관악구,2838.0
2023-09-01,관악구,2597.0
2023-10-01,관악구,2557.0
2023-11-01,관악구,2224.0
2023-12-01,관악구,2409.0
2024-01-01,관악구,2245.0
2024-02-01,관악구,2072.0
2024-03-01,관악구,2169.0
2024-04-01,관악구,2083.0
2024-05-01,관악구,2346.0
2024-06-01,관악구,2373.0
2024-07-01,관악구,2564.0
2024-08-01,관악구,2647.0
2024-09-01,관악구,2145.0
2024-10-01,관악구,2190.0
2024-11-01,관악구,2177.0
2024-12-01,관악구,2238.0
2022-01-01,광진구,1539.0
2022-02-01,광진구,1487.0
2022-03-01,광진구,1896.0
2022-04-01,광진구,1769.0
2022-05-01,광진구,1724.0
2022-06-01,광진구,1660.0
2022-07-01,광진구,1856.0
2022-08-01,광진구,1865.0
2022-09-01,광진구,1707.0
2022-10-01,광진구,1641.0
2022-11-01,광진구,1630.0
2022-12-01,광진구,1696.0
2023-01-01,광진구,1584.0
2023-02-01,광진구,1389.0
2023-03-01,광진구,1587.0
2023-04-01,광진구,1699.0
2023-05-01,광진구,1822.0
2023-06-01,광진구,1620.0
2023-07-01,광진구,1854.0
2023-08-01,광진구,1821.0
2023-09-01,광진구,1706.0
2023-10-01,광진구,1639.0
2023-11-01,광진구,1428.0
2023-12-01,광진구,1699.0
2024-01-01,광진구,1499.0
2024-02-01,광진구,1255.0
2024-03-01,광진구,1394.0
2024-04-01,광진구,1405.0
2024-05-01,광진구,1743.0
2024-06-01,광진구,1636.0
2024-07-01,광진구,1577.0
2024-08-01,광진구,1745.0
2024-09-01,광진구,1469.0
2024-10-01,광진구,1459.0
2024-11-01,광진구,1339.0
2024-12-01,광진구,1479.0
2022-01-01,구로구,1919.0
2022-02-01,구로구,1961.0
2022-03-01,구로구,2581.0
2022-04-01,구로구,2140.0
2022-05-01,구로구,2085.0
2022-06-01,구로구,1992.0
2022-07-01,구로구,2270.0
2022-08-01,구로구,2402.0
2022-09-01,구로구,2161.0
2022-10-01,구로구,2124.0
2022-11-01,구로구,2107.0
2022-12-01,구로구,2224.0
2023-01-01,구로구,2053.0
2023-02-01,구로구,1846.0
2023-03-01,구로구,2034.0
2023-04-01,구로구,2056.0
2023-05-01,구로구,2228.0
2023-06-01,구로구,2118.0
2023-07-01,구로구,2491.0
2023-08-01,구로구,2404.0
2023-09-01,구로구,2242.0
2023-10-01,구로구,2161.0
2023-11-01,구로구,1992.0
2023-12-01,구로구,2188.0
2024-01-01,구로구,1880.0
2024-02-01,구로구,1736.0
2024-03-01,구로구,1722.0
2024-04-01,구로구,1962.0
2024-05-01,구로구,1921.0
2024-06-01,구로구,1997.0
2024-07-01,구로구,2196.0
2024-08-01,구로구,2316.0
2024-09-01,구로구,1892.0
2024-10-01,구로구,1796.0
2024-11-01,구로구,1806.0
2024-12-01,구로구,2007.0
2022-01-01,금천구,1195.0
2022-02-01,금천구,1317.0
2022-03-01,금천구,1682.0
2022-04-01,금천구,1415.0
2022-05-01,금천구,1412.0
2022-06-01,금천구,1411.0
2022-07-01,금천구,1531.0
2022-08-01,금천구,1618.0
2022-09-01,금천구,1475.0
2022-10-01,금천구,1302.0
2022-11-01,금천구,1440.0
2022-12-01,금천구,1532.0
2023-01-01,금천구,1297.0
2023-02-01,금천구,1194.0
2023-03-01,금천구,1335.0
2023-04-01,금천구,1449.0
2023-05-01,금천구,1591.0
2023-06-01,금천구,1383.0
2023-07-01,금천구,1506.0
2023-08-01,금천구,1563.0
2023-09-01,금천구,1404.0
2023-10-01,금천구,1347.0
2023-11-01,금천구,1325.0
2023-12-01,금천구,1404.0
2024-01-01,금천구,1292.0
2024-02-01,금천구,1175.0
2024-03-01,금천구,1202.0
2024-04-01,금천구,1264.0
2024-05-01,금천구,1260.0
2024-06-01,금천구,1301.0
2024-07-01,금천구,1407.0
2024-08-01,금천구,1575.0
2024-09-01,금천구,1229.0
2024-10-01,금천구,1202.0
2024-11-01,금천구,1212.0
2024-12-01,금천구,1307.0
2022-01-01,노원구,2038.0
2022-02-01,노원구,2223.0
2022-03-01,노원구,2866.0
2022-04-01,노원구,2340.0
2022-05-01,노원구,2291.0
2022-06-01,노원구,2136.0
2022-07-01,노원구,2525.0
2022-08-01,노원구,2734.0
2022-09-01,노원구,2524.0
2022-10-01,노원구,2297.0
2022-11-01,노원구,2213.0
2022-12-01,노원구,2478.0
2023-01-01,노원구,2298.0
2023-02-01,노원구,2021.0
2023-03-01,노원구,2358.0
2023-04-01,노원구,2437.0
2023-05-01,노원구,2652.0
2023-06-01,노원구,2450.0
2023-07-01,노원구,2642.0
2023-08-01,노원구,2592.0
2023-09-01,노원구,2498.0
2023-10-01,노원구,2232.0
2023-11-01,노원구,2241.0
2023-12-01,노원구,2444.0
2024-01-01,노원구,2326.0
2024-02-01,노원구,1977.0
2024-03-01,노원구,2191.0
2024-04-01,노원구,2157.0
2024-05-01,노원구,2340.0
2024-06-01,노원구,2365.0
2024-07-01,노원구,2431.0
2024-08-01,노원구,2669.0
2024-09-01,노원구,2203.0
2024-10-01,노원구,2246.0
2024-11-01,노원구,1984.0
2024-12-01,노원구,2134.0
2022-01-01,도봉구,1441.0
2022-02-01,도봉구,1481.0
2022-03-01,도봉구,1895.0
2022-04-01,도봉구,1603.0
2022-05-01,도봉구,1483.0
2022-06-01,도봉구,1498.0
2022-07-01,도봉구,1651.0
2022-08-01,도봉구,1955.0
2022-09-01,도봉구,1654.0
2022-10-01,도봉구,1572.0
2022-11-01,도봉구,1534.0
2022-12-01,도봉구,1656.0
2023-01-01,도봉구,1444.0
2023-02-01,도봉구,1361.0
2023-03-01,도봉구,1530.0
2023-04-01,도봉구,1624.0
2023-05-01,도봉구,1608.0
2023-06-01,도봉구,1585.0
2023-07-01,도봉구,1769.0
2023-08-01,도봉구,1765.0
2023-09-01,도봉구,1615.0
2023-10-01,도봉구,1598.0
2023-11-01,도봉구,1393.0
2023-12-01,도봉구,1629.0
2024-01-01,도봉구,1474.0
2024-02-01,도봉구,1357.0
2024-03-01,도봉구,1423.0
2024-04-01,도봉구,1358.0
2024-05-01,도봉구,1562.0
2024-06-01,도봉구,1448.0
2024-07-01,도봉구,1582.0
2024-08-01,도봉구,1811.0
2024-09-01,도봉구,1482.0
2024-10-01,도봉구,1418.0
2024-11-01,도봉구,1274.0
2024-12-01,도봉구,1508.0
2022-01-01,동대문구,1900.0
2022-02-01,동대문구,1786.0
2022-03-01,동대문구,2413.0
2022-04-01,동대문구,2052.0
2022-05-01,동대문구,1958.0
2022-06-01,동대문구,1796.0
2022-07-01,동대문구,2110.0
2022-08-01,동대문구,2176.0
2022-09-01,동대문구,2084.0
2022-10-01,동대문구,1976.0
2022-11-01,동대문구,1889.0
2022-12-01,동대문구,1963.0
2023-01-01,동대문구,1906.0
2023-02-01,동대문구,1647.0
2023-03-01,동대문구,1904.0
2023-04-01,동대문구,1937.0
2023-05-01,동대문구,2174.0
2023-06-01,동대문구,1970.0
2023-07-01,동대문구,2211.0
2023-08-01,동대문구,2318.0
2023-09-01,동대문구,1972.0
2023-10-01,동대문구,1981.0
2023-11-01,동대문구,1790.0
2023-12-01,동대문구,1946.0
2024-01-01,동대문구,1835.0
2024-02-01,동대문구,1623.0
2024-03-01,동대문구,1709.0
2024-04-01,동대문구,1777.0
2024-05-01,동대문구,1936.0
2024-06-01,동대문구,1937.0
2024-07-01,동대문구,2044.0
2024-08-01,동대문구,2057.0
2024-09-01,동대문구,1811.0
2024-10-01,동대문구,1726.0
2024-11-01,동대문구,1739.0
2024-12-01,동대문구,1818.0
2022-01-01,동작구,1574.0
2022-02-01,동작구,1603.0
2022-03-01,동작구,2045.0
2022-04-01,동작구,1827.0
2022-05-01,동작구,1780.0
2022-06-01,동작구,1747.0
2022-07-01,동작구,1936.0
2022-08-01,동작구,2258.0
2022-09-01,동작구,1996.0
2022-10-01,동작구,1824.0
2022-11-01,동작구,1789.0
2022-12-01,동작구,1928.0
2023-01-01,동작구,1702.0
2023-02-01,동작구,1522.0
2023-03-01,동작구,1678.0
2023-04-01,동작구,1797.0
2023-05-01,동작구,1918.0
2023-06-01,동작구,1821.0
2023-07-01,동작구,1945.0
2023-08-01,동작구,1907.0
2023-09-01,동작구,1897.0
2023-10-01,동작구,1780.0
2023-11-01,동작구,1592.0
2023-12-01,동작구,1798.0
2024-01-01,동작구,1635.0
2024-02-01,동작구,1455.0
2024-03-01,동작구,1546.0
2024-04-01,동작구,1618.0
2024-05-01,동작구,1675.0
2024-06-01,동작구,1677.0
2024-07-01,동작구,1825.0
2024-08-01,동작구,1983.0
2024-09-01,동작구,1592.0
2024-10-01,동작구,1569.0
2024-11-01,동작구,1458.0
2024-12-01,동작구,1652.0
2022-01-01,마포구,1907.0
2022-02-01,마포구,1923.0
2022-03-01,마포구,2452.0
2022-04-01,마포구,2233.0
2022-05-01,마포구,2280.0
2022-06-01,마포구,2069.0
2022-07-01,마포구,2564.0
2022-08-01,마포구,2680.0
2022-09-01,마포구,2490.0
2022-10-01,마포구,2320.0
2022-11-01,마포구,2234.0
2022-12-01,마포구,2313.0
2023-01-01,마포구,2227.0
2023-02-01,마포구,2005.0
2023-03-01,마포구,2258.0
2023-04-01,마포구,2460.0
2023-05-01,마포구,2641.0
2023-06-01,마포구,2429.0
2023-07-01,마포구,2622.0
2023-08-01,마포구,2633.0
2023-09-01,마포구,2423.0
2023-10-01,마포구,2325.0
2023-11-01,마포구,2051.0
2023-12-01,마포구,2410.0
2024-01-01,마포구,2042.0
2024-02-01,마포구,1844.0
2024-03-01,마포구,1936.0
2024-04-01,마포구,2063.0
2024-05-01,마포구,2200.0
2024-06-01,마포구,2274.0
2024-07-01,마포구,2346.0
2024-08-01,마포구,2566.0
2024-09-01,마포구,2228.0
2024-10-01,마포구,2013.0
2024-11-01,마포구,1965.0
2024-12-01,마포구,2073.0
2022-01-01,서대문구,1516.0
2022-02-01,서대문구,1466.0
2022-03-01,서대문구,2030.0
2022-04-01,서대문구,1654.0
2022-05-01,서대문구,1639.0
2022-06-01,서대문구,1428.0
2022-07-01,서대문구,1713.0
2022-08-01,서대문구,1775.0
2022-09-01,서대문구,1618.0
2022-10-01,서대문구,1609.0
2022-11-01,서대문구,1519.0
2022-12-01,서대문구,1722.0
2023-01-01,서대문구,1488.0
2023-02-01,서대문구,1325.0
2023-03-01,서대문구,1514.0
2023-04-01,서대문구,1624.0
2023-05-01,서대문구,1781.0
2023-06-01,서대문구,1629.0
2023-07-01,서대문구,1672.0
2023-08-01,서대문구,1753.0
2023-09-01,서대문구,1644.0
2023-10-01,서대문구,1531.0
2023-11-01,서대문구,1567.0
2023-12-01,서대문구,1686.0
2024-01-01,서대문구,1491.0
2024-02-01,서대문구,1309.0
2024-03-01,서대문구,1394.0
2024-04-01,서대문구,1425.0
2024-05-01,서대문구,1613.0
2024-06-01,서대문구,1614.0
2024-07-01,서대문구,1630.0
2024-08-01,서대문구,1670.0
2024-09-01,서대문구,1345.0
2024-10-01,서대문구,1414.0
2024-11-01,서대문구,1396.0
2024-12-01,서대문구,1399.0
2022-01-01,서초구,1829.0
2022-02-01,서초구,1730.0
2022-03-01,서초구,2289.0
2022-04-01,서초구,2073.0
2022-05-01,서초구,2137.0
2022-06-01,서초구,2047.0
2022-07-01,서초구,2520.0
2022-08-01,서초구,2535.0
2022-09-01,서초구,2041.0
2022-10-01,서초구,2105.0
2022-11-01,서초구,2084.0
2022-12-01,서초구,2318.0
2023-01-01,서초구,1961.0
2023-02-01,서초구,1737.0
2023-03-01,서초구,2120.0
2023-04-01,서초구,2080.0
2023-05-01,서초구,2311.0
2023-06-01,서초구,2295.0
2023-07-01,서초구,2445.0
2023-08-01,서초구,2341.0
2023-09-01,서초구,2297.0
2023-10-01,서초구,2061.0
2023-11-01,서초구,1954.0
2023-12-01,서초구,2252.0
2024-01-01,서초구,1949.0
2024-02-01,서초구,1714.0
2024-03-01,서초구,1750.0
2024-04-01,서초구,1833.0
2024-05-01,서초구,1974.0
2024-06-01,서초구,2027.0
2024-07-01,서초구,2232.0
2024-08-01,서초구,2296.0
2024-09-01,서초구,1667.0
2024-10-01,서초구,1832.0
2024-11-01,서초구,1829.0
2024-12-01,서초구,2003.0
2022-01-01,성동구,1310.0
2022-02-01,성동구,1384.0
2022-03-01,성동구,1717.0
2022-04-01,성동구,1438.0
2022-05-01,성동구,1516.0
2022-06-01,성동구,1331.0
2022-07-01,성동구,1651.0
2022-08-01,성동구,1671.0
2022-09-01,성동구,1568.0
2022-10-01,성동구,1361.0
2022-11-01,성동구,1461.0
2022-12-01,성동구,1657.0
2023-01-01,성동구,1435.0
2023-02-01,성동구,1191.0
2023-03-01,성동구,1326.0
2023-04-01,성동구,1436.0
2023-05-01,성동구,1535.0
2023-06-01,성동구,1478.0
2023-07-01,성동구,1551.0
2023-08-01,성동구,1565.0
2023-09-01,성동구,1510.0
2023-10-01,성동구,1440.0
2023-11-01,성동구,1267.0
2023-12-01,성동구,1431.0
2024-01-01,성동구,1348.0
2024-02-01,성동구,1181.0
2024-03-01,성동구,1271.0
2024-04-01,성동구,1250.0
2024-05-01,성동구,1369.0
2024-06-01,성동구,1425.0
2024-07-01,성동구,1494.0
2024-08-01,성동구,1587.0
2024-09-01,성동구,1251.0
2024-10-01,성동구,1277.0
2024-11-01,성동구,1174.0
2024-12-01,성동구,1325.0
2022-01-01,성북구,1838.0
2022-02-01,성북구,1712.0
2022-03-01,성북구,2312.0
2022-04-01,성북구,1948.0
2022-05-01,성북구,1841.0
2022-06-01,성북구,1820.0
2022-07-01,성북구,2038.0
2022-08-01,성북구,2192.0
2022-09-01,성북구,2015.0
2022-10-01,성북구,1968.0
2022-11-01,성북구,1953.0
2022-12-01,성북구,2106.0
2023-01-01,성북구,1995.0
2023-02-01,성북구,1745.0
2023-03-01,성북구,2071.0
2023-04-01,성북구,2074.0
2023-05-01,성북구,2195.0
2023-06-01,성북구,2064.0
2023-07-01,성북구,2250.0
2023-08-01,성북구,2166.0
2023-09-01,성북구,2089.0
2023-10-01,성북구,1961.0
2023-11-01,성북구,1852.0
2023-12-01,성북구,2128.0
2024-01-01,성북구,1917.0
2024-02-01,성북구,1744.0
2024-03-01,성북구,1792.0
2024-04-01,성북구,1917.0
2024-05-01,성북구,2004.0
2024-06-01,성북구,1910.0
2024-07-01,성북구,1999.0
2024-08-01,성북구,2119.0
2024-09-01,성북구,1772.0
2024-10-01,성북구,1680.0
2024-11-01,성북구,1673.0
2024-12-01,성북구,1716.0
2022-01-01,송파구,2439.0
2022-02-01,송파구,2671.0
2022-03-01,송파구,3554.0
2022-04-01,송파구,2958.0
2022-05-01,송파구,2840.0
2022-06-01,송파구,2790.0
2022-07-01,송파구,3331.0
2022-08-01,송파구,3256.0
2022-09-01,송파구,3107.0
2022-10-01,송파구,2743.0
2022-11-01,송파구,2877.0
2022-12-01,송파구,3215.0
2023-01-01,송파구,2703.0
2023-02-01,송파구,2423.0
2023-03-01,송파구,2725.0
2023-04-01,송파구,2921.0
2023-05-01,송파구,3310.0
2023-06-01,송파구,3007.0
2023-07-01,송파구,3237.0
2023-08-01,송파구,3242.0
2023-09-01,송파구,2930.0
2023-10-01,송파구,2835.0
2023-11-01,송파구,2577.0
2023-12-01,송파구,3025.0
2024-01-01,송파구,2675.0
2024-02-01,송파구,2246.0
2024-03-01,송파구,2548.0
2024-04-01,송파구,2576.0
2024-05-01,송파구,2515.0
2024-06-01,송파구,2778.0
2024-07-01,송파구,2862.0
2024-08-01,송파구,3064.0
2024-09-01,송파구,2595.0
2024-10-01,송파구,2427.0
2024-11-01,송파구,2452.0
2024-12-01,송파구,2643.0
2022-01-01,양천구,1626.0
2022-02-01,양천구,1862.0
2022-03-01,양천구,2370.0
2022-04-01,양천구,1876.0
2022-05-01,양천구,1798.0
2022-06-01,양천구,1685.0
2022-07-01,양천구,1984.0
2022-08-01,양천구,2101.0
2022-09-01,양천구,1830.0
2022-10-01,양천구,1718.0
2022-11-01,양천구,1760.0
2022-12-01,양천구,1891.0
2023-01-01,양천구,1752.0
2023-02-01,양천구,1580.0
2023-03-01,양천구,1594.0
2023-04-01,양천구,1708.0
2023-05-01,양천구,1868.0
2023-06-01,양천구,1778.0
2023-07-01,양천구,1904.0
2023-08-01,양천구,2067.0
2023-09-01,양천구,1836.0
2023-10-01,양천구,1717.0
2023-11-01,양천구,1600.0
2023-12-01,양천구,1766.0
2024-01-01,양천구,1719.0
2024-02-01,양천구,1468.0
2024-03-01,양천구,1524.0
2024-04-01,양천구,1563.0
2024-05-01,양천구,1624.0
2024-06-01,양천구,1724.0
2024-07-01,양천구,1893.0
2024-08-01,양천구,1977.0
2024-09-01,양천구,1582.0
2024-10-01,양천구,1501.0
2024-11-01,양천구,1408.0
2024-12-01,양천구,1710.0
2022-01-01,영등포구,2205.0
2022-02-01,영등포구,2229.0
2022-03-01,영등포구,2928.0
2022-04-01,영등포구,2609.0
2022-05-01,영등포구,2613.0
2022-06-01,영등포구,2438.0
2022-07-01,영등포구,2638.0
2022-08-01,영등포구,2781.0
2022-09-01,영등포구,2618.0
2022-10-01,영등포구,2338.0
2022-11-01,영등포구,2333.0
2022-12-01,영등포구,2659.0
2023-01-01,영등포구,2290.0
2023-02-01,영등포구,2154.0
2023-03-01,영등포구,2324.0
2023-04-01,영등포구,2473.0
2023-05-01,영등포구,2595.0
2023-06-01,영등포구,2414.0
2023-07-01,영등포구,2700.0
2023-08-01,영등포구,2794.0
2023-09-01,영등포구,2546.0
2023-10-01,영등포구,2440.0
2023-11-01,영등포구,2327.0
2023-12-01,영등포구,2519.0
2024-01-01,영등포구,2172.0
2024-02-01,영등포구,1942.0
2024-03-01,영등포구,2125.0
2024-04-01,영등포구,2166.0
2024-05-01,영등포구,2258.0
2024-06-01,영등포구,2406.0
2024-07-01,영등포구,2653.0
2024-08-01,영등포구,2638.0
2024-09-01,영등포구,2121.0
2024-10-01,영등포구,2154.0
2024-11-01,영등포구,1949.0
2024-12-01,영등포구,2441.0
2022-01-01,용산구,1260.0
2022-02-01,용산구,1160.0
2022-03-01,용산구,1472.0
2022-04-01,용산구,1496.0
2022-05-01,용산구,1619.0
2022-06-01,용산구,1486.0
2022-07-01,용산구,1741.0
2022-08-01,용산구,1899.0
2022-09-01,용산구,1619.0
2022-10-01,용산구,1826.0
2022-11-01,용산구,1472.0
2022-12-01,용산구,1671.0
2023-01-01,용산구,1303.0
2023-02-01,용산구,1111.0
2023-03-01,용산구,1379.0
2023-04-01,용산구,1411.0
2023-05-01,용산구,1615.0
2023-06-01,용산구,1648.0
2023-07-01,용산구,1636.0
2023-08-01,용산구,1703.0
2023-09-01,용산구,1516.0
2023-10-01,용산구,1537.0
2023-11-01,용산구,1318.0
2023-12-01,용산구,1555.0
2024-01-01,용산구,1308.0
2024-02-01,용산구,1201.0
2024-03-01,용산구,1236.0
2024-04-01,용산구,1288.0
2024-05-01,용산구,1447.0
2024-06-01,용산구,1433.0
2024-07-01,용산구,1549.0
2024-08-01,용산구,1575.0
2024-09-01,용산구,1294.0
2024-10-01,용산구,1361.0
2024-11-01,용산구,1260.0
2024-12-01,용산구,1357.0
2022-01-01,은평구,2026.0
2022-02-01,은평구,2092.0
2022-03-01,은평구,2878.0
2022-04-01,은평구,2163.0
2022-05-01,은평구,2103.0
2022-06-01,은평구,2118.0
2022-07-01,은평구,2387.0
2022-08-01,은평구,2615.0
2022-09-01,은평구,2283.0
2022-10-01,은평구,2279.0
2022-11-01,은평구,2243.0
2022-12-01,은평구,2459.0
2023-01-01,은평구,2345.0
2023-02-01,은평구,1863.0
2023-03-01,은평구,2204.0
2023-04-01,은평구,2295.0
2023-05-01,은평구,2411.0
2023-06-01,은평구,2262.0
2023-07-01,은평구,2373.0
2023-08-01,은평구,2397.0
2023-09-01,은평구,2264.0
2023-10-01,은평구,2234.0
2023-11-01,은평구,2067.0
2023-12-01,은평구,2392.0
2024-01-01,은평구,2103.0
2024-02-01,은평구,1801.0
2024-03-01,은평구,2009.0
2024-04-01,은평구,2042.0
2024-05-01,은평구,2068.0
2024-06-01,은평구,2112.0
2024-07-01,은평구,2204.0
2024-08-01,은평구,2420.0
2024-09-01,은평구,1953.0
2024-10-01,은평구,1967.0
2024-11-01,은평구,1885.0
2024-12-01,은평구,1964.0
2022-01-01,종로구,1172.0
2022-02-01,종로구,1195.0
2022-03-01,종로구,1514.0
2022-04-01,종로구,1362.0
2022-05-01,종로구,1576.0
2022-06-01,종로구,1477.0
2022-07-01,종로구,1700.0
2022-08-01,종로구,1587.0
2022-09-01,종로구,1536.0
2022-10-01,종로구,1560.0
2022-11-01,종로구,1443.0
2022-12-01,종로구,1623.0
2023-01-01,종로구,1433.0
2023-02-01,종로구,1218.0
2023-03-01,종로구,1455.0
2023-04-01,종로구,1423.0
2023-05-01,종로구,1601.0
2023-06-01,종로구,1592.0
2023-07-01,종로구,1698.0
2023-08-01,종로구,1593.0
2023-09-01,종로구,1687.0
2023-10-01,종로구,1476.0
2023-11-01,종로구,1304.0
2023-12-01,종로구,1524.0
2024-01-01,종로구,1348.0
2024-02-01,종로구,1205.0
2024-03-01,종로구,1310.0
2024-04-01,종로구,1407.0
2024-05-01,종로구,1503.0
2024-06-01,종로구,1573.0
2024-07-01,종로구,1456.0
2024-08-01,종로구,1694.0
2024-09-01,종로구,1326.0
2024-10-01,종로구,1285.0
2024-11-01,종로구,1307.0
2024-12-01,종로구,1414.0
2022-01-01,중구,1327.0
2022-02-01,중구,1242.0
2022-03-01,중구,1482.0
2022-04-01,중구,1229.0
2022-05-01,중구,1376.0
2022-06-01,중구,1409.0
2022-07-01,중구,1464.0
2022-08-01,중구,1535.0
2022-09-01,중구,1425.0
2022-10-01,중구,1444.0
2022-11-01,중구,1453.0
2022-12-01,중구,1565.0
2023-01-01,중구,1350.0
2023-02-01,중구,1271.0
2023-03-01,중구,1330.0
2023-04-01,중구,1416.0
2023-05-01,중구,1631.0
2023-06-01,중구,1446.0
2023-07-01,중구,1587.0
2023-08-01,중구,1614.0
2023-09-01,중구,1511.0
2023-10-01,중구,1463.0
2023-11-01,중구,1312.0
2023-12-01,중구,1525.0
2024-01-01,중구,1333.0
2024-02-01,중구,1128.0
2024-03-01,중구,1260.0
2024-04-01,중구,1306.0
2024-05-01,중구,1474.0
2024-06-01,중구,1367.0
2024-07-01,중구,1530.0
2024-08-01,중구,1521.0
2024-09-01,중구,1387.0
2024-10-01,중구,1360.0
2024-11-01,중구,1289.0
2024-12-01,중구,1332.0
2022-01-01,중랑구,1775.0
2022-02-01,중랑구,1823.0
2022-03-01,중랑구,2438.0
2022-04-01,중랑구,2052.0
2022-05-01,중랑구,2110.0
2022-06-01,중랑구,2022.0
2022-07-01,중랑구,2181.0
2022-08-01,중랑구,2316.0
2022-09-01,중랑구,2115.0
2022-10-01,중랑구,2003.0
2022-11-01,중랑구,2058.0
2022-12-01,중랑구,2136.0
2023-01-01,중랑구,2046.0
2023-02-01,중랑구,1873.0
2023-03-01,중랑구,2004.0
2023-04-01,중랑구,2061.0
2023-05-01,중랑구,2206.0
2023-06-01,중랑구,2177.0
2023-07-01,중랑구,2313.0
2023-08-01,중랑구,2375.0
2023-09-01,중랑구,2136.0
2023-10-01,중랑구,2179.0
2023-11-01,중랑구,1854.0
2023-12-01,중랑구,2150.0
2024-01-01,중랑구,1812.0
2024-02-01,중랑구,1677.0
2024-03-01,중랑구,1883.0
2024-04-01,중랑구,1944.0
2024-05-01,중랑구,1899.0
2024-06-01,중랑구,2050.0
2024-07-01,중랑구,2063.0
2024-08-01,중랑구,2232.0
2024-09-01,중랑구,1868.0
2024-10-01,중랑구,1757.0
2024-11-01,중랑구,1652.0
2024-12-01,중랑구,1850.0
