ds,District,y,transport_cnt,transport_person,imputed_zero
2005-01-01,강남구,16577.0,10367.0,10639.0,False
2006-01-01,강남구,16905.0,10701.0,10911.0,False
2007-01-01,강남구,18384.0,11474.0,11731.0,False
2008-01-01,강남구,19178.0,11723.0,12021.0,False
2009-01-01,강남구,20152.0,12223.0,12521.0,False
2010-01-01,강남구,20163.0,12350.0,12573.0,False
2011-01-01,강남구,21335.0,13153.0,13441.0,False
2012-01-01,강남구,22510.0,14874.0,15200.0,False
2013-01-01,강남구,21916.0,14730.0,14978.0,False
2014-01-01,강남구,25671.0,16683.0,16927.0,False
2015-01-01,강남구,26707.0,17129.0,17437.0,False
2016-01-01,강남구,29374.0,17875.0,18183.0,False
2017-01-01,강남구,31590.0,18384.0,18732.0,False
2018-01-01,강남구,32700.0,19089.0,19299.0,False
2019-01-01,강남구,31783.0,18975.0,19300.0,False
2020-01-01,강남구,28419.0,15077.0,15132.0,False
2021-01-01,강남구,35090.0,17974.0,18016.0,False
2022-01-01,강남구,38825.0,18706.0,18717.0,False
2023-01-01,강남구,36950.0,18932.0,18940.0,False
2024-01-01,강남구,33463.0,15113.0,15149.0,False
2025-01-01,강남구,31084.0,14900.0,14942.0,False
2005-01-01,강동구,13404.0,9055.0,9228.0,False
2006-01-01,강동구,13668.0,8898.0,9056.0,False
2007-01-01,강동구,14237.0,9388.0,9558.0,False
2008-01-01,강동구,14978.0,9913.0,10117.0,False
2009-01-01,강동구,16272.0,10748.0,10959.0,False
2010-01-01,강동구,16762.0,11244.0,11443.0,False
2011-01-01,강동구,16816.0,11275.0,11533.0,False
2012-01-01,강동구,17741.0,11920.0,12121.0,False
2013-01-01,강동구,18058.0,11834.0,11940.0,False
2014-01-01,강동구,19589.0,13135.0,13259.0,False
2015-01-01,강동구,19986.0,13545.0,13742.0,False
2016-01-01,강동구,19916.0,12951.0,13113.0,False
2017-01-01,강동구,21482.0,13758.0,13949.0,False
2018-01-01,강동구,20970.0,13880.0,13990.0,False
2019-01-01,강동구,20846.0,13750.0,13894.0,False
2020-01-01,강동구,20312.0,11969.0,11982.0,False
2021-01-01,강동구,24172.0,13480.0,13486.0,False
2022-01-01,강동구,27173.0,15193.0,15199.0,False
2023-01-01,강동구,27298.0,15641.0,15648.0,False
2024-01-01,강동구,25195.0,13299.0,13314.0,False
2025-01-01,강동구,24730.0,13111.0,13160.0,False
2005-01-01,강북구,0.0,0.0,0.0,True
2006-01-01,강북구,0.0,0.0,0.0,True
2007-01-01,강북구,0.0,0.0,0.0,True
2008-01-01,강북구,0.0,0.0,0.0,True
2009-01-01,강북구,0.0,0.0,0.0,True
2010-01-01,강북구,0.0,0.0,0.0,True
2011-01-01,강북구,0.0,0.0,0.0,True
2012-01-01,강북구,10624.0,7670.0,7760.0,False
2013-01-01,강북구,16599.0,12300.0,12387.0,False
2014-01-01,강북구,19364.0,13938.0,14071.0,False
2015-01-01,강북구,18885.0,13199.0,13353.0,False
2016-01-01,강북구,19430.0,13113.0,13248.0,False
2017-01-01,강북구,20602.0,13194.0,13353.0,False
2018-01-01,강북구,21500.0,13709.0,13791.0,False
2019-01-01,강북구,20204.0,13077.0,13154.0,False
2020-01-01,강북구,18729.0,10914.0,10918.0,False
2021-01-01,강북구,22371.0,13161.0,13167.0,False
2022-01-01,강북구,24292.0,14086.0,14094.0,False
2023-01-01,강북구,23890.0,14680.0,14688.0,False
2024-01-01,강북구,23064.0,12483.0,12491.0,False
2025-01-01,강북구,22345.0,11821.0,11838.0,False
2005-01-01,강서구,14046.0,9004.0,9111.0,False
2006-01-01,강서구,15482.0,9867.0,10067.0,False
2007-01-01,강서구,16163.0,10440.0,10595.0,False
2008-01-01,강서구,16742.0,11026.0,11184.0,False
2009-01-01,강서구,17939.0,12086.0,12298.0,False
2010-01-01,강서구,18346.0,12157.0,12357.0,False
2011-01-01,강서구,18064.0,11970.0,12158.0,False
2012-01-01,강서구,19191.0,13309.0,13526.0,False
2013-01-01,강서구,19816.0,13793.0,14033.0,False
2014-01-01,강서구,21752.0,15477.0,15695.0,False
2015-01-01,강서구,22608.0,15758.0,15975.0,False
2016-01-01,강서구,23988.0,16241.0,16427.0,False
2017-01-01,강서구,24947.0,16097.0,16315.0,False
2018-01-01,강서구,26315.0,17157.0,17313.0,False
2019-01-01,강서구,24892.0,16477.0,16631.0,False
2020-01-01,강서구,22721.0,14116.0,14119.0,False
2021-01-01,강서구,26704.0,15706.0,15722.0,False
2022-01-01,강서구,29573.0,15813.0,15818.0,False
2023-01-01,강서구,28855.0,16268.0,16270.0,False
2024-01-01,강서구,26273.0,14135.0,14144.0,False
2025-01-01,강서구,26213.0,14484.0,14523.0,False
2005-01-01,관악구,14956.0,9651.0,9748.0,False
2006-01-01,관악구,15636.0,9969.0,10086.0,False
2007-01-01,관악구,16101.0,10478.0,10612.0,False
2008-01-01,관악구,16372.0,10819.0,10965.0,False
2009-01-01,관악구,17754.0,11982.0,12163.0,False
2010-01-01,관악구,17972.0,11948.0,12108.0,False
2011-01-01,관악구,18009.0,12379.0,12523.0,False
2012-01-01,관악구,20764.0,14642.0,14844.0,False
2013-01-01,관악구,21100.0,14594.0,14705.0,False
2014-01-01,관악구,23311.0,16176.0,16333.0,False
2015-01-01,관악구,24229.0,15916.0,16083.0,False
2016-01-01,관악구,24292.0,16119.0,16279.0,False
2017-01-01,관악구,24577.0,15904.0,16149.0,False
2018-01-01,관악구,25510.0,16396.0,16490.0,False
2019-01-01,관악구,24433.0,15804.0,15942.0,False
2020-01-01,관악구,22432.0,13891.0,13914.0,False
2021-01-01,관악구,25764.0,15403.0,15434.0,False
2022-01-01,관악구,30277.0,17090.0,17100.0,False
2023-01-01,관악구,29084.0,16918.0,16926.0,False
2024-01-01,관악구,25688.0,13402.0,13418.0,False
2025-01-01,관악구,25574.0,12601.0,12615.0,False
2005-01-01,광진구,19974.0,12263.0,12486.0,False
2006-01-01,광진구,21153.0,13199.0,13448.0,False
2007-01-01,광진구,21236.0,14021.0,14246.0,False
2008-01-01,광진구,21885.0,14860.0,15164.0,False
2009-01-01,광진구,23537.0,15708.0,15960.0,False
2010-01-01,광진구,24887.0,16273.0,16557.0,False
2011-01-01,광진구,23922.0,15877.0,16076.0,False
2012-01-01,광진구,24574.0,16787.0,17014.0,False
2013-01-01,광진구,24007.0,16624.0,16813.0,False
2014-01-01,광진구,28067.0,18872.0,19095.0,False
2015-01-01,광진구,28667.0,18866.0,19110.0,False
2016-01-01,광진구,30325.0,19780.0,20060.0,False
2017-01-01,광진구,24348.0,15258.0,15529.0,False
2018-01-01,광진구,16270.0,10098.0,10181.0,False
2019-01-01,광진구,15124.0,9592.0,9698.0,False
2020-01-01,광진구,13709.0,8198.0,8202.0,False
2021-01-01,광진구,16881.0,9937.0,9937.0,False
2022-01-01,광진구,19587.0,11251.0,11251.0,False
2023-01-01,광진구,19387.0,11723.0,11724.0,False
2024-01-01,광진구,17284.0,9007.0,9020.0,False
2025-01-01,광진구,17206.0,8854.0,8866.0,False
2005-01-01,구로구,23060.0,15072.0,15349.0,False
2006-01-01,구로구,24591.0,15957.0,16258.0,False
2007-01-01,구로구,25475.0,16627.0,16951.0,False
2008-01-01,구로구,25664.0,17104.0,17453.0,False
2009-01-01,구로구,27409.0,18316.0,18663.0,False
2010-01-01,구로구,28328.0,19110.0,19470.0,False
2011-01-01,구로구,28577.0,19279.0,19625.0,False
2012-01-01,구로구,29735.0,20558.0,20881.0,False
2013-01-01,구로구,30006.0,20662.0,20935.0,False
2014-01-01,구로구,32825.0,22959.0,23266.0,False
2015-01-01,구로구,34637.0,23805.0,24099.0,False
2016-01-01,구로구,35772.0,24306.0,24630.0,False
2017-01-01,구로구,37521.0,24116.0,24407.0,False
2018-01-01,구로구,38186.0,25280.0,25501.0,False
2019-01-01,구로구,36912.0,23895.0,24152.0,False
2020-01-01,구로구,34286.0,20052.0,20069.0,False
2021-01-01,구로구,39448.0,22117.0,22130.0,False
2022-01-01,구로구,30836.0,17085.0,17100.0,False
2023-01-01,구로구,30238.0,18072.0,18076.0,False
2024-01-01,구로구,27715.0,15346.0,15356.0,False
2025-01-01,구로구,26292.0,14348.0,14373.0,False
2005-01-01,금천구,0.0,0.0,0.0,True
2006-01-01,금천구,0.0,0.0,0.0,True
2007-01-01,금천구,0.0,0.0,0.0,True
2008-01-01,금천구,0.0,0.0,0.0,True
2009-01-01,금천구,0.0,0.0,0.0,True
2010-01-01,금천구,0.0,0.0,0.0,True
2011-01-01,금천구,0.0,0.0,0.0,True
2012-01-01,금천구,0.0,0.0,0.0,True
2013-01-01,금천구,0.0,0.0,0.0,True
2014-01-01,금천구,0.0,0.0,0.0,True
2015-01-01,금천구,0.0,0.0,0.0,True
2016-01-01,금천구,0.0,0.0,0.0,True
2017-01-01,금천구,0.0,0.0,0.0,True
2018-01-01,금천구,0.0,0.0,0.0,True
2019-01-01,금천구,0.0,0.0,0.0,True
2020-01-01,금천구,0.0,0.0,0.0,True
2021-01-01,금천구,0.0,0.0,0.0,True
2022-01-01,금천구,13432.0,6993.0,6999.0,False
2023-01-01,금천구,14146.0,8105.0,8108.0,False
2024-01-01,금천구,12941.0,7035.0,7048.0,False
2025-01-01,금천구,13017.0,6943.0,6951.0,False
2005-01-01,노원구,18535.0,12247.0,12459.0,False
2006-01-01,노원구,18194.0,12588.0,12772.0,False
2007-01-01,노원구,18035.0,12775.0,12940.0,False
2008-01-01,노원구,18828.0,13458.0,13626.0,False
2009-01-01,노원구,20591.0,14506.0,14709.0,False
2010-01-01,노원구,20412.0,14643.0,14825.0,False
2011-01-01,노원구,20307.0,14312.0,14495.0,False
2012-01-01,노원구,20988.0,15181.0,15360.0,False
2013-01-01,노원구,21794.0,15294.0,15405.0,False
2014-01-01,노원구,23714.0,16825.0,16948.0,False
2015-01-01,노원구,25980.0,17585.0,17804.0,False
2016-01-01,노원구,26234.0,17997.0,18200.0,False
2017-01-01,노원구,26132.0,17689.0,17870.0,False
2018-01-01,노원구,26003.0,18080.0,18174.0,False
2019-01-01,노원구,24982.0,17351.0,17471.0,False
2020-01-01,노원구,22863.0,14034.0,14052.0,False
2021-01-01,노원구,24411.0,14535.0,14546.0,False
2022-01-01,노원구,27099.0,16032.0,16035.0,False
2023-01-01,노원구,27780.0,17099.0,17099.0,False
2024-01-01,노원구,25728.0,14069.0,14080.0,False
2025-01-01,노원구,24976.0,13718.0,13738.0,False
2005-01-01,도봉구,21246.0,14267.0,14511.0,False
2006-01-01,도봉구,22003.0,15073.0,15320.0,False
2007-01-01,도봉구,23243.0,16275.0,16542.0,False
2008-01-01,도봉구,24648.0,17158.0,17391.0,False
2009-01-01,도봉구,25854.0,18177.0,18410.0,False
2010-01-01,도봉구,26930.0,18762.0,19000.0,False
2011-01-01,도봉구,26729.0,19083.0,19359.0,False
2012-01-01,도봉구,17990.0,13257.0,13382.0,False
2013-01-01,도봉구,11980.0,8914.0,9005.0,False
2014-01-01,도봉구,13465.0,9802.0,9904.0,False
2015-01-01,도봉구,15637.0,11251.0,11356.0,False
2016-01-01,도봉구,16617.0,11431.0,11522.0,False
2017-01-01,도봉구,16815.0,11368.0,11512.0,False
2018-01-01,도봉구,17084.0,11495.0,11551.0,False
2019-01-01,도봉구,16495.0,10896.0,10963.0,False
2020-01-01,도봉구,15221.0,9367.0,9371.0,False
2021-01-01,도봉구,17521.0,10695.0,10708.0,False
2022-01-01,도봉구,18994.0,11260.0,11282.0,False
2023-01-01,도봉구,19852.0,12057.0,12057.0,False
2024-01-01,도봉구,17641.0,9731.0,9734.0,False
2025-01-01,도봉구,16673.0,9342.0,9354.0,False
2005-01-01,동대문구,13866.0,8575.0,8762.0,False
2006-01-01,동대문구,14416.0,9243.0,9407.0,False
2007-01-01,동대문구,16442.0,10929.0,11090.0,False
2008-01-01,동대문구,16409.0,11118.0,11337.0,False
2009-01-01,동대문구,17569.0,11827.0,12024.0,False
2010-01-01,동대문구,18237.0,12257.0,12437.0,False
2011-01-01,동대문구,18073.0,12189.0,12326.0,False
2012-01-01,동대문구,18574.0,13010.0,13193.0,False
2013-01-01,동대문구,19315.0,13078.0,13194.0,False
2014-01-01,동대문구,20554.0,14172.0,14307.0,False
2015-01-01,동대문구,21555.0,14283.0,14439.0,False
2016-01-01,동대문구,21651.0,14088.0,14257.0,False
2017-01-01,동대문구,22357.0,13988.0,14136.0,False
2018-01-01,동대문구,23001.0,14372.0,14492.0,False
2019-01-01,동대문구,21684.0,13529.0,13628.0,False
2020-01-01,동대문구,19232.0,10538.0,10542.0,False
2021-01-01,동대문구,21241.0,11962.0,11967.0,False
2022-01-01,동대문구,23324.0,12926.0,12928.0,False
2023-01-01,동대문구,23951.0,13835.0,13838.0,False
2024-01-01,동대문구,21936.0,11547.0,11562.0,False
2025-01-01,동대문구,21225.0,11145.0,11162.0,False
2005-01-01,동작구,11241.0,7366.0,7512.0,False
2006-01-01,동작구,11424.0,7749.0,7854.0,False
2007-01-01,동작구,12030.0,8171.0,8317.0,False
2008-01-01,동작구,11836.0,7983.0,8149.0,False
2009-01-01,동작구,12617.0,8609.0,8787.0,False
2010-01-01,동작구,13109.0,8987.0,9103.0,False
2011-01-01,동작구,12874.0,8713.0,8819.0,False
2012-01-01,동작구,12656.0,8567.0,8674.0,False
2013-01-01,동작구,12518.0,8546.0,8651.0,False
2014-01-01,동작구,13812.0,9270.0,9365.0,False
2015-01-01,동작구,15768.0,9994.0,10161.0,False
2016-01-01,동작구,15940.0,10185.0,10321.0,False
2017-01-01,동작구,16766.0,10807.0,10960.0,False
2018-01-01,동작구,17060.0,11202.0,11276.0,False
2019-01-01,동작구,16500.0,10758.0,10839.0,False
2020-01-01,동작구,14053.0,8749.0,8754.0,False
2021-01-01,동작구,15130.0,9078.0,9088.0,False
2022-01-01,동작구,19177.0,10644.0,10649.0,False
2023-01-01,동작구,18270.0,10590.0,10591.0,False
2024-01-01,동작구,16657.0,8776.0,8767.0,False
2025-01-01,동작구,15387.0,8014.0,8032.0,False
2005-01-01,마포구,15760.0,9859.0,10021.0,False
2006-01-01,마포구,16715.0,10582.0,10808.0,False
2007-01-01,마포구,17492.0,11367.0,11644.0,False
2008-01-01,마포구,17466.0,11504.0,11746.0,False
2009-01-01,마포구,19664.0,12872.0,13122.0,False
2010-01-01,마포구,20362.0,13440.0,13756.0,False
2011-01-01,마포구,19470.0,12854.0,13130.0,False
2012-01-01,마포구,21238.0,14100.0,14326.0,False
2013-01-01,마포구,22044.0,14550.0,14727.0,False
2014-01-01,마포구,24278.0,16380.0,16568.0,False
2015-01-01,마포구,25451.0,16582.0,16811.0,False
2016-01-01,마포구,27287.0,17474.0,17661.0,False
2017-01-01,마포구,28073.0,17240.0,17454.0,False
2018-01-01,마포구,28905.0,17778.0,17922.0,False
2019-01-01,마포구,27296.0,16839.0,16994.0,False
2020-01-01,마포구,22939.0,13524.0,13530.0,False
2021-01-01,마포구,27372.0,15180.0,15182.0,False
2022-01-01,마포구,30807.0,15898.0,15899.0,False
2023-01-01,마포구,31187.0,16275.0,16277.0,False
2024-01-01,마포구,27831.0,13066.0,13071.0,False
2025-01-01,마포구,28359.0,13068.0,13093.0,False
2005-01-01,서대문구,0.0,0.0,0.0,True
2006-01-01,서대문구,13278.0,8393.0,8539.0,False
2007-01-01,서대문구,14471.0,9049.0,9191.0,False
2008-01-01,서대문구,14817.0,9116.0,9243.0,False
2009-01-01,서대문구,15213.0,9329.0,9496.0,False
2010-01-01,서대문구,15319.0,9773.0,9933.0,False
2011-01-01,서대문구,15575.0,9797.0,9949.0,False
2012-01-01,서대문구,16049.0,10545.0,10708.0,False
2013-01-01,서대문구,16671.0,11132.0,11310.0,False
2014-01-01,서대문구,18391.0,11909.0,12027.0,False
2015-01-01,서대문구,19130.0,11622.0,11757.0,False
2016-01-01,서대문구,18597.0,11279.0,11390.0,False
2017-01-01,서대문구,19166.0,11170.0,11323.0,False
2018-01-01,서대문구,20973.0,12110.0,12179.0,False
2019-01-01,서대문구,19374.0,11983.0,12107.0,False
2020-01-01,서대문구,17807.0,10444.0,10439.0,False
2021-01-01,서대문구,21134.0,12310.0,12320.0,False
2022-01-01,서대문구,22186.0,12712.0,12720.0,False
2023-01-01,서대문구,21622.0,12974.0,12976.0,False
2024-01-01,서대문구,19630.0,10664.0,10677.0,False
2025-01-01,서대문구,18335.0,9334.0,9353.0,False
2005-01-01,서초구,16444.0,9865.0,10150.0,False
2006-01-01,서초구,17568.0,9935.0,10168.0,False
2007-01-01,서초구,18446.0,10242.0,10502.0,False
2008-01-01,서초구,19201.0,11224.0,11507.0,False
2009-01-01,서초구,20498.0,12342.0,12714.0,False
2010-01-01,서초구,21658.0,12926.0,13251.0,False
2011-01-01,서초구,21001.0,12370.0,12648.0,False
2012-01-01,서초구,21547.0,13141.0,13440.0,False
2013-01-01,서초구,22409.0,13401.0,13682.0,False
2014-01-01,서초구,24334.0,15178.0,15470.0,False
2015-01-01,서초구,24172.0,15247.0,15539.0,False
2016-01-01,서초구,26230.0,16076.0,16404.0,False
2017-01-01,서초구,25681.0,14876.0,15107.0,False
2018-01-01,서초구,26109.0,15602.0,15806.0,False
2019-01-01,서초구,24549.0,14753.0,14998.0,False
2020-01-01,서초구,21023.0,11602.0,11613.0,False
2021-01-01,서초구,24629.0,13653.0,13662.0,False
2022-01-01,서초구,28974.0,15051.0,15056.0,False
2023-01-01,서초구,29554.0,15365.0,15366.0,False
2024-01-01,서초구,27100.0,11952.0,11981.0,False
2025-01-01,서초구,26821.0,11933.0,11962.0,False
2005-01-01,성동구,0.0,0.0,0.0,True
2006-01-01,성동구,0.0,0.0,0.0,True
2007-01-01,성동구,0.0,0.0,0.0,True
2008-01-01,성동구,0.0,0.0,0.0,True
2009-01-01,성동구,0.0,0.0,0.0,True
2010-01-01,성동구,0.0,0.0,0.0,True
2011-01-01,성동구,0.0,0.0,0.0,True
2012-01-01,성동구,0.0,0.0,0.0,True
2013-01-01,성동구,0.0,0.0,0.0,True
2014-01-01,성동구,0.0,0.0,0.0,True
2015-01-01,성동구,0.0,0.0,0.0,True
2016-01-01,성동구,0.0,0.0,0.0,True
2017-01-01,성동구,7359.0,4657.0,4736.0,False
2018-01-01,성동구,16722.0,10543.0,10628.0,False
2019-01-01,성동구,15827.0,10029.0,10111.0,False
2020-01-01,성동구,14476.0,8069.0,8072.0,False
2021-01-01,성동구,16520.0,9163.0,9177.0,False
2022-01-01,성동구,17172.0,9349.0,9360.0,False
2023-01-01,성동구,15970.0,9469.0,9471.0,False
2024-01-01,성동구,14772.0,7238.0,7248.0,False
2025-01-01,성동구,14711.0,7126.0,7136.0,False
2005-01-01,성북구,13765.0,8991.0,9136.0,False
2006-01-01,성북구,14236.0,9240.0,9384.0,False
2007-01-01,성북구,14222.0,9721.0,9913.0,False
2008-01-01,성북구,14862.0,10404.0,10580.0,False
2009-01-01,성북구,15975.0,10924.0,11110.0,False
2010-01-01,성북구,16041.0,10929.0,11045.0,False
2011-01-01,성북구,15700.0,11040.0,11180.0,False
2012-01-01,성북구,16472.0,11821.0,11925.0,False
2013-01-01,성북구,16791.0,11526.0,11626.0,False
2014-01-01,성북구,18673.0,12616.0,12745.0,False
2015-01-01,성북구,19785.0,12944.0,13095.0,False
2016-01-01,성북구,20973.0,13308.0,13461.0,False
2017-01-01,성북구,21663.0,13245.0,13408.0,False
2018-01-01,성북구,21665.0,13388.0,13463.0,False
2019-01-01,성북구,20208.0,13002.0,13088.0,False
2020-01-01,성북구,18201.0,10623.0,10633.0,False
2021-01-01,성북구,19915.0,11598.0,11611.0,False
2022-01-01,성북구,21519.0,12142.0,12148.0,False
2023-01-01,성북구,21602.0,12504.0,12506.0,False
2024-01-01,성북구,20141.0,10657.0,10677.0,False
2025-01-01,성북구,20385.0,11026.0,11040.0,False
2005-01-01,송파구,16578.0,10153.0,10346.0,False
2006-01-01,송파구,17579.0,10874.0,11119.0,False
2007-01-01,송파구,18192.0,11235.0,11479.0,False
2008-01-01,송파구,18917.0,11978.0,12158.0,False
2009-01-01,송파구,21230.0,13854.0,14103.0,False
2010-01-01,송파구,21917.0,14068.0,14320.0,False
2011-01-01,송파구,21121.0,13858.0,14119.0,False
2012-01-01,송파구,21034.0,14564.0,14800.0,False
2013-01-01,송파구,21301.0,14393.0,14572.0,False
2014-01-01,송파구,24519.0,16187.0,16394.0,False
2015-01-01,송파구,25674.0,16581.0,16825.0,False
2016-01-01,송파구,26627.0,17200.0,17415.0,False
2017-01-01,송파구,28166.0,17488.0,17736.0,False
2018-01-01,송파구,28818.0,17545.0,17708.0,False
2019-01-01,송파구,27638.0,17097.0,17296.0,False
2020-01-01,송파구,26002.0,14810.0,14845.0,False
2021-01-01,송파구,29512.0,16839.0,16863.0,False
2022-01-01,송파구,33466.0,17917.0,17931.0,False
2023-01-01,송파구,32155.0,18931.0,18940.0,False
2024-01-01,송파구,29225.0,14650.0,14680.0,False
2025-01-01,송파구,29453.0,14146.0,14177.0,False
2005-01-01,양천구,13106.0,8604.0,8732.0,False
2006-01-01,양천구,13723.0,9177.0,9367.0,False
2007-01-01,양천구,14398.0,9538.0,9756.0,False
2008-01-01,양천구,16439.0,11142.0,11388.0,False
2009-01-01,양천구,17575.0,11888.0,12133.0,False
2010-01-01,양천구,17866.0,12293.0,12493.0,False
2011-01-01,양천구,17229.0,11532.0,11734.0,False
2012-01-01,양천구,17606.0,11982.0,12201.0,False
2013-01-01,양천구,17657.0,12101.0,12266.0,False
2014-01-01,양천구,19515.0,13456.0,13631.0,False
2015-01-01,양천구,21192.0,14253.0,14452.0,False
2016-01-01,양천구,22078.0,14891.0,15081.0,False
2017-01-01,양천구,22597.0,14656.0,14836.0,False
2018-01-01,양천구,23130.0,14951.0,15102.0,False
2019-01-01,양천구,22413.0,14567.0,14699.0,False
2020-01-01,양천구,20749.0,12689.0,12695.0,False
2021-01-01,양천구,24542.0,14650.0,14659.0,False
2022-01-01,양천구,28134.0,15949.0,15953.0,False
2023-01-01,양천구,26401.0,15343.0,15345.0,False
2024-01-01,양천구,23848.0,13211.0,13210.0,False
2025-01-01,양천구,22967.0,13192.0,13224.0,False
2005-01-01,영등포구,15526.0,9452.0,9684.0,False
2006-01-01,영등포구,16446.0,10095.0,10295.0,False
2007-01-01,영등포구,17283.0,10753.0,11026.0,False
2008-01-01,영등포구,18207.0,11367.0,11677.0,False
2009-01-01,영등포구,19151.0,11990.0,12246.0,False
2010-01-01,영등포구,19637.0,12331.0,12631.0,False
2011-01-01,영등포구,19451.0,12099.0,12330.0,False
2012-01-01,영등포구,20866.0,13286.0,13579.0,False
2013-01-01,영등포구,21180.0,13586.0,13796.0,False
2014-01-01,영등포구,23826.0,15095.0,15289.0,False
2015-01-01,영등포구,24842.0,15225.0,15494.0,False
2016-01-01,영등포구,26064.0,15188.0,15392.0,False
2017-01-01,영등포구,26256.0,14865.0,15138.0,False
2018-01-01,영등포구,26676.0,15494.0,15670.0,False
2019-01-01,영등포구,26139.0,14674.0,14842.0,False
2020-01-01,영등포구,23456.0,11335.0,11340.0,False
2021-01-01,영등포구,28347.0,13295.0,13305.0,False
2022-01-01,영등포구,31208.0,14700.0,14707.0,False
2023-01-01,영등포구,29115.0,15167.0,15171.0,False
2024-01-01,영등포구,26554.0,12914.0,12937.0,False
2025-01-01,영등포구,26277.0,12392.0,12425.0,False
2005-01-01,용산구,11588.0,7050.0,7270.0,False
2006-01-01,용산구,12195.0,7362.0,7561.0,False
2007-01-01,용산구,12572.0,7726.0,7938.0,False
2008-01-01,용산구,12258.0,7394.0,7592.0,False
2009-01-01,용산구,13127.0,7853.0,8039.0,False
2010-01-01,용산구,13485.0,8117.0,8306.0,False
2011-01-01,용산구,13765.0,8171.0,8349.0,False
2012-01-01,용산구,13627.0,8266.0,8427.0,False
2013-01-01,용산구,13281.0,8225.0,8344.0,False
2014-01-01,용산구,14989.0,9288.0,9452.0,False
2015-01-01,용산구,15686.0,9459.0,9665.0,False
2016-01-01,용산구,16065.0,9479.0,9644.0,False
2017-01-01,용산구,16885.0,9524.0,9701.0,False
2018-01-01,용산구,16899.0,9675.0,9773.0,False
2019-01-01,용산구,16089.0,9163.0,9259.0,False
2020-01-01,용산구,12981.0,6921.0,6923.0,False
2021-01-01,용산구,14920.0,7676.0,7676.0,False
2022-01-01,용산구,17777.0,8465.0,8465.0,False
2023-01-01,용산구,17007.0,8580.0,8580.0,False
2024-01-01,용산구,15683.0,6560.0,6589.0,False
2025-01-01,용산구,15966.0,6880.0,6903.0,False
2005-01-01,은평구,22744.0,14617.0,14964.0,False
2006-01-01,은평구,13282.0,8400.0,8506.0,False
2007-01-01,은평구,13926.0,8590.0,8698.0,False
2008-01-01,은평구,13576.0,9005.0,9106.0,False
2009-01-01,은평구,14012.0,9510.0,9613.0,False
2010-01-01,은평구,14266.0,9955.0,10066.0,False
2011-01-01,은평구,14621.0,10122.0,10263.0,False
2012-01-01,은평구,15706.0,11261.0,11468.0,False
2013-01-01,은평구,16624.0,11331.0,11475.0,False
2014-01-01,은평구,18690.0,12469.0,12590.0,False
2015-01-01,은평구,19164.0,12725.0,12872.0,False
2016-01-01,은평구,21622.0,14076.0,14222.0,False
2017-01-01,은평구,21652.0,13817.0,13951.0,False
2018-01-01,은평구,22749.0,14660.0,14756.0,False
2019-01-01,은평구,21481.0,14475.0,14578.0,False
2020-01-01,은평구,19944.0,12510.0,12520.0,False
2021-01-01,은평구,22823.0,14227.0,14237.0,False
2022-01-01,은평구,25670.0,15264.0,15272.0,False
2023-01-01,은평구,25613.0,15186.0,15194.0,False
2024-01-01,은평구,23388.0,12752.0,12786.0,False
2025-01-01,은평구,22599.0,12104.0,12126.0,False
2005-01-01,종로구,17277.0,10063.0,10277.0,False
2006-01-01,종로구,14674.0,8704.0,8925.0,False
2007-01-01,종로구,15496.0,8848.0,9058.0,False
2008-01-01,종로구,15814.0,9439.0,9693.0,False
2009-01-01,종로구,16549.0,10049.0,10283.0,False
2010-01-01,종로구,16862.0,10222.0,10435.0,False
2011-01-01,종로구,16900.0,10352.0,10505.0,False
2012-01-01,종로구,16813.0,10688.0,10860.0,False
2013-01-01,종로구,16323.0,10107.0,10247.0,False
2014-01-01,종로구,18609.0,10774.0,10888.0,False
2015-01-01,종로구,18976.0,10894.0,11062.0,False
2016-01-01,종로구,18849.0,10850.0,10980.0,False
2017-01-01,종로구,19299.0,10959.0,11148.0,False
2018-01-01,종로구,20503.0,11469.0,11581.0,False
2019-01-01,종로구,18969.0,10628.0,10746.0,False
2020-01-01,종로구,15441.0,8021.0,8026.0,False
2021-01-01,종로구,17717.0,9013.0,9020.0,False
2022-01-01,종로구,19269.0,9297.0,9303.0,False
2023-01-01,종로구,18363.0,9540.0,9542.0,False
2024-01-01,종로구,17663.0,8175.0,8184.0,False
2025-01-01,종로구,17123.0,7508.0,7516.0,False
2005-01-01,중구,12681.0,7272.0,7401.0,False
2006-01-01,중구,13123.0,7711.0,7841.0,False
2007-01-01,중구,13480.0,8053.0,8187.0,False
2008-01-01,중구,14187.0,8335.0,8525.0,False
2009-01-01,중구,15325.0,9122.0,9266.0,False
2010-01-01,중구,15729.0,9084.0,9220.0,False
2011-01-01,중구,15179.0,9000.0,9137.0,False
2012-01-01,중구,15517.0,9353.0,9493.0,False
2013-01-01,중구,15055.0,9234.0,9338.0,False
2014-01-01,중구,17124.0,10327.0,10465.0,False
2015-01-01,중구,17915.0,10058.0,10193.0,False
2016-01-01,중구,18363.0,10232.0,10344.0,False
2017-01-01,중구,18820.0,10233.0,10385.0,False
2018-01-01,중구,18752.0,10758.0,10831.0,False
2019-01-01,중구,16884.0,9872.0,9957.0,False
2020-01-01,중구,13706.0,7154.0,7157.0,False
2021-01-01,중구,15564.0,8195.0,8203.0,False
2022-01-01,중구,18974.0,9658.0,9665.0,False
2023-01-01,중구,19256.0,10020.0,10021.0,False
2024-01-01,중구,17254.0,7994.0,8017.0,False
2025-01-01,중구,17217.0,8287.0,8303.0,False
2005-01-01,중랑구,13335.0,9282.0,9480.0,False
2006-01-01,중랑구,13841.0,9584.0,9791.0,False
2007-01-01,중랑구,14254.0,10189.0,10430.0,False
2008-01-01,중랑구,13940.0,9991.0,10165.0,False
2009-01-01,중랑구,14891.0,10617.0,10762.0,False
2010-01-01,중랑구,16112.0,11335.0,11493.0,False
2011-01-01,중랑구,15484.0,11131.0,11281.0,False
2012-01-01,중랑구,17353.0,12473.0,12611.0,False
2013-01-01,중랑구,17142.0,12260.0,12400.0,False
2014-01-01,중랑구,19139.0,13836.0,13968.0,False
2015-01-01,중랑구,19665.0,13921.0,14095.0,False
2016-01-01,중랑구,21743.0,15052.0,15220.0,False
2017-01-01,중랑구,22232.0,14923.0,15099.0,False
2018-01-01,중랑구,22907.0,15829.0,15943.0,False
2019-01-01,중랑구,21424.0,14610.0,14721.0,False
2020-01-01,중랑구,19026.0,11823.0,11838.0,False
2021-01-01,중랑구,19719.0,12517.0,12523.0,False
2022-01-01,중랑구,22910.0,14236.0,14244.0,False
2023-01-01,중랑구,24264.0,14681.0,14683.0,False
2024-01-01,중랑구,22148.0,11254.0,11268.0,False
2025-01-01,중랑구,21481.0,10884.0,10906.0,False
